ISO-10303-21;
HEADER;
FILE_DESCRIPTION (( 'STEP AP214' ),
    '1' );
FILE_NAME ('EG1206A.STEP',
    '2023-12-12T05:12:23',
    ( '' ),
    ( '' ),
    'SwSTEP 2.0',
    'SolidWorks 2022',
    '' );
FILE_SCHEMA (( 'AUTOMOTIVE_DESIGN' ));
ENDSEC;

DATA;
#1 = FILL_AREA_STYLE ('',( #6445 ) ) ;
#2 = EDGE_CURVE ( 'NONE', #8403, #5627, #4951, .T. ) ;
#3 = DIRECTION ( 'NONE',  ( -0.000000000000000000, 1.000000000000000000, 0.000000000000000000 ) ) ;
#4 = CARTESIAN_POINT ( 'NONE',  ( 3.458812961348500151E-33, 0.000000000000000000, 5.500000000000000000 ) ) ;
#5 = MECHANICAL_DESIGN_GEOMETRIC_PRESENTATION_REPRESENTATION (  '', ( #6914 ), #3005 ) ;
#6 = VERTEX_POINT ( 'NONE', #8574 ) ;
#7 = DIRECTION ( 'NONE',  ( 0.000000000000000000, -0.000000000000000000, 1.000000000000000000 ) ) ;
#8 = CARTESIAN_POINT ( 'NONE',  ( 4.049999999999999822, 1.300690094324699952, 0.5000000000000000000 ) ) ;
#9 =( GEOMETRIC_REPRESENTATION_CONTEXT ( 3 ) GLOBAL_UNCERTAINTY_ASSIGNED_CONTEXT ( ( #484 ) ) GLOBAL_UNIT_ASSIGNED_CONTEXT ( ( #7722, #1287, #586 ) ) REPRESENTATION_CONTEXT ( 'NONE', 'WORKASPACE' ) );
#10 = FACE_OUTER_BOUND ( 'NONE', #7880, .T. ) ;
#11 = VECTOR ( 'NONE', #2197, 1000.000000000000000 ) ;
#12 = PRESENTATION_STYLE_ASSIGNMENT (( #6638 ) ) ;
#13 = SURFACE_STYLE_FILL_AREA ( #5776 ) ;
#14 = ORIENTED_EDGE ( 'NONE', *, *, #3988, .F. ) ;
#15 = CARTESIAN_POINT ( 'NONE',  ( 2.950000000000000178, -2.799999999999999822, 2.250000000000000444 ) ) ;
#16 = FILL_AREA_STYLE ('',( #813 ) ) ;
#17 = VECTOR ( 'NONE', #8017, 1000.000000000000000 ) ;
#18 = DIRECTION ( 'NONE',  ( 0.7071067811865475727, 0.000000000000000000, -0.7071067811865475727 ) ) ;
#19 = DIRECTION ( 'NONE',  ( 0.000000000000000000, 1.000000000000000000, -0.000000000000000000 ) ) ;
#20 =( NAMED_UNIT ( * ) SI_UNIT ( $, .STERADIAN. ) SOLID_ANGLE_UNIT ( ) );
#21 = DIRECTION ( 'NONE',  ( 0.000000000000000000, 0.000000000000000000, -1.000000000000000000 ) ) ;
#22 =( LENGTH_UNIT ( ) NAMED_UNIT ( * ) SI_UNIT ( .MILLI., .METRE. ) );
#23 = DIRECTION ( 'NONE',  ( -5.163828021512360244E-16, 0.000000000000000000, 1.000000000000000000 ) ) ;
#24 = CARTESIAN_POINT ( 'NONE',  ( -5.933062582922064898, 2.175094501839414107, 5.491030663926138367 ) ) ;
#25 = ORIENTED_EDGE ( 'NONE', *, *, #8925, .T. ) ;
#26 = SURFACE_STYLE_FILL_AREA ( #868 ) ;
#27 = ORIENTED_EDGE ( 'NONE', *, *, #242, .T. ) ;
#28 = ORIENTED_EDGE ( 'NONE', *, *, #6655, .F. ) ;
#29 = CARTESIAN_POINT ( 'NONE',  ( 5.800000000029100100, 2.799999999999999822, 5.163708333923990423 ) ) ;
#30 = ADVANCED_FACE ( 'NONE', ( #6466 ), #9281, .T. ) ;
#31 = FACE_OUTER_BOUND ( 'NONE', #6673, .T. ) ;
#32 = SURFACE_SIDE_STYLE ('',( #5145 ) ) ;
#33 =( NAMED_UNIT ( * ) PLANE_ANGLE_UNIT ( ) SI_UNIT ( $, .RADIAN. ) );
#34 = CIRCLE ( 'NONE', #6507, 0.1000000000000002554 ) ;
#35 = ORIENTED_EDGE ( 'NONE', *, *, #1246, .T. ) ;
#36 = VECTOR ( 'NONE', #891, 1000.000000000000000 ) ;
#37 =( LENGTH_UNIT ( ) NAMED_UNIT ( * ) SI_UNIT ( .MILLI., .METRE. ) );
#38 = ORIENTED_EDGE ( 'NONE', *, *, #6146, .F. ) ;
#39 = SURFACE_SIDE_STYLE ('',( #4971 ) ) ;
#40 = EDGE_CURVE ( 'NONE', #6427, #3088, #2185, .T. ) ;
#41 =( NAMED_UNIT ( * ) SI_UNIT ( $, .STERADIAN. ) SOLID_ANGLE_UNIT ( ) );
#42 = CARTESIAN_POINT ( 'NONE',  ( 5.900000000029100633, -2.199999999979629806, 1.100000000000000089 ) ) ;
#43 = FILL_AREA_STYLE ('',( #2287 ) ) ;
#44 = CARTESIAN_POINT ( 'NONE',  ( -0.2500000000000000000, 0.000000000000000000, 2.000000000000000000 ) ) ;
#45 = ORIENTED_EDGE ( 'NONE', *, *, #8167, .F. ) ;
#46 = ORIENTED_EDGE ( 'NONE', *, *, #2954, .F. ) ;
#47 = AXIS2_PLACEMENT_3D ( 'NONE', #3119, #6749, #5885 ) ;
#48 = DIRECTION ( 'NONE',  ( 1.000000000000000000, 0.000000000000000000, 0.000000000000000000 ) ) ;
#49 = VECTOR ( 'NONE', #5696, 1000.000000000000000 ) ;
#50 = SURFACE_STYLE_USAGE ( .BOTH. , #4320 ) ;
#51 = CARTESIAN_POINT ( 'NONE',  ( -5.577829980359990891, 2.799999999999999822, 4.262348883218679774 ) ) ;
#52 = FILL_AREA_STYLE ('',( #8700 ) ) ;
#53 = CARTESIAN_POINT ( 'NONE',  ( -5.800000000029099212, 2.799999999999999822, 5.400000000000000355 ) ) ;
#54 = ORIENTED_EDGE ( 'NONE', *, *, #6996, .T. ) ;
#55 = EDGE_CURVE ( 'NONE', #3216, #3496, #5743, .T. ) ;
#56 = UNCERTAINTY_MEASURE_WITH_UNIT (LENGTH_MEASURE( 1.000000000000000082E-05 ), #1123, 'distance_accuracy_value', 'NONE');
#57 = DIRECTION ( 'NONE',  ( 1.000000000000000000, 0.000000000000000000, -7.930164461608259947E-17 ) ) ;
#58 = PRESENTATION_STYLE_ASSIGNMENT (( #1556 ) ) ;
#59 = CARTESIAN_POINT ( 'NONE',  ( 5.954088753740116147, -2.312167334379926942, 1.093051007354425064 ) ) ;
#60 = LINE ( 'NONE', #5790, #6384 ) ;
#61 = DIRECTION ( 'NONE',  ( 4.440892098500620245E-16, 0.000000000000000000, 1.000000000000000000 ) ) ;
#62 = AXIS2_PLACEMENT_3D ( 'NONE', #687, #6237, #2847 ) ;
#63 = VERTEX_POINT ( 'NONE', #4927 ) ;
#64 = STYLED_ITEM ( 'NONE', ( #4787 ), #7182 ) ;
#65 = SURFACE_STYLE_FILL_AREA ( #776 ) ;
#66 = ORIENTED_EDGE ( 'NONE', *, *, #7137, .F. ) ;
#67 =( NAMED_UNIT ( * ) PLANE_ANGLE_UNIT ( ) SI_UNIT ( $, .RADIAN. ) );
#68 = DIRECTION ( 'NONE',  ( 0.000000000000000000, 0.000000000000000000, -1.000000000000000000 ) ) ;
#69 = EDGE_CURVE ( 'NONE', #3837, #4961, #6490, .T. ) ;
#70 = EDGE_LOOP ( 'NONE', ( #7998, #5805, #2851, #6652, #3820, #5065, #9195, #5009 ) ) ;
#71 = VERTEX_POINT ( 'NONE', #4353 ) ;
#72 = VECTOR ( 'NONE', #953, 1000.000000000000000 ) ;
#73 = SURFACE_STYLE_USAGE ( .BOTH. , #3874 ) ;
#74 = COLOUR_RGB ( '',0.8313725490196077761, 0.8313725490196077761, 0.8313725490196077761 ) ;
#75 = FACE_OUTER_BOUND ( 'NONE', #8241, .T. ) ;
#76 = SURFACE_STYLE_FILL_AREA ( #877 ) ;
#77 = SURFACE_STYLE_FILL_AREA ( #2243 ) ;
#78 = DIRECTION ( 'NONE',  ( -1.000000000000000000, -0.000000000000000000, -0.000000000000000000 ) ) ;
#80 = AXIS2_PLACEMENT_3D ( 'NONE', #3626, #4224, #5767 ) ;
#79 =( NAMED_UNIT ( * ) PLANE_ANGLE_UNIT ( ) SI_UNIT ( $, .RADIAN. ) );
#81 = ORIENTED_EDGE ( 'NONE', *, *, #3885, .F. ) ;
#82 = ADVANCED_FACE ( 'NONE', ( #5013 ), #8637, .F. ) ;
#83 = ORIENTED_EDGE ( 'NONE', *, *, #7114, .F. ) ;
#84 = ORIENTED_EDGE ( 'NONE', *, *, #4040, .T. ) ;
#85 = FILL_AREA_STYLE_COLOUR ( '', #7190 ) ;
#86 =( LENGTH_UNIT ( ) NAMED_UNIT ( * ) SI_UNIT ( .MILLI., .METRE. ) );
#87 = APPLICATION_CONTEXT ( 'automotive_design' ) ;
#88 = VECTOR ( 'NONE', #9275, 1000.000000000000000 ) ;
#89 =( LENGTH_UNIT ( ) NAMED_UNIT ( * ) SI_UNIT ( .MILLI., .METRE. ) );
#90 = FILL_AREA_STYLE_COLOUR ( '', #542 ) ;
#91 = CARTESIAN_POINT ( 'NONE',  ( 3.000000000000000000, -0.2000000000000000111, 2.000000000000000000 ) ) ;
#92 = SHAPE_REPRESENTATION ( 'EG1206A', ( #432, #1343, #278, #3274, #1915 ), #7480 ) ;
#93 = COLOUR_RGB ( '',0.8313725490196077761, 0.8313725490196077761, 0.8313725490196077761 ) ;
#94 = VERTEX_POINT ( 'NONE', #1452 ) ;
#95 = EDGE_CURVE ( 'NONE', #9127, #8636, #2044, .T. ) ;
#96 = MECHANICAL_DESIGN_GEOMETRIC_PRESENTATION_REPRESENTATION (  '', ( #8500 ), #5190 ) ;
#97 =( LENGTH_UNIT ( ) NAMED_UNIT ( * ) SI_UNIT ( .MILLI., .METRE. ) );
#98 = PRESENTATION_LAYER_ASSIGNMENT (  '', '', ( #1458 ) ) ;
#99 = LINE ( 'NONE', #1464, #7663 ) ;
#100 = CARTESIAN_POINT ( 'NONE',  ( 3.250000000000000444, -2.799999999999999822, 2.250000000000000444 ) ) ;
#101 = DIRECTION ( 'NONE',  ( 0.000000000000000000, 1.000000000000000000, 0.000000000000000000 ) ) ;
#102 = EDGE_CURVE ( 'NONE', #534, #414, #6338, .T. ) ;
#103 = PRESENTATION_STYLE_ASSIGNMENT (( #1505 ) ) ;
#104 = ORIENTED_EDGE ( 'NONE', *, *, #5374, .T. ) ;
#105 = CARTESIAN_POINT ( 'NONE',  ( 6.057966438333060033, -2.099191034116949961, 5.442030276237606934 ) ) ;
#106 = VECTOR ( 'NONE', #4223, 1000.000000000000000 ) ;
#107 = LINE ( 'NONE', #1429, #2077 ) ;
#108 = CARTESIAN_POINT ( 'NONE',  ( -5.900086743527171329, -2.799999999999999822, 5.126379046879570467 ) ) ;
#109 = DIRECTION ( 'NONE',  ( 1.000000000000000000, -0.000000000000000000, -0.000000000000000000 ) ) ;
#110 = DIRECTION ( 'NONE',  ( -0.8164965809277230369, -0.4082482904638700116, -0.4082482904638620180 ) ) ;
#111 = AXIS2_PLACEMENT_3D ( 'NONE', #8435, #9140, #2714 ) ;
#112 = ORIENTED_EDGE ( 'NONE', *, *, #5943, .T. ) ;
#113 =( GEOMETRIC_REPRESENTATION_CONTEXT ( 3 ) GLOBAL_UNCERTAINTY_ASSIGNED_CONTEXT ( ( #6952 ) ) GLOBAL_UNIT_ASSIGNED_CONTEXT ( ( #1266, #3427, #8802 ) ) REPRESENTATION_CONTEXT ( 'NONE', 'WORKASPACE' ) );
#114 = EDGE_LOOP ( 'NONE', ( #3167, #5708, #4303, #5656, #2764, #6854 ) ) ;
#115 = DIRECTION ( 'NONE',  ( -0.000000000000000000, 0.000000000000000000, -1.000000000000000000 ) ) ;
#116 = CARTESIAN_POINT ( 'NONE',  ( 6.000000000029100278, -1.000000000000000000, -3.000000000000000444 ) ) ;
#117 = ORIENTED_EDGE ( 'NONE', *, *, #8612, .F. ) ;
#118 = ORIENTED_EDGE ( 'NONE', *, *, #566, .F. ) ;
#119 = COLOUR_RGB ( '',0.8313725490196077761, 0.8313725490196077761, 0.8313725490196077761 ) ;
#120 =( LENGTH_UNIT ( ) NAMED_UNIT ( * ) SI_UNIT ( .MILLI., .METRE. ) );
#121 =( GEOMETRIC_REPRESENTATION_CONTEXT ( 3 ) GLOBAL_UNCERTAINTY_ASSIGNED_CONTEXT ( ( #2809 ) ) GLOBAL_UNIT_ASSIGNED_CONTEXT ( ( #4647, #5389, #8861 ) ) REPRESENTATION_CONTEXT ( 'NONE', 'WORKASPACE' ) );
#122 = DIRECTION ( 'NONE',  ( -1.000000000000000000, 0.000000000000000000, 0.000000000000000000 ) ) ;
#123 = PRODUCT_DEFINITION_SHAPE ( 'NONE', 'NONE',  #1187 ) ;
#124 = CIRCLE ( 'NONE', #596, 0.1000000000000000333 ) ;
#125 =( NAMED_UNIT ( * ) SI_UNIT ( $, .STERADIAN. ) SOLID_ANGLE_UNIT ( ) );
#126 = COLOUR_RGB ( '',0.7450980392156862919, 0.7372549019607843590, 0.7294117647058823151 ) ;
#127 = DIRECTION ( 'NONE',  ( -0.000000000000000000, 1.000000000000000000, 0.000000000000000000 ) ) ;
#128 =( NAMED_UNIT ( * ) SI_UNIT ( $, .STERADIAN. ) SOLID_ANGLE_UNIT ( ) );
#129 = FILL_AREA_STYLE_COLOUR ( '', #9302 ) ;
#130 = CARTESIAN_POINT ( 'NONE',  ( 3.250000000000000444, -2.799999999999999822, 1.000000000000000000 ) ) ;
#131 = ORIENTED_EDGE ( 'NONE', *, *, #1798, .T. ) ;
#132 = AXIS2_PLACEMENT_3D ( 'NONE', #6244, #6958, #3340 ) ;
#133 = VERTEX_POINT ( 'NONE', #5058 ) ;
#134 =( GEOMETRIC_REPRESENTATION_CONTEXT ( 3 ) GLOBAL_UNCERTAINTY_ASSIGNED_CONTEXT ( ( #7699 ) ) GLOBAL_UNIT_ASSIGNED_CONTEXT ( ( #5811, #5107, #1368 ) ) REPRESENTATION_CONTEXT ( 'NONE', 'WORKASPACE' ) );
#135 = PRESENTATION_STYLE_ASSIGNMENT (( #4354 ) ) ;
#136 = FILL_AREA_STYLE_COLOUR ( '', #6136 ) ;
#137 = UNCERTAINTY_MEASURE_WITH_UNIT (LENGTH_MEASURE( 1.000000000000000082E-05 ), #3815, 'distance_accuracy_value', 'NONE');
#138 = MECHANICAL_DESIGN_GEOMETRIC_PRESENTATION_REPRESENTATION (  '', ( #2376 ), #1629 ) ;
#139 = FILL_AREA_STYLE_COLOUR ( '', #2337 ) ;
#140 = CARTESIAN_POINT ( 'NONE',  ( -5.957735026948062895, 2.257735026898592956, 5.457735026918961729 ) ) ;
#141 = COLOUR_RGB ( '',0.7450980392156862919, 0.7372549019607843590, 0.7294117647058823151 ) ;
#142 = PLANE ( 'NONE',  #3074 ) ;
#143 = LINE ( 'NONE', #6494, #4228 ) ;
#144 =( NAMED_UNIT ( * ) PLANE_ANGLE_UNIT ( ) SI_UNIT ( $, .RADIAN. ) );
#145 =( GEOMETRIC_REPRESENTATION_CONTEXT ( 3 ) GLOBAL_UNCERTAINTY_ASSIGNED_CONTEXT ( ( #6042 ) ) GLOBAL_UNIT_ASSIGNED_CONTEXT ( ( #4378, #9191, #651 ) ) REPRESENTATION_CONTEXT ( 'NONE', 'WORKASPACE' ) );
#146 =( NAMED_UNIT ( * ) SI_UNIT ( $, .STERADIAN. ) SOLID_ANGLE_UNIT ( ) );
#147 = COLOUR_RGB ( '',0.7450980392156862919, 0.7372549019607843590, 0.7294117647058823151 ) ;
#148 = MECHANICAL_DESIGN_GEOMETRIC_PRESENTATION_REPRESENTATION (  '', ( #7951 ), #1349 ) ;
#149 = STYLED_ITEM ( 'NONE', ( #3389 ), #4903 ) ;
#150 =( LENGTH_UNIT ( ) NAMED_UNIT ( * ) SI_UNIT ( .MILLI., .METRE. ) );
#151 =( NAMED_UNIT ( * ) PLANE_ANGLE_UNIT ( ) SI_UNIT ( $, .RADIAN. ) );
#152 = EDGE_CURVE ( 'NONE', #7102, #5379, #9257, .T. ) ;
#153 = DIRECTION ( 'NONE',  ( 0.000000000000000000, 0.000000000000000000, 1.000000000000000000 ) ) ;
#154 =( NAMED_UNIT ( * ) SI_UNIT ( $, .STERADIAN. ) SOLID_ANGLE_UNIT ( ) );
#155 = VERTEX_POINT ( 'NONE', #7939 ) ;
#156 =( NAMED_UNIT ( * ) PLANE_ANGLE_UNIT ( ) SI_UNIT ( $, .RADIAN. ) );
#157 = FACE_OUTER_BOUND ( 'NONE', #2116, .T. ) ;
#158 = SURFACE_STYLE_USAGE ( .BOTH. , #8057 ) ;
#159 = CIRCLE ( 'NONE', #7658, 0.1000000000000000472 ) ;
#160 = VECTOR ( 'NONE', #786, 1000.000000000000000 ) ;
#161 = EDGE_CURVE ( 'NONE', #8570, #5183, #2797, .T. ) ;
#162 =( GEOMETRIC_REPRESENTATION_CONTEXT ( 3 ) GLOBAL_UNCERTAINTY_ASSIGNED_CONTEXT ( ( #2154 ) ) GLOBAL_UNIT_ASSIGNED_CONTEXT ( ( #7038, #9249, #2806 ) ) REPRESENTATION_CONTEXT ( 'NONE', 'WORKASPACE' ) );
#163 = DIRECTION ( 'NONE',  ( 0.000000000000000000, 0.000000000000000000, 1.000000000000000000 ) ) ;
#164 = CARTESIAN_POINT ( 'NONE',  ( 5.900000000029099745, 0.000000000000000000, 5.500000000000000000 ) ) ;
#165 = DIRECTION ( 'NONE',  ( -0.000000000000000000, 0.000000000000000000, -1.000000000000000000 ) ) ;
#166 =( LENGTH_UNIT ( ) NAMED_UNIT ( * ) SI_UNIT ( .MILLI., .METRE. ) );
#167 =( NAMED_UNIT ( * ) SI_UNIT ( $, .STERADIAN. ) SOLID_ANGLE_UNIT ( ) );
#168 = VERTEX_POINT ( 'NONE', #4162 ) ;
#169 = SURFACE_SIDE_STYLE ('',( #6610 ) ) ;
#170 = ORIENTED_EDGE ( 'NONE', *, *, #6785, .T. ) ;
#171 =( LENGTH_UNIT ( ) NAMED_UNIT ( * ) SI_UNIT ( .MILLI., .METRE. ) );
#172 = ORIENTED_EDGE ( 'NONE', *, *, #1540, .F. ) ;
#173 = ADVANCED_FACE ( 'NONE', ( #1492 ), #142, .T. ) ;
#174 = EDGE_CURVE ( 'NONE', #2767, #6991, #7428, .T. ) ;
#175 = CARTESIAN_POINT ( 'NONE',  ( -3.250000000000000888, -1.300690094324699952, 1.000000000000000000 ) ) ;
#176 = LINE ( 'NONE', #4491, #8933 ) ;
#177 =( LENGTH_UNIT ( ) NAMED_UNIT ( * ) SI_UNIT ( .MILLI., .METRE. ) );
#178 = CARTESIAN_POINT ( 'NONE',  ( 0.000000000000000000, 0.000000000000000000, 0.000000000000000000 ) ) ;
#179 = LINE ( 'NONE', #5194, #8472 ) ;
#180 = ORIENTED_EDGE ( 'NONE', *, *, #7995, .T. ) ;
#181 = ORIENTED_EDGE ( 'NONE', *, *, #4278, .F. ) ;
#182 = VECTOR ( 'NONE', #8774, 1000.000000000000000 ) ;
#183 = EDGE_CURVE ( 'NONE', #3745, #6726, #3581, .T. ) ;
#184 = CARTESIAN_POINT ( 'NONE',  ( 6.500000000000001776, 0.000000000000000000, 0.000000000000000000 ) ) ;
#185 = VECTOR ( 'NONE', #5052, 1000.000000000000000 ) ;
#186 = PLANE ( 'NONE',  #3964 ) ;
#187 = CARTESIAN_POINT ( 'NONE',  ( -5.957735026948062895, -2.257735026898592956, 5.457735026918965282 ) ) ;
#188 =( LENGTH_UNIT ( ) NAMED_UNIT ( * ) SI_UNIT ( .MILLI., .METRE. ) );
#189 = DIRECTION ( 'NONE',  ( 0.000000000000000000, 0.000000000000000000, 1.000000000000000000 ) ) ;
#190 = LINE ( 'NONE', #8865, #745 ) ;
#191 = VECTOR ( 'NONE', #6623, 1000.000000000000000 ) ;
#192 =( NAMED_UNIT ( * ) PLANE_ANGLE_UNIT ( ) SI_UNIT ( $, .RADIAN. ) );
#193 = LINE ( 'NONE', #8053, #6312 ) ;
#194 = SURFACE_SIDE_STYLE ('',( #4416 ) ) ;
#195 = PLANE ( 'NONE',  #2992 ) ;
#196 = EDGE_LOOP ( 'NONE', ( #4033, #4748, #3059, #5800 ) ) ;
#197 = SURFACE_STYLE_USAGE ( .BOTH. , #6641 ) ;
#198 = DIRECTION ( 'NONE',  ( -0.000000000000000000, -0.000000000000000000, 1.000000000000000000 ) ) ;
#199 = CARTESIAN_POINT ( 'NONE',  ( -1.899999999999999911, -8.800000000000000711, 4.750000000000000000 ) ) ;
#200 = LINE ( 'NONE', #6020, #1119 ) ;
#201 = CYLINDRICAL_SURFACE ( 'NONE', #6109, 0.5999999999999999778 ) ;
#202 = MECHANICAL_DESIGN_GEOMETRIC_PRESENTATION_REPRESENTATION (  '', ( #666 ), #2446 ) ;
#203 = CARTESIAN_POINT ( 'NONE',  ( -5.808158727511059993, -2.366934131628236404, 5.424094889548324083 ) ) ;
#204 = FILL_AREA_STYLE ('',( #7918 ) ) ;
#205 = LINE ( 'NONE', #1001, #4273 ) ;
#206 = FACE_OUTER_BOUND ( 'NONE', #9096, .T. ) ;
#207 = ORIENTED_EDGE ( 'NONE', *, *, #632, .F. ) ;
#208 = DIRECTION ( 'NONE',  ( 0.000000000000000000, -1.000000000000000000, 0.000000000000000000 ) ) ;
#209 = PRODUCT_RELATED_PRODUCT_CATEGORY ( 'part', '', ( #875 ) ) ;
#210 = EDGE_LOOP ( 'NONE', ( #8793, #2566, #4720, #6187 ) ) ;
#211 = VECTOR ( 'NONE', #3985, 1000.000000000000000 ) ;
#212 = ADVANCED_FACE ( 'NONE', ( #8690 ), #6448, .F. ) ;
#213 = ADVANCED_FACE ( 'NONE', ( #4455 ), #1498, .T. ) ;
#214 = EDGE_LOOP ( 'NONE', ( #2636, #6347, #5831, #5012 ) ) ;
#215 = LINE ( 'NONE', #1701, #6895 ) ;
#216 =( LENGTH_UNIT ( ) NAMED_UNIT ( * ) SI_UNIT ( .MILLI., .METRE. ) );
#217 = MECHANICAL_DESIGN_GEOMETRIC_PRESENTATION_REPRESENTATION (  '', ( #1270 ), #2173 ) ;
#218 = MECHANICAL_DESIGN_GEOMETRIC_PRESENTATION_REPRESENTATION (  '', ( #4103 ), #530 ) ;
#219 = CARTESIAN_POINT ( 'NONE',  ( 5.955718880829583561, -2.146138961327063388, 0.9553400473055161379 ) ) ;
#220 = ADVANCED_FACE ( 'NONE', ( #842 ), #3709, .F. ) ;
#221 =( LENGTH_UNIT ( ) NAMED_UNIT ( * ) SI_UNIT ( .MILLI., .METRE. ) );
#222 = STYLED_ITEM ( 'NONE', ( #1423 ), #785 ) ;
#223 = SURFACE_STYLE_USAGE ( .BOTH. , #6578 ) ;
#224 = EDGE_LOOP ( 'NONE', ( #8995, #8649, #7469, #1516, #8425, #8399, #2640, #1962 ) ) ;
#225 = ORIENTED_EDGE ( 'NONE', *, *, #8473, .F. ) ;
#226 = UNCERTAINTY_MEASURE_WITH_UNIT (LENGTH_MEASURE( 1.000000000000000082E-05 ), #3708, 'distance_accuracy_value', 'NONE');
#227 = DIRECTION ( 'NONE',  ( 0.000000000000000000, -0.000000000000000000, -1.000000000000000000 ) ) ;
#228 = SURFACE_SIDE_STYLE ('',( #512 ) ) ;
#229 = COLOUR_RGB ( '',0.2862745098039215508, 0.2862745098039215508, 0.2862745098039215508 ) ;
#230 = VECTOR ( 'NONE', #8462, 1000.000000000000000 ) ;
#231 = FACE_OUTER_BOUND ( 'NONE', #8448, .T. ) ;
#232 = CARTESIAN_POINT ( 'NONE',  ( -5.957735026948063783, -2.257735026898591624, 5.457735026918964394 ) ) ;
#233 = ADVANCED_FACE ( 'NONE', ( #231 ), #186, .T. ) ;
#234 = EDGE_CURVE ( 'NONE', #9143, #2612, #3930, .T. ) ;
#235 = CARTESIAN_POINT ( 'NONE',  ( 5.800000000029100988, 2.299999999979629894, 3.321173431502630446 ) ) ;
#236 = VERTEX_POINT ( 'NONE', #8138 ) ;
#237 = DIRECTION ( 'NONE',  ( 1.000000000000000000, 0.000000000000000000, 0.000000000000000000 ) ) ;
#238 = SURFACE_SIDE_STYLE ('',( #3101 ) ) ;
#239 = SURFACE_SIDE_STYLE ('',( #6676 ) ) ;
#240 = DIRECTION ( 'NONE',  ( 0.5734623443633283246, 0.8192319205190404796, -0.000000000000000000 ) ) ;
#241 = PRESENTATION_LAYER_ASSIGNMENT (  '', '', ( #2802 ) ) ;
#242 = EDGE_CURVE ( 'NONE', #5379, #7299, #8951, .T. ) ;
#243 = ORIENTED_EDGE ( 'NONE', *, *, #5103, .F. ) ;
#244 = CYLINDRICAL_SURFACE ( 'NONE', #5504, 0.1000000000000000472 ) ;
#245 = CARTESIAN_POINT ( 'NONE',  ( -5.800000000029100100, 2.299999999979629894, 0.000000000000000000 ) ) ;
#246 = DIRECTION ( 'NONE',  ( -1.000000000000000000, -0.000000000000000000, 0.000000000000000000 ) ) ;
#247 = CARTESIAN_POINT ( 'NONE',  ( -2.950000000000000178, 2.299999999979629894, 0.000000000000000000 ) ) ;
#248 = COLOUR_RGB ( '',0.8313725490196077761, 0.8313725490196077761, 0.8313725490196077761 ) ;
#249 =( NAMED_UNIT ( * ) SI_UNIT ( $, .STERADIAN. ) SOLID_ANGLE_UNIT ( ) );
#250 = CARTESIAN_POINT ( 'NONE',  ( -4.049999999999999822, -2.799999999999999822, 2.250000000000000444 ) ) ;
#251 = LINE ( 'NONE', #3946, #72 ) ;
#252 = CARTESIAN_POINT ( 'NONE',  ( 0.000000000000000000, 2.299999999979629894, 2.250000000000000444 ) ) ;
#253 = PRESENTATION_STYLE_ASSIGNMENT (( #8063 ) ) ;
#254 = LINE ( 'NONE', #352, #4338 ) ;
#255 = EDGE_LOOP ( 'NONE', ( #8102, #3983, #3658, #1346, #2276, #9118, #2994, #517, #2854, #7718, #9258, #1852 ) ) ;
#256 = PRESENTATION_STYLE_ASSIGNMENT (( #5882 ) ) ;
#257 = LINE ( 'NONE', #5179, #4327 ) ;
#258 = DIRECTION ( 'NONE',  ( -1.000000000000000000, -0.000000000000000000, -0.000000000000000000 ) ) ;
#259 = ORIENTED_EDGE ( 'NONE', *, *, #9036, .T. ) ;
#260 = DIRECTION ( 'NONE',  ( 1.000000000000000000, 2.386506727942370021E-16, 0.000000000000000000 ) ) ;
#261 = SURFACE_SIDE_STYLE ('',( #3845 ) ) ;
#262 = FACE_OUTER_BOUND ( 'NONE', #5750, .T. ) ;
#263 = VECTOR ( 'NONE', #5610, 1000.000000000000000 ) ;
#264 = COLOUR_RGB ( '',0.7294117647058823151, 0.5176470588235293491, 0.3058823529411764941 ) ;
#265 = EDGE_CURVE ( 'NONE', #401, #1216, #328, .T. ) ;
#266 = CARTESIAN_POINT ( 'NONE',  ( 5.800000000029100100, -2.799999999999999822, 6.000000000000000000 ) ) ;
#267 = CYLINDRICAL_SURFACE ( 'NONE', #7301, 0.1000000000000000472 ) ;
#268 = FILL_AREA_STYLE_COLOUR ( '', #1820 ) ;
#269 = CARTESIAN_POINT ( 'NONE',  ( 0.000000000000000000, 3.000000000000000000, 0.000000000000000000 ) ) ;
#270 = COLOUR_RGB ( '',0.2862745098039215508, 0.2862745098039215508, 0.2862745098039215508 ) ;
#271 = ORIENTED_EDGE ( 'NONE', *, *, #102, .F. ) ;
#272 = PRESENTATION_LAYER_ASSIGNMENT (  '', '', ( #6107 ) ) ;
#273 = ORIENTED_EDGE ( 'NONE', *, *, #8040, .F. ) ;
#274 = CARTESIAN_POINT ( 'NONE',  ( 0.000000000000000000, 2.799999999999999822, 0.000000000000000000 ) ) ;
#275 = ADVANCED_FACE ( 'NONE', ( #1632 ), #5338, .T. ) ;
#276 =( NAMED_UNIT ( * ) PLANE_ANGLE_UNIT ( ) SI_UNIT ( $, .RADIAN. ) );
#277 =( NAMED_UNIT ( * ) PLANE_ANGLE_UNIT ( ) SI_UNIT ( $, .RADIAN. ) );
#278 = AXIS2_PLACEMENT_3D ( 'NONE', #5377, #6761, #4011 ) ;
#279 = LINE ( 'NONE', #3520, #6465 ) ;
#280 = SURFACE_STYLE_USAGE ( .BOTH. , #5290 ) ;
#281 = MECHANICAL_DESIGN_GEOMETRIC_PRESENTATION_REPRESENTATION (  '', ( #8089 ), #4163 ) ;
#282 = FILL_AREA_STYLE ('',( #1720 ) ) ;
#283 = SURFACE_STYLE_FILL_AREA ( #4650 ) ;
#284 = EDGE_CURVE ( 'NONE', #8756, #5561, #4423, .T. ) ;
#285 = EDGE_CURVE ( 'NONE', #6055, #3069, #3864, .T. ) ;
#286 = CIRCLE ( 'NONE', #2239, 0.1000000000000000472 ) ;
#287 = DIRECTION ( 'NONE',  ( -0.000000000000000000, -0.000000000000000000, 1.000000000000000000 ) ) ;
#288 = DIRECTION ( 'NONE',  ( -0.8192319205190404796, 0.5734623443633283246, 3.875838667619851961E-16 ) ) ;
#289 = SURFACE_SIDE_STYLE ('',( #6734 ) ) ;
#290 = ORIENTED_EDGE ( 'NONE', *, *, #2460, .T. ) ;
#291 =( NAMED_UNIT ( * ) SI_UNIT ( $, .STERADIAN. ) SOLID_ANGLE_UNIT ( ) );
#292 = LINE ( 'NONE', #3808, #7136 ) ;
#293 = CARTESIAN_POINT ( 'NONE',  ( -3.250000000000000444, -0.2000000000000000111, 2.000000000000000000 ) ) ;
#294 = DIRECTION ( 'NONE',  ( 1.000000000000000000, -0.000000000000000000, 0.000000000000000000 ) ) ;
#295 = COLOUR_RGB ( '',0.7450980392156862919, 0.7372549019607843590, 0.7294117647058823151 ) ;
#296 = AXIS2_PLACEMENT_3D ( 'NONE', #9075, #8372, #5556 ) ;
#297 = STYLED_ITEM ( 'NONE', ( #9285 ), #4590 ) ;
#298 = DIRECTION ( 'NONE',  ( 2.220446049250310123E-16, 0.000000000000000000, 1.000000000000000000 ) ) ;
#299 = PRESENTATION_STYLE_ASSIGNMENT (( #6742 ) ) ;
#300 = CARTESIAN_POINT ( 'NONE',  ( -1.455502385283580023E-12, -2.099999999979630161, 4.750000000000000000 ) ) ;
#301 = DIRECTION ( 'NONE',  ( 0.000000000000000000, 0.000000000000000000, 1.000000000000000000 ) ) ;
#302 = CARTESIAN_POINT ( 'NONE',  ( -3.250000000000000888, 1.300690094324699730, 1.000000000000000000 ) ) ;
#303 = PRESENTATION_LAYER_ASSIGNMENT (  '', '', ( #4642 ) ) ;
#304 = MECHANICAL_DESIGN_GEOMETRIC_PRESENTATION_REPRESENTATION (  '', ( #8551 ), #3008 ) ;
#305 = PLANE ( 'NONE',  #2111 ) ;
#306 = LINE ( 'NONE', #3162, #7586 ) ;
#307 =( NAMED_UNIT ( * ) PLANE_ANGLE_UNIT ( ) SI_UNIT ( $, .RADIAN. ) );
#308 = EDGE_LOOP ( 'NONE', ( #2941, #5429, #5933, #847, #2463 ) ) ;
#309 = SURFACE_STYLE_FILL_AREA ( #5178 ) ;
#310 = PRESENTATION_LAYER_ASSIGNMENT (  '', '', ( #8843 ) ) ;
#311 = CARTESIAN_POINT ( 'NONE',  ( -5.800000000029100100, -2.799999999999999822, 5.163708333923990423 ) ) ;
#312 = VERTEX_POINT ( 'NONE', #1054 ) ;
#313 = DIRECTION ( 'NONE',  ( -0.000000000000000000, 0.000000000000000000, -1.000000000000000000 ) ) ;
#314 = DIRECTION ( 'NONE',  ( -0.000000000000000000, -1.000000000000000000, 0.000000000000000000 ) ) ;
#315 = CARTESIAN_POINT ( 'NONE',  ( 5.800000000029100100, 3.441945830445349852, 6.000000000000000000 ) ) ;
#316 = AXIS2_PLACEMENT_3D ( 'NONE', #315, #9033, #4055 ) ;
#317 = DIRECTION ( 'NONE',  ( 0.000000000000000000, -0.000000000000000000, -1.000000000000000000 ) ) ;
#318 = LINE ( 'NONE', #5993, #3241 ) ;
#319 = ORIENTED_EDGE ( 'NONE', *, *, #7114, .T. ) ;
#320 = CARTESIAN_POINT ( 'NONE',  ( 3.249999999999999556, 2.299999999979629894, 2.250000000000000444 ) ) ;
#321 = ORIENTED_EDGE ( 'NONE', *, *, #1591, .T. ) ;
#322 = ORIENTED_EDGE ( 'NONE', *, *, #5768, .F. ) ;
#323 = EDGE_CURVE ( 'NONE', #5561, #8777, #2186, .T. ) ;
#324 = STYLED_ITEM ( 'NONE', ( #5308 ), #3944 ) ;
#325 = SURFACE_STYLE_USAGE ( .BOTH. , #1713 ) ;
#326 = UNCERTAINTY_MEASURE_WITH_UNIT (LENGTH_MEASURE( 1.000000000000000082E-05 ), #6668, 'distance_accuracy_value', 'NONE');
#327 = CARTESIAN_POINT ( 'NONE',  ( -4.049999999999999822, -2.799999999999999822, 1.000000000000000000 ) ) ;
#328 = LINE ( 'NONE', #8902, #1567 ) ;
#329 = CARTESIAN_POINT ( 'NONE',  ( -5.924094889577424361, -2.366934131628236404, 1.191841272518040507 ) ) ;
#330 = AXIS2_PLACEMENT_3D ( 'NONE', #5154, #4405, #5112 ) ;
#331 = ADVANCED_FACE ( 'NONE', ( #8233 ), #3115, .F. ) ;
#332 = ORIENTED_EDGE ( 'NONE', *, *, #6006, .F. ) ;
#333 =( NAMED_UNIT ( * ) SI_UNIT ( $, .STERADIAN. ) SOLID_ANGLE_UNIT ( ) );
#334 =( NAMED_UNIT ( * ) SI_UNIT ( $, .STERADIAN. ) SOLID_ANGLE_UNIT ( ) );
#335 = EDGE_CURVE ( 'NONE', #7792, #5738, #6837, .T. ) ;
#336 = VECTOR ( 'NONE', #1086, 1000.000000000000000 ) ;
#337 = SURFACE_STYLE_FILL_AREA ( #6154 ) ;
#338 =( LENGTH_UNIT ( ) NAMED_UNIT ( * ) SI_UNIT ( .MILLI., .METRE. ) );
#339 = ORIENTED_EDGE ( 'NONE', *, *, #1470, .T. ) ;
#340 = PRESENTATION_STYLE_ASSIGNMENT (( #5347 ) ) ;
#341 = CARTESIAN_POINT ( 'NONE',  ( 1.824999999999999956, 2.799999999999999822, 1.100000000000000089 ) ) ;
#342 = CARTESIAN_POINT ( 'NONE',  ( -5.900000000029099745, -2.299999999979629894, 0.000000000000000000 ) ) ;
#343 = EDGE_CURVE ( 'NONE', #1028, #3615, #306, .T. ) ;
#344 = ADVANCED_FACE ( 'NONE', ( #453 ), #4705, .F. ) ;
#345 = SURFACE_SIDE_STYLE ('',( #5218 ) ) ;
#346 = DIRECTION ( 'NONE',  ( 0.000000000000000000, 1.000000000000000000, -0.000000000000000000 ) ) ;
#347 = CARTESIAN_POINT ( 'NONE',  ( -5.900000000029098857, 2.199999999979629806, 5.400000000000001243 ) ) ;
#348 =( NAMED_UNIT ( * ) SI_UNIT ( $, .STERADIAN. ) SOLID_ANGLE_UNIT ( ) );
#349 = CARTESIAN_POINT ( 'NONE',  ( -5.800000000029100100, 2.200000000000000178, 6.000000000000000000 ) ) ;
#350 = CIRCLE ( 'NONE', #1538, 0.1000000000000002554 ) ;
#351 = CIRCLE ( 'NONE', #6508, 0.1000000000000002554 ) ;
#352 = CARTESIAN_POINT ( 'NONE',  ( 0.2500000000000000000, 0.2000000000000000111, -3.000000000000000000 ) ) ;
#353 = CARTESIAN_POINT ( 'NONE',  ( 6.000000000029100278, -2.199999999979629806, 5.400000000000000355 ) ) ;
#354 = ORIENTED_EDGE ( 'NONE', *, *, #9037, .F. ) ;
#355 = UNCERTAINTY_MEASURE_WITH_UNIT (LENGTH_MEASURE( 1.000000000000000082E-05 ), #5424, 'distance_accuracy_value', 'NONE');
#356 = EDGE_CURVE ( 'NONE', #7297, #3133, #2155, .T. ) ;
#357 = PRESENTATION_STYLE_ASSIGNMENT (( #4671 ) ) ;
#358 = DIRECTION ( 'NONE',  ( -3.330669073875470114E-16, 0.000000000000000000, -1.000000000000000000 ) ) ;
#359 = FILL_AREA_STYLE ('',( #6798 ) ) ;
#360 = CARTESIAN_POINT ( 'NONE',  ( 6.500000000000001776, -1.000000000000000000, 0.000000000000000000 ) ) ;
#361 = VECTOR ( 'NONE', #543, 1000.000000000000000 ) ;
#362 = CARTESIAN_POINT ( 'NONE',  ( 5.934165146415342207, -2.257735026898592512, 1.018695092548314696 ) ) ;
#363 = DIRECTION ( 'NONE',  ( 0.000000000000000000, 0.000000000000000000, 1.000000000000000000 ) ) ;
#364 = CARTESIAN_POINT ( 'NONE',  ( 0.000000000000000000, 3.000000000000000000, 0.000000000000000000 ) ) ;
#365 = ORIENTED_EDGE ( 'NONE', *, *, #2280, .F. ) ;
#366 = ORIENTED_EDGE ( 'NONE', *, *, #3445, .T. ) ;
#367 = STYLED_ITEM ( 'NONE', ( #6775 ), #7162 ) ;
#368 = FACE_OUTER_BOUND ( 'NONE', #2275, .T. ) ;
#369 = UNCERTAINTY_MEASURE_WITH_UNIT (LENGTH_MEASURE( 1.000000000000000082E-05 ), #5874, 'distance_accuracy_value', 'NONE');
#370 = UNCERTAINTY_MEASURE_WITH_UNIT (LENGTH_MEASURE( 1.000000000000000082E-05 ), #221, 'distance_accuracy_value', 'NONE');
#371 = CARTESIAN_POINT ( 'NONE',  ( 2.950000000000001066, 2.299999999979629894, 1.000000000000000000 ) ) ;
#372 = SURFACE_STYLE_FILL_AREA ( #4548 ) ;
#373 = CARTESIAN_POINT ( 'NONE',  ( -5.957735026948062895, -2.257735026898592512, 1.042264973081037160 ) ) ;
#374 = FILL_AREA_STYLE ('',( #8525 ) ) ;
#375 = VECTOR ( 'NONE', #7566, 1000.000000000000000 ) ;
#376 =( LENGTH_UNIT ( ) NAMED_UNIT ( * ) SI_UNIT ( .MILLI., .METRE. ) );
#377 = SURFACE_SIDE_STYLE ('',( #6957 ) ) ;
#378 = EDGE_LOOP ( 'NONE', ( #8340, #497, #514, #6088 ) ) ;
#379 = SURFACE_STYLE_USAGE ( .BOTH. , #7327 ) ;
#380 =( GEOMETRIC_REPRESENTATION_CONTEXT ( 3 ) GLOBAL_UNCERTAINTY_ASSIGNED_CONTEXT ( ( #2222 ) ) GLOBAL_UNIT_ASSIGNED_CONTEXT ( ( #2962, #2165, #753 ) ) REPRESENTATION_CONTEXT ( 'NONE', 'WORKASPACE' ) );
#381 = VECTOR ( 'NONE', #198, 1000.000000000000000 ) ;
#382 = CARTESIAN_POINT ( 'NONE',  ( -0.1499999999999999944, -0.2000000000000000389, -2.899999999999999911 ) ) ;
#383 = DIRECTION ( 'NONE',  ( 0.000000000000000000, -0.000000000000000000, 1.000000000000000000 ) ) ;
#384 = CARTESIAN_POINT ( 'NONE',  ( -1.550000000000000266, -8.300000000000000711, 4.750000000000000000 ) ) ;
#385 = LINE ( 'NONE', #7476, #9224 ) ;
#386 = EDGE_LOOP ( 'NONE', ( #7251, #6802, #8583, #7024 ) ) ;
#387 = EDGE_CURVE ( 'NONE', #473, #6570, #2785, .T. ) ;
#388 = FILL_AREA_STYLE_COLOUR ( '', #4527 ) ;
#389 = PRESENTATION_LAYER_ASSIGNMENT (  '', '', ( #5320 ) ) ;
#390 = MECHANICAL_DESIGN_GEOMETRIC_PRESENTATION_REPRESENTATION (  '', ( #4722 ), #1862 ) ;
#391 = CARTESIAN_POINT ( 'NONE',  ( -4.049999999999999822, -2.799999999999999822, 2.250000000000000444 ) ) ;
#392 = MECHANICAL_DESIGN_GEOMETRIC_PRESENTATION_REPRESENTATION (  '', ( #9247 ), #1576 ) ;
#393 = LINE ( 'NONE', #7482, #3440 ) ;
#394 = ADVANCED_FACE ( 'NONE', ( #2647 ), #8466, .T. ) ;
#395 = FILL_AREA_STYLE_COLOUR ( '', #7942 ) ;
#396 = PRESENTATION_LAYER_ASSIGNMENT (  '', '', ( #3397 ) ) ;
#397 = FACE_OUTER_BOUND ( 'NONE', #3204, .T. ) ;
#398 = DIRECTION ( 'NONE',  ( -1.000000000000000000, 0.000000000000000000, 5.163828021512360244E-16 ) ) ;
#399 = CARTESIAN_POINT ( 'NONE',  ( -2.950000000000000178, -8.300000000000000711, 4.750000000000001776 ) ) ;
#400 = DIRECTION ( 'NONE',  ( -0.8589202801446145230, 0.000000000000000000, 0.5121093168028647558 ) ) ;
#401 = VERTEX_POINT ( 'NONE', #5646 ) ;
#402 =( LENGTH_UNIT ( ) NAMED_UNIT ( * ) SI_UNIT ( .MILLI., .METRE. ) );
#403 = CARTESIAN_POINT ( 'NONE',  ( -5.957735026948062007, 2.257735026898592068, 1.042264973081036716 ) ) ;
#404 = CARTESIAN_POINT ( 'NONE',  ( -5.800000000029109870, -2.200000000000000178, 6.000000000000000000 ) ) ;
#405 = PRESENTATION_LAYER_ASSIGNMENT (  '', '', ( #8500 ) ) ;
#406 = EDGE_LOOP ( 'NONE', ( #4417, #4049, #2960, #6946, #4112, #7150, #655, #2151 ) ) ;
#407 = UNCERTAINTY_MEASURE_WITH_UNIT (LENGTH_MEASURE( 1.000000000000000082E-05 ), #4827, 'distance_accuracy_value', 'NONE');
#408 = SURFACE_SIDE_STYLE ('',( #8288 ) ) ;
#409 = DIRECTION ( 'NONE',  ( 3.258037661043880123E-16, 0.000000000000000000, 1.000000000000000000 ) ) ;
#410 = EDGE_CURVE ( 'NONE', #1827, #9025, #1340, .T. ) ;
#411 = PRESENTATION_LAYER_ASSIGNMENT (  '', '', ( #2966 ) ) ;
#412 = FILL_AREA_STYLE_COLOUR ( '', #3578 ) ;
#413 = LINE ( 'NONE', #1705, #7290 ) ;
#414 = VERTEX_POINT ( 'NONE', #7723 ) ;
#415 = CARTESIAN_POINT ( 'NONE',  ( -6.000000000029100278, 2.199999999979629806, 2.250000000000000444 ) ) ;
#416 = APPLICATION_PROTOCOL_DEFINITION ( 'draft international standard', 'automotive_design', 1998, #2482 ) ;
#417 = ORIENTED_EDGE ( 'NONE', *, *, #7015, .F. ) ;
#418 = ORIENTED_EDGE ( 'NONE', *, *, #7015, .T. ) ;
#419 = UNCERTAINTY_MEASURE_WITH_UNIT (LENGTH_MEASURE( 1.000000000000000082E-05 ), #472, 'distance_accuracy_value', 'NONE');
#420 = PLANE ( 'NONE',  #4498 ) ;
#421 =( LENGTH_UNIT ( ) NAMED_UNIT ( * ) SI_UNIT ( .MILLI., .METRE. ) );
#422 =( LENGTH_UNIT ( ) NAMED_UNIT ( * ) SI_UNIT ( .MILLI., .METRE. ) );
#423 = DIRECTION ( 'NONE',  ( 0.000000000000000000, 0.000000000000000000, 1.000000000000000000 ) ) ;
#424 = PRESENTATION_LAYER_ASSIGNMENT (  '', '', ( #5960 ) ) ;
#425 = PRESENTATION_LAYER_ASSIGNMENT (  '', '', ( #4460 ) ) ;
#426 = ORIENTED_EDGE ( 'NONE', *, *, #4482, .T. ) ;
#427 =( NAMED_UNIT ( * ) PLANE_ANGLE_UNIT ( ) SI_UNIT ( $, .RADIAN. ) );
#428 = ORIENTED_EDGE ( 'NONE', *, *, #985, .F. ) ;
#429 =( GEOMETRIC_REPRESENTATION_CONTEXT ( 3 ) GLOBAL_UNCERTAINTY_ASSIGNED_CONTEXT ( ( #4780 ) ) GLOBAL_UNIT_ASSIGNED_CONTEXT ( ( #7247, #8652, #5744 ) ) REPRESENTATION_CONTEXT ( 'NONE', 'WORKASPACE' ) );
#430 = CARTESIAN_POINT ( 'NONE',  ( 0.000000000000000000, 0.000000000000000000, -3.000000000000000000 ) ) ;
#431 =( GEOMETRIC_REPRESENTATION_CONTEXT ( 3 ) GLOBAL_UNCERTAINTY_ASSIGNED_CONTEXT ( ( #5381 ) ) GLOBAL_UNIT_ASSIGNED_CONTEXT ( ( #3254, #3311, #9184 ) ) REPRESENTATION_CONTEXT ( 'NONE', 'WORKASPACE' ) );
#432 = AXIS2_PLACEMENT_3D ( 'NONE', #1850, #1226, #8944 ) ;
#433 = SURFACE_STYLE_FILL_AREA ( #6866 ) ;
#434 = LINE ( 'NONE', #1675, #2526 ) ;
#435 = SURFACE_STYLE_USAGE ( .BOTH. , #5932 ) ;
#436 = MECHANICAL_DESIGN_GEOMETRIC_PRESENTATION_REPRESENTATION (  '', ( #8527 ), #5071 ) ;
#437 = PLANE ( 'NONE',  #8763 ) ;
#438 = DIRECTION ( 'NONE',  ( 0.000000000000000000, 0.000000000000000000, 1.000000000000000000 ) ) ;
#439 = ORIENTED_EDGE ( 'NONE', *, *, #838, .T. ) ;
#440 = CARTESIAN_POINT ( 'NONE',  ( 6.000000000029100278, 2.299999999979629894, 0.000000000000000000 ) ) ;
#441 = DIRECTION ( 'NONE',  ( 0.8589202801446145230, 0.000000000000000000, 0.5121093168028647558 ) ) ;
#442 = DIRECTION ( 'NONE',  ( -1.000000000000000000, 0.000000000000000000, 0.000000000000000000 ) ) ;
#443 = COLOUR_RGB ( '',0.7450980392156862919, 0.7372549019607843590, 0.7294117647058823151 ) ;
#444 = VECTOR ( 'NONE', #1933, 1000.000000000000000 ) ;
#445 = EDGE_CURVE ( 'NONE', #5463, #5102, #5559, .T. ) ;
#446 = EDGE_CURVE ( 'NONE', #8625, #4203, #2909, .T. ) ;
#447 = COLOUR_RGB ( '',0.7294117647058823151, 0.5176470588235293491, 0.3058823529411764941 ) ;
#448 = DIRECTION ( 'NONE',  ( 1.000000000000000000, 0.000000000000000000, 0.000000000000000000 ) ) ;
#449 = SURFACE_STYLE_FILL_AREA ( #5455 ) ;
#450 = CARTESIAN_POINT ( 'NONE',  ( -4.875000000000000000, -2.200000000000000178, 6.000000000000000000 ) ) ;
#451 = FILL_AREA_STYLE_COLOUR ( '', #5681 ) ;
#452 =( NAMED_UNIT ( * ) SI_UNIT ( $, .STERADIAN. ) SOLID_ANGLE_UNIT ( ) );
#453 = FACE_OUTER_BOUND ( 'NONE', #9002, .T. ) ;
#454 = ORIENTED_EDGE ( 'NONE', *, *, #4309, .F. ) ;
#455 =( GEOMETRIC_REPRESENTATION_CONTEXT ( 3 ) GLOBAL_UNCERTAINTY_ASSIGNED_CONTEXT ( ( #4965 ) ) GLOBAL_UNIT_ASSIGNED_CONTEXT ( ( #4262, #3661, #6444 ) ) REPRESENTATION_CONTEXT ( 'NONE', 'WORKASPACE' ) );
#456 = SURFACE_STYLE_USAGE ( .BOTH. , #8978 ) ;
#457 = VECTOR ( 'NONE', #7751, 1000.000000000000000 ) ;
#458 = UNCERTAINTY_MEASURE_WITH_UNIT (LENGTH_MEASURE( 1.000000000000000082E-05 ), #9166, 'distance_accuracy_value', 'NONE');
#459 = FACE_OUTER_BOUND ( 'NONE', #2815, .T. ) ;
#460 = ADVANCED_FACE ( 'NONE', ( #2083 ), #1984, .T. ) ;
#461 = COLOUR_RGB ( '',0.7450980392156862919, 0.7372549019607843590, 0.7294117647058823151 ) ;
#462 = VERTEX_POINT ( 'NONE', #7239 ) ;
#463 =( REPRESENTATION_RELATIONSHIP ('NONE','NONE', #92, #7585 ) REPRESENTATION_RELATIONSHIP_WITH_TRANSFORMATION ( #606 )SHAPE_REPRESENTATION_RELATIONSHIP( ) );
#464 = AXIS2_PLACEMENT_3D ( 'NONE', #6470, #4376, #21 ) ;
#465 = FACE_OUTER_BOUND ( 'NONE', #8718, .T. ) ;
#466 = SURFACE_STYLE_USAGE ( .BOTH. , #261 ) ;
#467 = PRESENTATION_LAYER_ASSIGNMENT (  '', '', ( #1052 ) ) ;
#468 = CARTESIAN_POINT ( 'NONE',  ( 5.800000000029100100, 2.200000000000000178, 6.000000000000000000 ) ) ;
#469 =( NAMED_UNIT ( * ) SI_UNIT ( $, .STERADIAN. ) SOLID_ANGLE_UNIT ( ) );
#470 = VECTOR ( 'NONE', #7462, 1000.000000000000000 ) ;
#471 =( BOUNDED_SURFACE ( )  B_SPLINE_SURFACE ( 3, 3, ( 
 ( #3257, #6120, #1830, #3355 ),
 ( #3998, #6174, #2600, #8332 ),
 ( #1885, #5515, #4051, #4757 ),
 ( #7635, #1201, #7685, #6219 ) ),
 .UNSPECIFIED., .F., .F., .F. ) 
 B_SPLINE_SURFACE_WITH_KNOTS ( ( 4, 4 ),
 ( 4, 4 ),
 ( 0.000000000000000000, 1.000000000000000000 ),
 ( 0.000000000000000000, 1.000000000000000000 ),
 .UNSPECIFIED. ) 
 GEOMETRIC_REPRESENTATION_ITEM ( )  RATIONAL_B_SPLINE_SURFACE ( (
 ( 1.000000000000000000, 0.3333333333333384219, 0.3333333333333384219, 1.000000000000000000),
 ( 0.9245018060306372520, 0.3081672686768837655, 0.3081672686768837655, 0.9245018060306372520),
 ( 0.9245018060306372520, 0.3081672686768837655, 0.3081672686768837655, 0.9245018060306372520),
 ( 1.000000000000000000, 0.3333333333333384219, 0.3333333333333384219, 1.000000000000000000) ) ) 
 REPRESENTATION_ITEM ( '' )  SURFACE ( )  );
#472 =( LENGTH_UNIT ( ) NAMED_UNIT ( * ) SI_UNIT ( .MILLI., .METRE. ) );
#473 = VERTEX_POINT ( 'NONE', #6457 ) ;
#474 = FACE_OUTER_BOUND ( 'NONE', #1394, .T. ) ;
#475 = COLOUR_RGB ( '',0.7450980392156862919, 0.7372549019607843590, 0.7294117647058823151 ) ;
#476 =( NAMED_UNIT ( * ) PLANE_ANGLE_UNIT ( ) SI_UNIT ( $, .RADIAN. ) );
#477 = EDGE_CURVE ( 'NONE', #5884, #7135, #2263, .T. ) ;
#478 = EDGE_CURVE ( 'NONE', #7809, #2438, #5163, .T. ) ;
#479 = ORIENTED_EDGE ( 'NONE', *, *, #7971, .T. ) ;
#480 = ORIENTED_EDGE ( 'NONE', *, *, #8386, .T. ) ;
#481 = PRESENTATION_LAYER_ASSIGNMENT (  '', '', ( #5397 ) ) ;
#482 = FACE_OUTER_BOUND ( 'NONE', #8701, .T. ) ;
#483 = CARTESIAN_POINT ( 'NONE',  ( 4.049999999999999822, 2.200000000000000178, 0.5000000000000000000 ) ) ;
#484 = UNCERTAINTY_MEASURE_WITH_UNIT (LENGTH_MEASURE( 1.000000000000000082E-05 ), #7722, 'distance_accuracy_value', 'NONE');
#485 = UNCERTAINTY_MEASURE_WITH_UNIT (LENGTH_MEASURE( 1.000000000000000082E-05 ), #7984, 'distance_accuracy_value', 'NONE');
#486 = SURFACE_STYLE_USAGE ( .BOTH. , #522 ) ;
#487 = FILL_AREA_STYLE ('',( #6911 ) ) ;
#488 = ORIENTED_EDGE ( 'NONE', *, *, #2447, .F. ) ;
#489 = ADVANCED_FACE ( 'NONE', ( #3630 ), #8699, .T. ) ;
#490 =( NAMED_UNIT ( * ) PLANE_ANGLE_UNIT ( ) SI_UNIT ( $, .RADIAN. ) );
#491 = ORIENTED_EDGE ( 'NONE', *, *, #2580, .T. ) ;
#492 = CARTESIAN_POINT ( 'NONE',  ( 5.981304907480784472, 2.257735026898590736, 5.434165146386241929 ) ) ;
#493 = FILL_AREA_STYLE_COLOUR ( '', #5303 ) ;
#494 = CARTESIAN_POINT ( 'NONE',  ( 5.900000000029099745, -2.199999999979629806, 1.100000000000000089 ) ) ;
#495 = VERTEX_POINT ( 'NONE', #7911 ) ;
#496 = EDGE_CURVE ( 'NONE', #8339, #4726, #2013, .T. ) ;
#497 = ORIENTED_EDGE ( 'NONE', *, *, #1313, .T. ) ;
#498 = PRESENTATION_LAYER_ASSIGNMENT (  '', '', ( #6177 ) ) ;
#499 = SURFACE_STYLE_USAGE ( .BOTH. , #1876 ) ;
#500 = DIRECTION ( 'NONE',  ( 1.000000000000000000, 0.000000000000000000, 0.000000000000000000 ) ) ;
#501 = PLANE ( 'NONE',  #6768 ) ;
#502 = CARTESIAN_POINT ( 'NONE',  ( -4.049999999999999822, -2.799999999999999822, 2.250000000000000444 ) ) ;
#503 = EDGE_LOOP ( 'NONE', ( #1911, #6358, #3915, #623, #8155, #8115 ) ) ;
#504 = CARTESIAN_POINT ( 'NONE',  ( 5.957735026948062007, -2.257735026898592512, 5.457735026918962618 ) ) ;
#505 = PLANE ( 'NONE',  #5595 ) ;
#506 = ORIENTED_EDGE ( 'NONE', *, *, #8780, .F. ) ;
#507 = CARTESIAN_POINT ( 'NONE',  ( 3.000000000014550139, 2.199999999979629806, 1.000000000000000000 ) ) ;
#508 = DIRECTION ( 'NONE',  ( 0.000000000000000000, 0.000000000000000000, -1.000000000000000000 ) ) ;
#510 = CARTESIAN_POINT ( 'NONE',  ( -5.900086743521481658, 2.299999999989815080, 5.126379046881691437 ) ) ;
#509 = VECTOR ( 'NONE', #78, 1000.000000000000000 ) ;
#511 =( LENGTH_UNIT ( ) NAMED_UNIT ( * ) SI_UNIT ( .MILLI., .METRE. ) );
#512 = SURFACE_STYLE_FILL_AREA ( #7643 ) ;
#513 = FILL_AREA_STYLE_COLOUR ( '', #4301 ) ;
#514 = ORIENTED_EDGE ( 'NONE', *, *, #1929, .F. ) ;
#515 = ADVANCED_FACE ( 'NONE', ( #3019 ), #8742, .T. ) ;
#516 = COLOUR_RGB ( '',0.7450980392156862919, 0.7372549019607843590, 0.7294117647058823151 ) ;
#517 = ORIENTED_EDGE ( 'NONE', *, *, #5083, .T. ) ;
#518 = ORIENTED_EDGE ( 'NONE', *, *, #2981, .T. ) ;
#519 = DIRECTION ( 'NONE',  ( -0.000000000000000000, 0.000000000000000000, 1.000000000000000000 ) ) ;
#520 = VECTOR ( 'NONE', #1553, 1000.000000000000000 ) ;
#521 = EDGE_LOOP ( 'NONE', ( #6362, #7703, #748, #5697 ) ) ;
#522 = SURFACE_SIDE_STYLE ('',( #8445 ) ) ;
#523 = VERTEX_POINT ( 'NONE', #1724 ) ;
#524 =( LENGTH_UNIT ( ) NAMED_UNIT ( * ) SI_UNIT ( .MILLI., .METRE. ) );
#525 = SURFACE_SIDE_STYLE ('',( #5489 ) ) ;
#526 = EDGE_CURVE ( 'NONE', #4907, #1140, #385, .T. ) ;
#527 = VECTOR ( 'NONE', #5298, 1000.000000000000000 ) ;
#528 = CARTESIAN_POINT ( 'NONE',  ( 5.924094889577416367, 2.366934131628238625, 1.191841272518035622 ) ) ;
#529 = ADVANCED_FACE ( 'NONE', ( #6823 ), #942, .F. ) ;
#530 =( GEOMETRIC_REPRESENTATION_CONTEXT ( 3 ) GLOBAL_UNCERTAINTY_ASSIGNED_CONTEXT ( ( #6463 ) ) GLOBAL_UNIT_ASSIGNED_CONTEXT ( ( #9003, #1766, #4832 ) ) REPRESENTATION_CONTEXT ( 'NONE', 'WORKASPACE' ) );
#531 =( NAMED_UNIT ( * ) SI_UNIT ( $, .STERADIAN. ) SOLID_ANGLE_UNIT ( ) );
#532 =( NAMED_UNIT ( * ) PLANE_ANGLE_UNIT ( ) SI_UNIT ( $, .RADIAN. ) );
#533 = CARTESIAN_POINT ( 'NONE',  ( -6.000000000029101166, 2.799999999999999822, 3.440418332022768144 ) ) ;
#534 = VERTEX_POINT ( 'NONE', #3295 ) ;
#535 = PRESENTATION_STYLE_ASSIGNMENT (( #8367 ) ) ;
#536 = VECTOR ( 'NONE', #8104, 1000.000000000000000 ) ;
#537 = VECTOR ( 'NONE', #6919, 1000.000000000000000 ) ;
#538 =( NAMED_UNIT ( * ) PLANE_ANGLE_UNIT ( ) SI_UNIT ( $, .RADIAN. ) );
#539 = CARTESIAN_POINT ( 'NONE',  ( 5.800000000029100100, -2.200000000000000178, 6.000000000000000000 ) ) ;
#540 = DIRECTION ( 'NONE',  ( 0.000000000000000000, 0.000000000000000000, -1.000000000000000000 ) ) ;
#541 = DIRECTION ( 'NONE',  ( 0.4082482904638600751, -0.8164965809277291431, 0.4082482904638600751 ) ) ;
#542 = COLOUR_RGB ( '',0.8313725490196077761, 0.8313725490196077761, 0.8313725490196077761 ) ;
#543 = DIRECTION ( 'NONE',  ( 1.000000000000000000, 0.000000000000000000, -0.000000000000000000 ) ) ;
#544 = SURFACE_STYLE_FILL_AREA ( #8281 ) ;
#545 = STYLED_ITEM ( 'NONE', ( #4142 ), #7744 ) ;
#546 = ORIENTED_EDGE ( 'NONE', *, *, #7326, .T. ) ;
#547 = VECTOR ( 'NONE', #294, 1000.000000000000000 ) ;
#548 = DIRECTION ( 'NONE',  ( -1.000000000000000000, 0.000000000000000000, -0.000000000000000000 ) ) ;
#549 = UNCERTAINTY_MEASURE_WITH_UNIT (LENGTH_MEASURE( 1.000000000000000082E-05 ), #4366, 'distance_accuracy_value', 'NONE');
#550 = DIRECTION ( 'NONE',  ( -0.5734623443633283246, -0.8192319205190404796, 0.000000000000000000 ) ) ;
#551 = VERTEX_POINT ( 'NONE', #8912 ) ;
#552 = VECTOR ( 'NONE', #2643, 1000.000000000000000 ) ;
#553 = LINE ( 'NONE', #647, #2411 ) ;
#554 = CARTESIAN_POINT ( 'NONE',  ( 6.000000000029100278, -2.299999999979629894, 0.000000000000000000 ) ) ;
#555 = LINE ( 'NONE', #6272, #701 ) ;
#556 = FILL_AREA_STYLE_COLOUR ( '', #3594 ) ;
#557 = LINE ( 'NONE', #7030, #263 ) ;
#558 = DIRECTION ( 'NONE',  ( 0.000000000000000000, -1.000000000000000000, 0.000000000000000000 ) ) ;
#559 = ORIENTED_EDGE ( 'NONE', *, *, #7862, .T. ) ;
#560 = STYLED_ITEM ( 'NONE', ( #5724 ), #7582 ) ;
#561 = SURFACE_STYLE_USAGE ( .BOTH. , #4061 ) ;
#562 = ORIENTED_EDGE ( 'NONE', *, *, #6729, .F. ) ;
#563 = ORIENTED_EDGE ( 'NONE', *, *, #4244, .T. ) ;
#564 = CARTESIAN_POINT ( 'NONE',  ( 5.934165146415343983, 2.257735026898592068, 5.481304907451685082 ) ) ;
#565 = UNCERTAINTY_MEASURE_WITH_UNIT (LENGTH_MEASURE( 1.000000000000000082E-05 ), #8627, 'distance_accuracy_value', 'NONE');
#566 = EDGE_CURVE ( 'NONE', #970, #2101, #9061, .T. ) ;
#567 = STYLED_ITEM ( 'NONE', ( #2622 ), #8673 ) ;
#568 = ORIENTED_EDGE ( 'NONE', *, *, #3189, .T. ) ;
#569 = FACE_OUTER_BOUND ( 'NONE', #6228, .T. ) ;
#570 = FILL_AREA_STYLE_COLOUR ( '', #1887 ) ;
#571 = VERTEX_POINT ( 'NONE', #7521 ) ;
#572 = FILL_AREA_STYLE ('',( #6240 ) ) ;
#573 = PRESENTATION_LAYER_ASSIGNMENT (  '', '', ( #5651 ) ) ;
#574 = EDGE_CURVE ( 'NONE', #7266, #2897, #4513, .T. ) ;
#575 = CYLINDRICAL_SURFACE ( 'NONE', #3303, 0.9221700196400069993 ) ;
#576 = PRESENTATION_LAYER_ASSIGNMENT (  '', '', ( #6876 ) ) ;
#577 = CARTESIAN_POINT ( 'NONE',  ( 5.808158727511057329, 2.366934131628238180, 1.075905110451678359 ) ) ;
#578 = MECHANICAL_DESIGN_GEOMETRIC_PRESENTATION_REPRESENTATION (  '', ( #1458 ), #2666 ) ;
#579 = LINE ( 'NONE', #6247, #750 ) ;
#580 = ORIENTED_EDGE ( 'NONE', *, *, #1291, .T. ) ;
#581 = CARTESIAN_POINT ( 'NONE',  ( 0.1999999999999982070, -8.800000000000000711, 2.250000000000000444 ) ) ;
#582 = APPLICATION_CONTEXT ( 'automotive_design' ) ;
#583 =( GEOMETRIC_REPRESENTATION_CONTEXT ( 3 ) GLOBAL_UNCERTAINTY_ASSIGNED_CONTEXT ( ( #3481 ) ) GLOBAL_UNIT_ASSIGNED_CONTEXT ( ( #4874, #4158, #9254 ) ) REPRESENTATION_CONTEXT ( 'NONE', 'WORKASPACE' ) );
#584 = FILL_AREA_STYLE ('',( #9123 ) ) ;
#585 = FACE_OUTER_BOUND ( 'NONE', #8157, .T. ) ;
#586 =( NAMED_UNIT ( * ) SI_UNIT ( $, .STERADIAN. ) SOLID_ANGLE_UNIT ( ) );
#587 = SURFACE_SIDE_STYLE ('',( #6313 ) ) ;
#588 = DIRECTION ( 'NONE',  ( 0.000000000000000000, -1.000000000000000000, -0.000000000000000000 ) ) ;
#589 = VECTOR ( 'NONE', #1098, 1000.000000000000000 ) ;
#590 = ORIENTED_EDGE ( 'NONE', *, *, #6322, .T. ) ;
#591 = AXIS2_PLACEMENT_3D ( 'NONE', #930, #3787, #7310 ) ;
#592 = SURFACE_STYLE_USAGE ( .BOTH. , #8426 ) ;
#593 = CARTESIAN_POINT ( 'NONE',  ( 6.000000000029100278, -2.200000000000000178, 3.250000000000000888 ) ) ;
#594 =( NAMED_UNIT ( * ) SI_UNIT ( $, .STERADIAN. ) SOLID_ANGLE_UNIT ( ) );
#595 = COLOUR_RGB ( '',0.8313725490196077761, 0.8313725490196077761, 0.8313725490196077761 ) ;
#596 = AXIS2_PLACEMENT_3D ( 'NONE', #1045, #3157, #6022 ) ;
#597 = EDGE_CURVE ( 'NONE', #8625, #7202, #8219, .T. ) ;
#598 = VERTEX_POINT ( 'NONE', #2537 ) ;
#599 = VECTOR ( 'NONE', #8890, 1000.000000000000000 ) ;
#600 = VECTOR ( 'NONE', #9212, 1000.000000000000000 ) ;
#601 =( GEOMETRIC_REPRESENTATION_CONTEXT ( 3 ) GLOBAL_UNCERTAINTY_ASSIGNED_CONTEXT ( ( #8347 ) ) GLOBAL_UNIT_ASSIGNED_CONTEXT ( ( #7208, #6365, #20 ) ) REPRESENTATION_CONTEXT ( 'NONE', 'WORKASPACE' ) );
#602 = CARTESIAN_POINT ( 'NONE',  ( 5.991030663955240421, -2.233062582872593183, 1.124905498140214677 ) ) ;
#603 = FILL_AREA_STYLE_COLOUR ( '', #9109 ) ;
#604 = AXIS2_PLACEMENT_3D ( 'NONE', #7496, #6920, #2871 ) ;
#605 = ORIENTED_EDGE ( 'NONE', *, *, #6363, .T. ) ;
#606 = ITEM_DEFINED_TRANSFORMATION ( 'NONE', 'NONE', #278,  #5962 ) ;
#607 = ORIENTED_EDGE ( 'NONE', *, *, #4863, .T. ) ;
#608 =( GEOMETRIC_REPRESENTATION_CONTEXT ( 3 ) GLOBAL_UNCERTAINTY_ASSIGNED_CONTEXT ( ( #3372 ) ) GLOBAL_UNIT_ASSIGNED_CONTEXT ( ( #9045, #9198, #1803 ) ) REPRESENTATION_CONTEXT ( 'NONE', 'WORKASPACE' ) );
#609 = VERTEX_POINT ( 'NONE', #5399 ) ;
#610 =( GEOMETRIC_REPRESENTATION_CONTEXT ( 3 ) GLOBAL_UNCERTAINTY_ASSIGNED_CONTEXT ( ( #6951 ) ) GLOBAL_UNIT_ASSIGNED_CONTEXT ( ( #5958, #2388, #334 ) ) REPRESENTATION_CONTEXT ( 'NONE', 'WORKASPACE' ) );
#611 = SURFACE_STYLE_FILL_AREA ( #4825 ) ;
#612 = SURFACE_STYLE_FILL_AREA ( #4868 ) ;
#613 = COLOUR_RGB ( '',0.7450980392156862919, 0.7372549019607843590, 0.7294117647058823151 ) ;
#614 = CARTESIAN_POINT ( 'NONE',  ( 6.000000000029100278, -2.799999999999999822, 3.250000000000000888 ) ) ;
#615 = MECHANICAL_DESIGN_GEOMETRIC_PRESENTATION_REPRESENTATION (  '', ( #4193 ), #9 ) ;
#616 = ORIENTED_EDGE ( 'NONE', *, *, #5216, .F. ) ;
#617 = DIRECTION ( 'NONE',  ( 3.175210755296169386E-16, 2.222647528707316105E-16, 1.000000000000000000 ) ) ;
#618 = CIRCLE ( 'NONE', #5850, 0.1000000000000000333 ) ;
#619 = LINE ( 'NONE', #8703, #7812 ) ;
#620 =( NAMED_UNIT ( * ) SI_UNIT ( $, .STERADIAN. ) SOLID_ANGLE_UNIT ( ) );
#621 = VERTEX_POINT ( 'NONE', #6871 ) ;
#622 = STYLED_ITEM ( 'NONE', ( #7793 ), #5215 ) ;
#623 = ORIENTED_EDGE ( 'NONE', *, *, #8167, .T. ) ;
#624 = DIRECTION ( 'NONE',  ( 0.000000000000000000, 1.000000000000000000, 0.000000000000000000 ) ) ;
#625 = DIRECTION ( 'NONE',  ( -0.000000000000000000, 0.000000000000000000, -1.000000000000000000 ) ) ;
#626 = FILL_AREA_STYLE ('',( #8452 ) ) ;
#627 =( GEOMETRIC_REPRESENTATION_CONTEXT ( 3 ) GLOBAL_UNCERTAINTY_ASSIGNED_CONTEXT ( ( #3928 ) ) GLOBAL_UNIT_ASSIGNED_CONTEXT ( ( #4206, #4826, #5620 ) ) REPRESENTATION_CONTEXT ( 'NONE', 'WORKASPACE' ) );
#628 = CARTESIAN_POINT ( 'NONE',  ( 5.934165146415343095, 2.257735026898591624, 1.018695092548314252 ) ) ;
#629 = DIRECTION ( 'NONE',  ( -1.000000000000000000, 0.000000000000000000, -5.163828021512360244E-16 ) ) ;
#630 = EDGE_LOOP ( 'NONE', ( #8518, #6130, #6027, #6948 ) ) ;
#631 = FILL_AREA_STYLE ('',( #7062 ) ) ;
#632 = EDGE_CURVE ( 'NONE', #6999, #8570, #8272, .T. ) ;
#633 = COLOUR_RGB ( '',0.2862745098039215508, 0.2862745098039215508, 0.2862745098039215508 ) ;
#634 = LINE ( 'NONE', #5733, #8055 ) ;
#635 =( NAMED_UNIT ( * ) PLANE_ANGLE_UNIT ( ) SI_UNIT ( $, .RADIAN. ) );
#636 = PRESENTATION_STYLE_ASSIGNMENT (( #2646 ) ) ;
#637 = LINE ( 'NONE', #3501, #1133 ) ;
#638 = EDGE_CURVE ( 'NONE', #621, #9170, #5210, .T. ) ;
#639 = ADVANCED_FACE ( 'NONE', ( #6013 ), #437, .T. ) ;
#640 = VERTEX_POINT ( 'NONE', #1326 ) ;
#641 = UNCERTAINTY_MEASURE_WITH_UNIT (LENGTH_MEASURE( 1.000000000000000082E-05 ), #1681, 'distance_accuracy_value', 'NONE');
#642 = DIRECTION ( 'NONE',  ( 0.7071067811865483499, 0.000000000000000000, 0.7071067811865467956 ) ) ;
#643 =( GEOMETRIC_REPRESENTATION_CONTEXT ( 3 ) GLOBAL_UNCERTAINTY_ASSIGNED_CONTEXT ( ( #2706 ) ) GLOBAL_UNIT_ASSIGNED_CONTEXT ( ( #3012, #5817, #6670 ) ) REPRESENTATION_CONTEXT ( 'NONE', 'WORKASPACE' ) );
#644 = STYLED_ITEM ( 'NONE', ( #535 ), #6056 ) ;
#645 = EDGE_LOOP ( 'NONE', ( #5716, #8622, #4204, #1477 ) ) ;
#646 =( LENGTH_UNIT ( ) NAMED_UNIT ( * ) SI_UNIT ( .MILLI., .METRE. ) );
#647 = CARTESIAN_POINT ( 'NONE',  ( 4.049999999999999822, -2.799999999999999822, 0.5000000000000000000 ) ) ;
#648 =( NAMED_UNIT ( * ) PLANE_ANGLE_UNIT ( ) SI_UNIT ( $, .RADIAN. ) );
#649 = FACE_OUTER_BOUND ( 'NONE', #3253, .T. ) ;
#650 = DIRECTION ( 'NONE',  ( 1.000000000000000000, 0.000000000000000000, 0.000000000000000000 ) ) ;
#651 =( NAMED_UNIT ( * ) SI_UNIT ( $, .STERADIAN. ) SOLID_ANGLE_UNIT ( ) );
#652 = EDGE_CURVE ( 'NONE', #3823, #1028, #1274, .T. ) ;
#653 = ORIENTED_EDGE ( 'NONE', *, *, #3846, .T. ) ;
#654 = CONTEXT_DEPENDENT_SHAPE_REPRESENTATION ( #1408, #8599 ) ;
#655 = ORIENTED_EDGE ( 'NONE', *, *, #174, .T. ) ;
#656 = ORIENTED_EDGE ( 'NONE', *, *, #4120, .T. ) ;
#657 = STYLED_ITEM ( 'NONE', ( #8294 ), #6266 ) ;
#658 = CARTESIAN_POINT ( 'NONE',  ( -3.250000000000000444, -2.799999999999999822, 2.250000000000000444 ) ) ;
#659 = UNCERTAINTY_MEASURE_WITH_UNIT (LENGTH_MEASURE( 1.000000000000000082E-05 ), #7372, 'distance_accuracy_value', 'NONE');
#660 = VECTOR ( 'NONE', #2454, 1000.000000000000000 ) ;
#661 = DIRECTION ( 'NONE',  ( 0.000000000000000000, -1.000000000000000000, 0.000000000000000000 ) ) ;
#662 =( LENGTH_UNIT ( ) NAMED_UNIT ( * ) SI_UNIT ( .MILLI., .METRE. ) );
#663 = ORIENTED_EDGE ( 'NONE', *, *, #675, .T. ) ;
#664 = DIRECTION ( 'NONE',  ( 0.000000000000000000, 0.000000000000000000, -1.000000000000000000 ) ) ;
#665 = FACE_OUTER_BOUND ( 'NONE', #3734, .T. ) ;
#666 = STYLED_ITEM ( 'NONE', ( #9231 ), #6716 ) ;
#667 = CARTESIAN_POINT ( 'NONE',  ( 5.800000000029100100, -2.200000000000000178, 3.321173431502630446 ) ) ;
#668 = CARTESIAN_POINT ( 'NONE',  ( -6.000000000029100278, -2.299999999979629894, 0.000000000000000000 ) ) ;
#669 = AXIS2_PLACEMENT_3D ( 'NONE', #100, #809, #2925 ) ;
#670 = VERTEX_POINT ( 'NONE', #2734 ) ;
#671 = DIRECTION ( 'NONE',  ( 0.000000000000000000, 0.000000000000000000, -1.000000000000000000 ) ) ;
#672 = VECTOR ( 'NONE', #1732, 1000.000000000000114 ) ;
#673 = SURFACE_STYLE_FILL_AREA ( #5026 ) ;
#674 = PRESENTATION_STYLE_ASSIGNMENT (( #4230 ) ) ;
#675 = EDGE_CURVE ( 'NONE', #6700, #6593, #2024, .T. ) ;
#676 = DIRECTION ( 'NONE',  ( 0.000000000000000000, 1.000000000000000000, 0.000000000000000000 ) ) ;
#677 = DIRECTION ( 'NONE',  ( 0.000000000000000000, 0.000000000000000000, -1.000000000000000000 ) ) ;
#678 = EDGE_LOOP ( 'NONE', ( #1569, #4788, #2728, #7903 ) ) ;
#679 = CARTESIAN_POINT ( 'NONE',  ( 5.991030663955238644, -2.233062582872591850, 5.375094501859785545 ) ) ;
#680 = COLOUR_RGB ( '',0.2862745098039215508, 0.2862745098039215508, 0.2862745098039215508 ) ;
#681 = CARTESIAN_POINT ( 'NONE',  ( 5.957735026948062007, 2.257735026898592068, 5.457735026918962618 ) ) ;
#682 = EDGE_CURVE ( 'NONE', #9210, #1352, #1372, .T. ) ;
#683 =( GEOMETRIC_REPRESENTATION_CONTEXT ( 3 ) GLOBAL_UNCERTAINTY_ASSIGNED_CONTEXT ( ( #6467 ) ) GLOBAL_UNIT_ASSIGNED_CONTEXT ( ( #8546, #1406, #7750 ) ) REPRESENTATION_CONTEXT ( 'NONE', 'WORKASPACE' ) );
#684 = DIRECTION ( 'NONE',  ( 0.000000000000000000, 0.000000000000000000, -1.000000000000000000 ) ) ;
#685 = AXIS2_PLACEMENT_3D ( 'NONE', #1260, #2055, #9151 ) ;
#686 = PRESENTATION_LAYER_ASSIGNMENT (  '', '', ( #980 ) ) ;
#687 = CARTESIAN_POINT ( 'NONE',  ( -3.000000000000000000, 0.000000000000000000, -3.000000000000000000 ) ) ;
#688 = CARTESIAN_POINT ( 'NONE',  ( -5.799191034166417680, 2.242030276217233720, 5.557966438303966861 ) ) ;
#689 = EDGE_LOOP ( 'NONE', ( #2235, #3604, #2314, #1534 ) ) ;
#690 = VERTEX_POINT ( 'NONE', #7108 ) ;
#691 = ORIENTED_EDGE ( 'NONE', *, *, #2160, .F. ) ;
#692 = ADVANCED_FACE ( 'NONE', ( #6301 ), #9168, .T. ) ;
#693 = DIRECTION ( 'NONE',  ( 0.000000000000000000, 0.000000000000000000, 1.000000000000000000 ) ) ;
#694 = PRESENTATION_LAYER_ASSIGNMENT (  '', '', ( #2489 ) ) ;
#695 = SURFACE_SIDE_STYLE ('',( #4966 ) ) ;
#696 = FILL_AREA_STYLE ('',( #570 ) ) ;
#697 = ORIENTED_EDGE ( 'NONE', *, *, #7112, .T. ) ;
#698 = DIRECTION ( 'NONE',  ( -0.5121093168028647558, 0.000000000000000000, -0.8589202801446145230 ) ) ;
#699 = VERTEX_POINT ( 'NONE', #4170 ) ;
#700 = DIRECTION ( 'NONE',  ( 0.000000000000000000, 0.000000000000000000, 1.000000000000000000 ) ) ;
#701 = VECTOR ( 'NONE', #9138, 1000.000000000000000 ) ;
#702 =( NAMED_UNIT ( * ) PLANE_ANGLE_UNIT ( ) SI_UNIT ( $, .RADIAN. ) );
#703 = VECTOR ( 'NONE', #4020, 1000.000000000000000 ) ;
#704 = DIRECTION ( 'NONE',  ( 0.000000000000000000, 0.000000000000000000, 1.000000000000000000 ) ) ;
#705 = DIRECTION ( 'NONE',  ( 1.000000000000000000, -0.000000000000000000, -7.930164461608259947E-17 ) ) ;
#706 = FILL_AREA_STYLE_COLOUR ( '', #3031 ) ;
#707 = ORIENTED_EDGE ( 'NONE', *, *, #2236, .F. ) ;
#708 = SURFACE_STYLE_FILL_AREA ( #4269 ) ;
#709 = MECHANICAL_DESIGN_GEOMETRIC_PRESENTATION_REPRESENTATION (  '', ( #6569 ), #3705 ) ;
#710 = CARTESIAN_POINT ( 'NONE',  ( 3.250000000000000444, 2.200000000000000178, 1.100000000000000089 ) ) ;
#711 = ORIENTED_EDGE ( 'NONE', *, *, #7790, .F. ) ;
#712 = EDGE_CURVE ( 'NONE', #155, #8078, #3390, .T. ) ;
#713 = SURFACE_STYLE_FILL_AREA ( #3672 ) ;
#714 = LINE ( 'NONE', #1980, #3493 ) ;
#715 = CARTESIAN_POINT ( 'NONE',  ( -5.900000000029099745, 2.199999999979629806, 1.100000000000000089 ) ) ;
#716 = PLANE ( 'NONE',  #761 ) ;
#717 = CARTESIAN_POINT ( 'NONE',  ( 3.250000000000000444, -2.799999999999999822, 1.000000000000000000 ) ) ;
#718 = DIRECTION ( 'NONE',  ( 0.000000000000000000, 0.000000000000000000, -1.000000000000000000 ) ) ;
#719 = DIRECTION ( 'NONE',  ( 0.000000000000000000, 1.000000000000000000, 0.000000000000000000 ) ) ;
#720 = ORIENTED_EDGE ( 'NONE', *, *, #7982, .T. ) ;
#721 = DIRECTION ( 'NONE',  ( 0.000000000000000000, 0.000000000000000000, -1.000000000000000000 ) ) ;
#722 = UNCERTAINTY_MEASURE_WITH_UNIT (LENGTH_MEASURE( 1.000000000000000082E-05 ), #2430, 'distance_accuracy_value', 'NONE');
#723 =( GEOMETRIC_REPRESENTATION_CONTEXT ( 3 ) GLOBAL_UNCERTAINTY_ASSIGNED_CONTEXT ( ( #3222 ) ) GLOBAL_UNIT_ASSIGNED_CONTEXT ( ( #3126, #5372, #7403 ) ) REPRESENTATION_CONTEXT ( 'NONE', 'WORKASPACE' ) );
#724 = DIRECTION ( 'NONE',  ( 0.000000000000000000, 0.000000000000000000, -1.000000000000000000 ) ) ;
#725 = EDGE_CURVE ( 'NONE', #2688, #2259, #1179, .T. ) ;
#726 = EDGE_CURVE ( 'NONE', #7092, #7669, #5634, .T. ) ;
#727 = CARTESIAN_POINT ( 'NONE',  ( -5.800000000029100100, 3.441945830445349852, 3.321173431502630446 ) ) ;
#728 = DIRECTION ( 'NONE',  ( 1.000000000000000000, -0.000000000000000000, -0.000000000000000000 ) ) ;
#729 = CARTESIAN_POINT ( 'NONE',  ( -2.950000000000000178, -2.799999999999999822, -4.750000000000000000 ) ) ;
#730 = ORIENTED_EDGE ( 'NONE', *, *, #1275, .F. ) ;
#731 =( LENGTH_UNIT ( ) NAMED_UNIT ( * ) SI_UNIT ( .MILLI., .METRE. ) );
#732 = ORIENTED_EDGE ( 'NONE', *, *, #1075, .F. ) ;
#733 = ORIENTED_EDGE ( 'NONE', *, *, #1022, .T. ) ;
#734 = CARTESIAN_POINT ( 'NONE',  ( -4.049999999999999822, 2.799999999999999822, 1.100000000000000089 ) ) ;
#735 =( GEOMETRIC_REPRESENTATION_CONTEXT ( 3 ) GLOBAL_UNCERTAINTY_ASSIGNED_CONTEXT ( ( #2807 ) ) GLOBAL_UNIT_ASSIGNED_CONTEXT ( ( #3262, #4816, #7686 ) ) REPRESENTATION_CONTEXT ( 'NONE', 'WORKASPACE' ) );
#736 = VECTOR ( 'NONE', #1641, 1000.000000000000000 ) ;
#737 = LINE ( 'NONE', #29, #7973 ) ;
#738 = UNCERTAINTY_MEASURE_WITH_UNIT (LENGTH_MEASURE( 1.000000000000000082E-05 ), #1949, 'distance_accuracy_value', 'NONE');
#739 = COLOUR_RGB ( '',0.7294117647058823151, 0.5176470588235293491, 0.3058823529411764941 ) ;
#740 = CARTESIAN_POINT ( 'NONE',  ( -1.425000000000000044, -2.200000000000000178, 1.100000000000000089 ) ) ;
#741 = DIRECTION ( 'NONE',  ( 0.000000000000000000, -1.000000000000000000, 0.000000000000000000 ) ) ;
#742 = ADVANCED_FACE ( 'NONE', ( #4792 ), #9000, .T. ) ;
#743 = PRESENTATION_LAYER_ASSIGNMENT (  '', '', ( #1769 ) ) ;
#744 = DIRECTION ( 'NONE',  ( 0.000000000000000000, 0.000000000000000000, 1.000000000000000000 ) ) ;
#745 = VECTOR ( 'NONE', #6674, 1000.000000000000000 ) ;
#746 = VERTEX_POINT ( 'NONE', #6097 ) ;
#747 =( NAMED_UNIT ( * ) SI_UNIT ( $, .STERADIAN. ) SOLID_ANGLE_UNIT ( ) );
#748 = ORIENTED_EDGE ( 'NONE', *, *, #7814, .T. ) ;
#749 = CARTESIAN_POINT ( 'NONE',  ( -5.900000000029099745, 2.199999999999999734, 5.400000000000000355 ) ) ;
#750 = VECTOR ( 'NONE', #6961, 1000.000000000000000 ) ;
#751 = VECTOR ( 'NONE', #3161, 1000.000000000000114 ) ;
#752 = CARTESIAN_POINT ( 'NONE',  ( -5.957735026948062895, 2.257735026898594732, 5.457735026918962618 ) ) ;
#753 =( NAMED_UNIT ( * ) SI_UNIT ( $, .STERADIAN. ) SOLID_ANGLE_UNIT ( ) );
#754 = DIRECTION ( 'NONE',  ( -0.000000000000000000, -0.000000000000000000, -1.000000000000000000 ) ) ;
#755 =( GEOMETRIC_REPRESENTATION_CONTEXT ( 3 ) GLOBAL_UNCERTAINTY_ASSIGNED_CONTEXT ( ( #7269 ) ) GLOBAL_UNIT_ASSIGNED_CONTEXT ( ( #1273, #2072, #531 ) ) REPRESENTATION_CONTEXT ( 'NONE', 'WORKASPACE' ) );
#756 =( BOUNDED_SURFACE ( )  B_SPLINE_SURFACE ( 3, 3, ( 
 ( #7094, #1307, #2903, #9199 ),
 ( #6379, #4151, #6995, #564 ),
 ( #2766, #2858, #4914, #5710 ),
 ( #7978, #5889, #7258, #4533 ) ),
 .UNSPECIFIED., .F., .F., .F. ) 
 B_SPLINE_SURFACE_WITH_KNOTS ( ( 4, 4 ),
 ( 4, 4 ),
 ( 0.000000000000000000, 1.000000000000000000 ),
 ( 0.000000000000000000, 1.000000000000000000 ),
 .UNSPECIFIED. ) 
 GEOMETRIC_REPRESENTATION_ITEM ( )  RATIONAL_B_SPLINE_SURFACE ( (
 ( 1.000000000000000000, 0.3333333333333265425, 0.3333333333333265425, 1.000000000000000000),
 ( 0.9245018060306359198, 0.3081672686768723857, 0.3081672686768723857, 0.9245018060306359198),
 ( 0.9245018060306359198, 0.3081672686768723857, 0.3081672686768723857, 0.9245018060306359198),
 ( 1.000000000000000000, 0.3333333333333265425, 0.3333333333333265425, 1.000000000000000000) ) ) 
 REPRESENTATION_ITEM ( '' )  SURFACE ( )  );
#757 = ADVANCED_FACE ( 'NONE', ( #6860 ), #4021, .F. ) ;
#758 = ORIENTED_EDGE ( 'NONE', *, *, #4177, .F. ) ;
#759 = FILL_AREA_STYLE_COLOUR ( '', #7467 ) ;
#760 = PLANE ( 'NONE',  #80 ) ;
#761 = AXIS2_PLACEMENT_3D ( 'NONE', #4414, #6504, #1503 ) ;
#762 = ORIENTED_EDGE ( 'NONE', *, *, #335, .T. ) ;
#763 = FILL_AREA_STYLE_COLOUR ( '', #8378 ) ;
#764 = AXIS2_PLACEMENT_3D ( 'NONE', #1062, #2603, #409 ) ;
#765 = EDGE_CURVE ( 'NONE', #1359, #4352, #2920, .T. ) ;
#766 = ORIENTED_EDGE ( 'NONE', *, *, #5135, .F. ) ;
#767 =( NAMED_UNIT ( * ) PLANE_ANGLE_UNIT ( ) SI_UNIT ( $, .RADIAN. ) );
#768 = AXIS2_PLACEMENT_3D ( 'NONE', #5929, #5129, #6603 ) ;
#769 = FILL_AREA_STYLE_COLOUR ( '', #3120 ) ;
#770 = CARTESIAN_POINT ( 'NONE',  ( -5.900000000029100633, 2.199999999979629806, 5.400000000000000355 ) ) ;
#771 =( NAMED_UNIT ( * ) PLANE_ANGLE_UNIT ( ) SI_UNIT ( $, .RADIAN. ) );
#772 = DIRECTION ( 'NONE',  ( 0.000000000000000000, 0.000000000000000000, -1.000000000000000000 ) ) ;
#773 = ADVANCED_FACE ( 'NONE', ( #8577 ), #5536, .T. ) ;
#774 = VERTEX_POINT ( 'NONE', #6261 ) ;
#775 = ADVANCED_FACE ( 'NONE', ( #4852 ), #7822, .T. ) ;
#776 = FILL_AREA_STYLE ('',( #7210 ) ) ;
#777 = ORIENTED_EDGE ( 'NONE', *, *, #2562, .T. ) ;
#778 = FACE_OUTER_BOUND ( 'NONE', #386, .T. ) ;
#779 = ORIENTED_EDGE ( 'NONE', *, *, #1654, .F. ) ;
#780 = ORIENTED_EDGE ( 'NONE', *, *, #3371, .F. ) ;
#781 = CARTESIAN_POINT ( 'NONE',  ( 6.500000000000000888, 2.799999999999999822, 5.400000000000000355 ) ) ;
#782 = VECTOR ( 'NONE', #4360, 1000.000000000000000 ) ;
#783 = CARTESIAN_POINT ( 'NONE',  ( -3.250000000000000444, -2.799999999999999822, 2.250000000000000444 ) ) ;
#784 = EDGE_CURVE ( 'NONE', #94, #2052, #3678, .T. ) ;
#785 = ADVANCED_FACE ( 'NONE', ( #157 ), #8746, .F. ) ;
#786 = DIRECTION ( 'NONE',  ( 0.000000000000000000, 0.000000000000000000, -1.000000000000000000 ) ) ;
#787 =( NAMED_UNIT ( * ) SI_UNIT ( $, .STERADIAN. ) SOLID_ANGLE_UNIT ( ) );
#788 = LINE ( 'NONE', #3657, #3788 ) ;
#789 = DIRECTION ( 'NONE',  ( 0.000000000000000000, 0.000000000000000000, 1.000000000000000000 ) ) ;
#790 = VERTEX_POINT ( 'NONE', #7430 ) ;
#791 = PRESENTATION_LAYER_ASSIGNMENT (  '', '', ( #7394 ) ) ;
#792 = CARTESIAN_POINT ( 'NONE',  ( 4.049999999999999822, 1.300690094324699952, 1.000000000000000000 ) ) ;
#793 = VERTEX_POINT ( 'NONE', #1730 ) ;
#794 = FILL_AREA_STYLE_COLOUR ( '', #3557 ) ;
#795 = SURFACE_STYLE_USAGE ( .BOTH. , #39 ) ;
#796 = EDGE_CURVE ( 'NONE', #3567, #9143, #7384, .T. ) ;
#797 = UNCERTAINTY_MEASURE_WITH_UNIT (LENGTH_MEASURE( 1.000000000000000082E-05 ), #1182, 'distance_accuracy_value', 'NONE');
#798 = COLOUR_RGB ( '',0.7450980392156862919, 0.7372549019607843590, 0.7294117647058823151 ) ;
#799 = SURFACE_STYLE_USAGE ( .BOTH. , #8639 ) ;
#800 = CARTESIAN_POINT ( 'NONE',  ( -3.000000000000000000, 0.000000000000000000, 2.000000000000000000 ) ) ;
#801 = ORIENTED_EDGE ( 'NONE', *, *, #1522, .F. ) ;
#802 = DIRECTION ( 'NONE',  ( 1.000000000000000000, 0.000000000000000000, 0.000000000000000000 ) ) ;
#803 = DIRECTION ( 'NONE',  ( 0.5734623443633283246, 0.8192319205190404796, -0.000000000000000000 ) ) ;
#804 = VERTEX_POINT ( 'NONE', #3061 ) ;
#805 = COLOUR_RGB ( '',0.2862745098039215508, 0.2862745098039215508, 0.2862745098039215508 ) ;
#806 =( NAMED_UNIT ( * ) PLANE_ANGLE_UNIT ( ) SI_UNIT ( $, .RADIAN. ) );
#807 =( LENGTH_UNIT ( ) NAMED_UNIT ( * ) SI_UNIT ( .MILLI., .METRE. ) );
#808 = VECTOR ( 'NONE', #2542, 1000.000000000000000 ) ;
#809 = DIRECTION ( 'NONE',  ( 0.000000000000000000, 0.000000000000000000, -1.000000000000000000 ) ) ;
#810 = CARTESIAN_POINT ( 'NONE',  ( -5.900000000029100633, 2.199999999979629806, 1.100000000000000089 ) ) ;
#811 = ORIENTED_EDGE ( 'NONE', *, *, #6710, .T. ) ;
#812 = PRESENTATION_STYLE_ASSIGNMENT (( #7960 ) ) ;
#813 = FILL_AREA_STYLE_COLOUR ( '', #805 ) ;
#814 =( GEOMETRIC_REPRESENTATION_CONTEXT ( 3 ) GLOBAL_UNCERTAINTY_ASSIGNED_CONTEXT ( ( #9085 ) ) GLOBAL_UNIT_ASSIGNED_CONTEXT ( ( #8815, #2063, #747 ) ) REPRESENTATION_CONTEXT ( 'NONE', 'WORKASPACE' ) );
#815 = DIRECTION ( 'NONE',  ( -0.000000000000000000, 1.000000000000000000, 0.000000000000000000 ) ) ;
#816 = SURFACE_STYLE_USAGE ( .BOTH. , #7080 ) ;
#817 = DIRECTION ( 'NONE',  ( 0.000000000000000000, 0.000000000000000000, 1.000000000000000000 ) ) ;
#818 = FILL_AREA_STYLE ('',( #3028 ) ) ;
#819 = PRESENTATION_LAYER_ASSIGNMENT (  '', '', ( #4867 ) ) ;
#820 = ORIENTED_EDGE ( 'NONE', *, *, #8192, .T. ) ;
#821 =( GEOMETRIC_REPRESENTATION_CONTEXT ( 3 ) GLOBAL_UNCERTAINTY_ASSIGNED_CONTEXT ( ( #4670 ) ) GLOBAL_UNIT_ASSIGNED_CONTEXT ( ( #4495, #3042, #5896 ) ) REPRESENTATION_CONTEXT ( 'NONE', 'WORKASPACE' ) );
#822 = VERTEX_POINT ( 'NONE', #5920 ) ;
#823 =( NAMED_UNIT ( * ) SI_UNIT ( $, .STERADIAN. ) SOLID_ANGLE_UNIT ( ) );
#824 =( NAMED_UNIT ( * ) PLANE_ANGLE_UNIT ( ) SI_UNIT ( $, .RADIAN. ) );
#825 = ORIENTED_EDGE ( 'NONE', *, *, #7982, .F. ) ;
#826 = ORIENTED_EDGE ( 'NONE', *, *, #574, .F. ) ;
#827 = COLOUR_RGB ( '',0.7450980392156862919, 0.7372549019607843590, 0.7294117647058823151 ) ;
#828 =( LENGTH_UNIT ( ) NAMED_UNIT ( * ) SI_UNIT ( .MILLI., .METRE. ) );
#829 = STYLED_ITEM ( 'NONE', ( #8077 ), #7334 ) ;
#830 = CARTESIAN_POINT ( 'NONE',  ( -5.900000000000000355, -2.199999999999999734, 5.400000000000000355 ) ) ;
#831 = CARTESIAN_POINT ( 'NONE',  ( -6.000000000029100278, -1.000000000000000000, 0.000000000000000000 ) ) ;
#832 = CARTESIAN_POINT ( 'NONE',  ( 5.800000000029100100, 3.441945830445349852, 2.250000000000000444 ) ) ;
#833 = COLOUR_RGB ( '',0.7450980392156862919, 0.7372549019607843590, 0.7294117647058823151 ) ;
#834 = CARTESIAN_POINT ( 'NONE',  ( 5.900086743521481658, 2.799999999999999822, 5.126379046881691437 ) ) ;
#835 = EDGE_LOOP ( 'NONE', ( #5671, #6489, #1256, #3883, #7095 ) ) ;
#836 = VERTEX_POINT ( 'NONE', #6016 ) ;
#837 = PRESENTATION_STYLE_ASSIGNMENT (( #8549 ) ) ;
#838 = EDGE_CURVE ( 'NONE', #3676, #9098, #1682, .T. ) ;
#839 = MECHANICAL_DESIGN_GEOMETRIC_PRESENTATION_REPRESENTATION (  '', ( #3694 ), #4436 ) ;
#840 = CIRCLE ( 'NONE', #4437, 0.5999999999999999778 ) ;
#841 = CARTESIAN_POINT ( 'NONE',  ( -5.957735026948064672, 2.234165146365874044, 5.481304907451682418 ) ) ;
#842 = FACE_OUTER_BOUND ( 'NONE', #2511, .T. ) ;
#843 = CARTESIAN_POINT ( 'NONE',  ( -5.957735026948063783, -2.257735026898592956, 5.457735026918964394 ) ) ;
#844 = SURFACE_STYLE_USAGE ( .BOTH. , #1763 ) ;
#845 = FILL_AREA_STYLE ('',( #5156 ) ) ;
#846 = EDGE_CURVE ( 'NONE', #6899, #8753, #292, .T. ) ;
#847 = ORIENTED_EDGE ( 'NONE', *, *, #2002, .F. ) ;
#848 = AXIS2_PLACEMENT_3D ( 'NONE', #3833, #4677, #8249 ) ;
#849 = DIRECTION ( 'NONE',  ( -0.7071067811865474617, 0.000000000000000000, 0.7071067811865474617 ) ) ;
#850 = LINE ( 'NONE', #5913, #1918 ) ;
#851 =( GEOMETRIC_REPRESENTATION_CONTEXT ( 3 ) GLOBAL_UNCERTAINTY_ASSIGNED_CONTEXT ( ( #2598 ) ) GLOBAL_UNIT_ASSIGNED_CONTEXT ( ( #2799, #3414, #3324 ) ) REPRESENTATION_CONTEXT ( 'NONE', 'WORKASPACE' ) );
#852 =( NAMED_UNIT ( * ) PLANE_ANGLE_UNIT ( ) SI_UNIT ( $, .RADIAN. ) );
#853 = CARTESIAN_POINT ( 'NONE',  ( -0.1499999999999999944, 0.1000000000000000056, -2.899999999999999911 ) ) ;
#854 = ORIENTED_EDGE ( 'NONE', *, *, #8540, .T. ) ;
#855 = DIRECTION ( 'NONE',  ( 0.000000000000000000, -0.000000000000000000, 1.000000000000000000 ) ) ;
#856 = EDGE_CURVE ( 'NONE', #790, #2101, #3899, .T. ) ;
#857 = AXIS2_PLACEMENT_3D ( 'NONE', #6826, #6923, #6874 ) ;
#858 = FILL_AREA_STYLE ('',( #7291 ) ) ;
#859 =( NAMED_UNIT ( * ) SI_UNIT ( $, .STERADIAN. ) SOLID_ANGLE_UNIT ( ) );
#860 = SURFACE_SIDE_STYLE ('',( #6649 ) ) ;
#861 = LINE ( 'NONE', #3113, #5538 ) ;
#862 = LINE ( 'NONE', #3439, #4639 ) ;
#863 = VECTOR ( 'NONE', #7644, 1000.000000000000000 ) ;
#864 = ORIENTED_EDGE ( 'NONE', *, *, #7915, .F. ) ;
#865 = PRESENTATION_LAYER_ASSIGNMENT (  '', '', ( #8954 ) ) ;
#866 = DIRECTION ( 'NONE',  ( 0.000000000000000000, 0.000000000000000000, -1.000000000000000000 ) ) ;
#867 = EDGE_LOOP ( 'NONE', ( #1519, #7736, #4839, #2602 ) ) ;
#868 = FILL_AREA_STYLE ('',( #6475 ) ) ;
#869 = STYLED_ITEM ( 'NONE', ( #6163 ), #1489 ) ;
#870 =( REPRESENTATION_RELATIONSHIP ('NONE','NONE', #92, #1695 ) REPRESENTATION_RELATIONSHIP_WITH_TRANSFORMATION ( #7456 )SHAPE_REPRESENTATION_RELATIONSHIP( ) );
#871 = ORIENTED_EDGE ( 'NONE', *, *, #2873, .T. ) ;
#872 = VECTOR ( 'NONE', #4990, 1000.000000000000000 ) ;
#873 = FACE_OUTER_BOUND ( 'NONE', #8263, .T. ) ;
#874 = PRODUCT_DEFINITION_FORMATION_WITH_SPECIFIED_SOURCE ( 'ANY', '', #875, .NOT_KNOWN. ) ;
#875 = PRODUCT ( '1', '1', '', ( #8162 ) ) ;
#876 = VECTOR ( 'NONE', #2241, 1000.000000000000000 ) ;
#877 = FILL_AREA_STYLE ('',( #7178 ) ) ;
#878 = DIRECTION ( 'NONE',  ( 1.000000000000000000, 0.000000000000000000, -5.163828021512360244E-16 ) ) ;
#879 = AXIS2_PLACEMENT_3D ( 'NONE', #4182, #6311, #2740 ) ;
#880 = DIRECTION ( 'NONE',  ( 0.000000000000000000, -0.000000000000000000, -1.000000000000000000 ) ) ;
#881 = ORIENTED_EDGE ( 'NONE', *, *, #4471, .F. ) ;
#882 = COLOUR_RGB ( '',0.7294117647058823151, 0.5176470588235293491, 0.3058823529411764941 ) ;
#883 = EDGE_LOOP ( 'NONE', ( #4591, #8439, #4496, #3071, #1154, #2721, #3606, #8450 ) ) ;
#884 = AXIS2_PLACEMENT_3D ( 'NONE', #1390, #110, #4954 ) ;
#885 = UNCERTAINTY_MEASURE_WITH_UNIT (LENGTH_MEASURE( 1.000000000000000082E-05 ), #3170, 'distance_accuracy_value', 'NONE');
#886 = PRESENTATION_LAYER_ASSIGNMENT (  '', '', ( #2093 ) ) ;
#887 = SURFACE_STYLE_USAGE ( .BOTH. , #1584 ) ;
#888 = FACE_OUTER_BOUND ( 'NONE', #6087, .T. ) ;
#889 = STYLED_ITEM ( 'NONE', ( #9124 ), #2110 ) ;
#890 =( NAMED_UNIT ( * ) SI_UNIT ( $, .STERADIAN. ) SOLID_ANGLE_UNIT ( ) );
#891 = DIRECTION ( 'NONE',  ( 0.000000000000000000, -1.000000000000000000, -0.000000000000000000 ) ) ;
#892 = ORIENTED_EDGE ( 'NONE', *, *, #5792, .T. ) ;
#893 =( NAMED_UNIT ( * ) PLANE_ANGLE_UNIT ( ) SI_UNIT ( $, .RADIAN. ) );
#894 = VECTOR ( 'NONE', #23, 1000.000000000000000 ) ;
#895 = CARTESIAN_POINT ( 'NONE',  ( 5.900000000029099745, -1.099999999989810018, 5.400000000000000355 ) ) ;
#896 = DIRECTION ( 'NONE',  ( 1.000000000000000000, 0.000000000000000000, 0.000000000000000000 ) ) ;
#897 = CIRCLE ( 'NONE', #9156, 0.1000000000000000472 ) ;
#898 =( LENGTH_UNIT ( ) NAMED_UNIT ( * ) SI_UNIT ( .MILLI., .METRE. ) );
#899 = LINE ( 'NONE', #1420, #1619 ) ;
#900 = LINE ( 'NONE', #4368, #1501 ) ;
#901 = DIRECTION ( 'NONE',  ( 1.000000000000000000, 0.000000000000000000, 0.000000000000000000 ) ) ;
#902 = ORIENTED_EDGE ( 'NONE', *, *, #3102, .F. ) ;
#903 = COLOUR_RGB ( '',0.8313725490196077761, 0.8313725490196077761, 0.8313725490196077761 ) ;
#904 = EDGE_CURVE ( 'NONE', #4386, #1756, #3192, .T. ) ;
#905 = DIRECTION ( 'NONE',  ( -1.000000000000000000, 2.386506727942370021E-16, 0.000000000000000000 ) ) ;
#906 = DIRECTION ( 'NONE',  ( 0.000000000000000000, 0.000000000000000000, 1.000000000000000000 ) ) ;
#907 =( GEOMETRIC_REPRESENTATION_CONTEXT ( 3 ) GLOBAL_UNCERTAINTY_ASSIGNED_CONTEXT ( ( #2285 ) ) GLOBAL_UNIT_ASSIGNED_CONTEXT ( ( #3376, #6290, #9155 ) ) REPRESENTATION_CONTEXT ( 'NONE', 'WORKASPACE' ) );
#908 = STYLED_ITEM ( 'NONE', ( #8725 ), #3498 ) ;
#909 = DIRECTION ( 'NONE',  ( 1.000000000000000000, 0.000000000000000000, 0.000000000000000000 ) ) ;
#910 = EDGE_CURVE ( 'NONE', #6103, #1899, #4661, .T. ) ;
#911 = CARTESIAN_POINT ( 'NONE',  ( -5.924094889577418144, -2.366934131628238180, 5.308158727481962380 ) ) ;
#912 = EDGE_CURVE ( 'NONE', #7002, #236, #1085, .T. ) ;
#913 = DIRECTION ( 'NONE',  ( 0.000000000000000000, 0.000000000000000000, -1.000000000000000000 ) ) ;
#914 = LINE ( 'NONE', #954, #5256 ) ;
#915 = DIRECTION ( 'NONE',  ( 0.000000000000000000, 0.000000000000000000, -1.000000000000000000 ) ) ;
#916 =( NAMED_UNIT ( * ) SI_UNIT ( $, .STERADIAN. ) SOLID_ANGLE_UNIT ( ) );
#917 =( NAMED_UNIT ( * ) PLANE_ANGLE_UNIT ( ) SI_UNIT ( $, .RADIAN. ) );
#918 = ORIENTED_EDGE ( 'NONE', *, *, #496, .T. ) ;
#919 = ORIENTED_EDGE ( 'NONE', *, *, #796, .F. ) ;
#920 = LINE ( 'NONE', #7254, #7791 ) ;
#921 = CARTESIAN_POINT ( 'NONE',  ( 0.5499999999999990452, -8.300000000000000711, 2.250000000000000444 ) ) ;
#922 = VECTOR ( 'NONE', #4043, 1000.000000000000000 ) ;
#923 = ORIENTED_EDGE ( 'NONE', *, *, #6698, .T. ) ;
#924 = SURFACE_STYLE_USAGE ( .BOTH. , #8287 ) ;
#925 = DIRECTION ( 'NONE',  ( 0.000000000000000000, 0.000000000000000000, -1.000000000000000000 ) ) ;
#926 = EDGE_CURVE ( 'NONE', #7610, #8946, #6160, .T. ) ;
#927 = EDGE_CURVE ( 'NONE', #5183, #699, #8319, .T. ) ;
#928 = CARTESIAN_POINT ( 'NONE',  ( 5.961381300156010532, -2.203302719417256306, 0.9914789388076469256 ) ) ;
#929 = DIRECTION ( 'NONE',  ( 0.000000000000000000, 0.000000000000000000, -1.000000000000000000 ) ) ;
#930 = CARTESIAN_POINT ( 'NONE',  ( 0.000000000000000000, 0.000000000000000000, 0.000000000000000000 ) ) ;
#931 = DIRECTION ( 'NONE',  ( 0.000000000000000000, 1.000000000000000000, -0.000000000000000000 ) ) ;
#932 = ORIENTED_EDGE ( 'NONE', *, *, #6428, .F. ) ;
#933 = ORIENTED_EDGE ( 'NONE', *, *, #4753, .F. ) ;
#934 = CARTESIAN_POINT ( 'NONE',  ( 5.934165146415340431, -2.257735026898592068, 5.481304907451685082 ) ) ;
#935 = MECHANICAL_DESIGN_GEOMETRIC_PRESENTATION_REPRESENTATION (  '', ( #2738 ), #7694 ) ;
#936 = FACE_OUTER_BOUND ( 'NONE', #4159, .T. ) ;
#937 = VERTEX_POINT ( 'NONE', #7621 ) ;
#938 = ORIENTED_EDGE ( 'NONE', *, *, #6698, .F. ) ;
#939 = FACE_OUTER_BOUND ( 'NONE', #6925, .T. ) ;
#940 = VECTOR ( 'NONE', #8992, 1000.000000000000000 ) ;
#941 = CARTESIAN_POINT ( 'NONE',  ( -3.149999999999999911, 0.1000000000000000056, -2.899999999999999911 ) ) ;
#942 = PLANE ( 'NONE',  #7264 ) ;
#943 = CARTESIAN_POINT ( 'NONE',  ( -2.950000000000000178, 0.000000000000000000, 2.250000000000000444 ) ) ;
#944 = ORIENTED_EDGE ( 'NONE', *, *, #6183, .T. ) ;
#945 = SURFACE_SIDE_STYLE ('',( #5971 ) ) ;
#946 = PRESENTATION_STYLE_ASSIGNMENT (( #158 ) ) ;
#947 = VECTOR ( 'NONE', #4336, 1000.000000000000000 ) ;
#948 = CARTESIAN_POINT ( 'NONE',  ( -0.8499999999999998668, -8.300000000000000711, 4.750000000000000888 ) ) ;
#949 = AXIS2_PLACEMENT_3D ( 'NONE', #6356, #4848, #6214 ) ;
#950 = ADVANCED_FACE ( 'NONE', ( #7672 ), #1330, .T. ) ;
#951 = PRESENTATION_LAYER_ASSIGNMENT (  '', '', ( #3194 ) ) ;
#952 =( NAMED_UNIT ( * ) PLANE_ANGLE_UNIT ( ) SI_UNIT ( $, .RADIAN. ) );
#953 = DIRECTION ( 'NONE',  ( -0.000000000000000000, 0.000000000000000000, 1.000000000000000000 ) ) ;
#954 = CARTESIAN_POINT ( 'NONE',  ( 4.049999999999999822, 2.299999999979629894, 0.000000000000000000 ) ) ;
#955 = CARTESIAN_POINT ( 'NONE',  ( -4.049999999999999822, -2.299999999979629894, 1.100000000000000089 ) ) ;
#956 = DIRECTION ( 'NONE',  ( -1.000000000000000000, 0.000000000000000000, -0.000000000000000000 ) ) ;
#957 =( LENGTH_UNIT ( ) NAMED_UNIT ( * ) SI_UNIT ( .MILLI., .METRE. ) );
#958 = EDGE_LOOP ( 'NONE', ( #1662, #932, #6289, #2135 ) ) ;
#959 = VECTOR ( 'NONE', #3674, 1000.000000000000000 ) ;
#960 = EDGE_LOOP ( 'NONE', ( #1561, #864, #6478, #4557 ) ) ;
#961 = CARTESIAN_POINT ( 'NONE',  ( -6.000000000029100278, -1.000000000000000000, 0.000000000000000000 ) ) ;
#962 = VECTOR ( 'NONE', #5349, 1000.000000000000114 ) ;
#963 = EDGE_CURVE ( 'NONE', #8765, #3316, #4207, .T. ) ;
#964 = ORIENTED_EDGE ( 'NONE', *, *, #926, .F. ) ;
#965 = CARTESIAN_POINT ( 'NONE',  ( -4.049999999999999822, 2.199999999979629806, 1.000000000000000000 ) ) ;
#966 = CARTESIAN_POINT ( 'NONE',  ( 3.250000000000000444, -0.2000000000000000111, 0.000000000000000000 ) ) ;
#967 = COLOUR_RGB ( '',0.2862745098039215508, 0.2862745098039215508, 0.2862745098039215508 ) ;
#968 = FILL_AREA_STYLE ('',( #4490 ) ) ;
#969 = DIRECTION ( 'NONE',  ( 1.000000000000000000, 0.000000000000000000, 0.000000000000000000 ) ) ;
#970 = VERTEX_POINT ( 'NONE', #483 ) ;
#971 = SHAPE_DEFINITION_REPRESENTATION ( #2823, #8548 ) ;
#972 = AXIS2_PLACEMENT_3D ( 'NONE', #2038, #1938, #5782 ) ;
#973 = VERTEX_POINT ( 'NONE', #8441 ) ;
#974 = COLOUR_RGB ( '',0.8313725490196077761, 0.8313725490196077761, 0.8313725490196077761 ) ;
#975 = VERTEX_POINT ( 'NONE', #3423 ) ;
#976 = LINE ( 'NONE', #3089, #4487 ) ;
#977 = UNCERTAINTY_MEASURE_WITH_UNIT (LENGTH_MEASURE( 1.000000000000000082E-05 ), #1396, 'distance_accuracy_value', 'NONE');
#978 =( LENGTH_UNIT ( ) NAMED_UNIT ( * ) SI_UNIT ( .MILLI., .METRE. ) );
#979 = CARTESIAN_POINT ( 'NONE',  ( 3.250000000000000444, -2.799999999999999822, 1.000000000000000000 ) ) ;
#980 = STYLED_ITEM ( 'NONE', ( #6516 ), #7708 ) ;
#981 = STYLED_ITEM ( 'NONE', ( #3667 ), #7073 ) ;
#982 = DIRECTION ( 'NONE',  ( -1.000000000000000000, -0.000000000000000000, 0.000000000000000000 ) ) ;
#983 = CARTESIAN_POINT ( 'NONE',  ( -5.808158727511060881, -2.366934131628240401, 1.075905110451685465 ) ) ;
#984 = CARTESIAN_POINT ( 'NONE',  ( 4.049999999999999822, -1.300690094324699952, 0.5000000000000000000 ) ) ;
#985 = EDGE_CURVE ( 'NONE', #9218, #6137, #7039, .T. ) ;
#986 = FACE_OUTER_BOUND ( 'NONE', #3659, .T. ) ;
#987 = LINE ( 'NONE', #7377, #2382 ) ;
#988 = MECHANICAL_DESIGN_GEOMETRIC_PRESENTATION_REPRESENTATION (  '', ( #4125 ), #1581 ) ;
#989 = STYLED_ITEM ( 'NONE', ( #1678 ), #8119 ) ;
#990 = FACE_OUTER_BOUND ( 'NONE', #8531, .T. ) ;
#991 = CARTESIAN_POINT ( 'NONE',  ( 5.955718880829580009, 2.146138961327065608, 5.544659952694483529 ) ) ;
#992 = PRESENTATION_STYLE_ASSIGNMENT (( #8142 ) ) ;
#993 = ORIENTED_EDGE ( 'NONE', *, *, #4213, .F. ) ;
#994 = FILL_AREA_STYLE_COLOUR ( '', #9268 ) ;
#995 = LINE ( 'NONE', #5301, #672 ) ;
#996 = CARTESIAN_POINT ( 'NONE',  ( 3.649999999999999911, -1.300690094324699952, 1.000000000000000000 ) ) ;
#997 =( GEOMETRIC_REPRESENTATION_CONTEXT ( 3 ) GLOBAL_UNCERTAINTY_ASSIGNED_CONTEXT ( ( #8428 ) ) GLOBAL_UNIT_ASSIGNED_CONTEXT ( ( #422, #6143, #6773 ) ) REPRESENTATION_CONTEXT ( 'NONE', 'WORKASPACE' ) );
#998 =( NAMED_UNIT ( * ) SI_UNIT ( $, .STERADIAN. ) SOLID_ANGLE_UNIT ( ) );
#999 =( NAMED_UNIT ( * ) PLANE_ANGLE_UNIT ( ) SI_UNIT ( $, .RADIAN. ) );
#1000 = CARTESIAN_POINT ( 'NONE',  ( -6.000000000029100278, -2.200000000000000178, 5.400000000000000355 ) ) ;
#1001 = CARTESIAN_POINT ( 'NONE',  ( -5.800000000029109870, -2.200000000000000178, 6.000000000000000000 ) ) ;
#1002 = VERTEX_POINT ( 'NONE', #614 ) ;
#1003 =( NAMED_UNIT ( * ) PLANE_ANGLE_UNIT ( ) SI_UNIT ( $, .RADIAN. ) );
#1004 = STYLED_ITEM ( 'NONE', ( #7545 ), #8823 ) ;
#1005 = ORIENTED_EDGE ( 'NONE', *, *, #7755, .T. ) ;
#1006 = LINE ( 'NONE', #6752, #6750 ) ;
#1007 = LINE ( 'NONE', #2997, #4326 ) ;
#1008 = DIRECTION ( 'NONE',  ( -0.000000000000000000, 0.000000000000000000, 1.000000000000000000 ) ) ;
#1009 = PRESENTATION_LAYER_ASSIGNMENT (  '', '', ( #7625 ) ) ;
#1010 = PRESENTATION_LAYER_ASSIGNMENT (  '', '', ( #4457 ) ) ;
#1011 = DIRECTION ( 'NONE',  ( 0.000000000000000000, 0.000000000000000000, -1.000000000000000000 ) ) ;
#1012 = LINE ( 'NONE', #2417, #3987 ) ;
#1013 = ORIENTED_EDGE ( 'NONE', *, *, #8386, .F. ) ;
#1014 = CARTESIAN_POINT ( 'NONE',  ( -5.900000000029099745, -2.199999999979629806, 0.000000000000000000 ) ) ;
#1015 = AXIS2_PLACEMENT_3D ( 'NONE', #4324, #2088, #8650 ) ;
#1016 = ORIENTED_EDGE ( 'NONE', *, *, #3892, .F. ) ;
#1017 =( GEOMETRIC_REPRESENTATION_CONTEXT ( 3 ) GLOBAL_UNCERTAINTY_ASSIGNED_CONTEXT ( ( #3373 ) ) GLOBAL_UNIT_ASSIGNED_CONTEXT ( ( #6956, #7001, #2011 ) ) REPRESENTATION_CONTEXT ( 'NONE', 'WORKASPACE' ) );
#1018 = EDGE_LOOP ( 'NONE', ( #4364, #9147, #3976, #5487 ) ) ;
#1019 = PRESENTATION_STYLE_ASSIGNMENT (( #6041 ) ) ;
#1020 =( GEOMETRIC_REPRESENTATION_CONTEXT ( 3 ) GLOBAL_UNCERTAINTY_ASSIGNED_CONTEXT ( ( #1959 ) ) GLOBAL_UNIT_ASSIGNED_CONTEXT ( ( #5265, #8873, #249 ) ) REPRESENTATION_CONTEXT ( 'NONE', 'WORKASPACE' ) );
#1021 =( GEOMETRIC_REPRESENTATION_CONTEXT ( 3 ) GLOBAL_UNCERTAINTY_ASSIGNED_CONTEXT ( ( #8205 ) ) GLOBAL_UNIT_ASSIGNED_CONTEXT ( ( #8564, #1585, #7318 ) ) REPRESENTATION_CONTEXT ( 'NONE', 'WORKASPACE' ) );
#1022 = EDGE_CURVE ( 'NONE', #5332, #3232, #7788, .T. ) ;
#1023 = PRODUCT_DEFINITION_CONTEXT ( 'detailed design', #2007, 'design' ) ;
#1024 = DIRECTION ( 'NONE',  ( 0.000000000000000000, -0.000000000000000000, 1.000000000000000000 ) ) ;
#1025 = DIRECTION ( 'NONE',  ( 0.000000000000000000, -0.000000000000000000, 1.000000000000000000 ) ) ;
#1026 =( NAMED_UNIT ( * ) SI_UNIT ( $, .STERADIAN. ) SOLID_ANGLE_UNIT ( ) );
#1027 =( GEOMETRIC_REPRESENTATION_CONTEXT ( 3 ) GLOBAL_UNCERTAINTY_ASSIGNED_CONTEXT ( ( #6286 ) ) GLOBAL_UNIT_ASSIGNED_CONTEXT ( ( #6211, #635, #7858 ) ) REPRESENTATION_CONTEXT ( 'NONE', 'WORKASPACE' ) );
#1028 = VERTEX_POINT ( 'NONE', #6997 ) ;
#1029 = SURFACE_SIDE_STYLE ('',( #283 ) ) ;
#1030 =( NAMED_UNIT ( * ) SI_UNIT ( $, .STERADIAN. ) SOLID_ANGLE_UNIT ( ) );
#1031 = VECTOR ( 'NONE', #728, 1000.000000000000000 ) ;
#1032 = PRESENTATION_STYLE_ASSIGNMENT (( #8175 ) ) ;
#1033 = EDGE_CURVE ( 'NONE', #598, #1524, #7698, .T. ) ;
#1034 =( LENGTH_UNIT ( ) NAMED_UNIT ( * ) SI_UNIT ( .MILLI., .METRE. ) );
#1035 = LINE ( 'NONE', #8867, #5557 ) ;
#1036 = DIRECTION ( 'NONE',  ( -0.5734623443633283246, -0.8192319205190404796, 0.000000000000000000 ) ) ;
#1037 =( NAMED_UNIT ( * ) PLANE_ANGLE_UNIT ( ) SI_UNIT ( $, .RADIAN. ) );
#1038 =( GEOMETRIC_REPRESENTATION_CONTEXT ( 3 ) GLOBAL_UNCERTAINTY_ASSIGNED_CONTEXT ( ( #3330 ) ) GLOBAL_UNIT_ASSIGNED_CONTEXT ( ( #5444, #6102, #7565 ) ) REPRESENTATION_CONTEXT ( 'NONE', 'WORKASPACE' ) );
#1039 = ORIENTED_EDGE ( 'NONE', *, *, #3260, .T. ) ;
#1040 =( NAMED_UNIT ( * ) SI_UNIT ( $, .STERADIAN. ) SOLID_ANGLE_UNIT ( ) );
#1041 = CARTESIAN_POINT ( 'NONE',  ( -4.049999999999999822, -1.300690094324699952, 0.5000000000000000000 ) ) ;
#1042 =( NAMED_UNIT ( * ) SI_UNIT ( $, .STERADIAN. ) SOLID_ANGLE_UNIT ( ) );
#1043 = VECTOR ( 'NONE', #5475, 1000.000000000000000 ) ;
#1044 = VECTOR ( 'NONE', #896, 1000.000000000000000 ) ;
#1045 = CARTESIAN_POINT ( 'NONE',  ( 5.900000000029099745, -2.199999999979630250, 1.099999999999999423 ) ) ;
#1046 = SURFACE_STYLE_USAGE ( .BOTH. , #3989 ) ;
#1047 = DIRECTION ( 'NONE',  ( 1.000000000000000000, 0.000000000000000000, -7.930164461608259947E-17 ) ) ;
#1048 = SURFACE_STYLE_USAGE ( .BOTH. , #7532 ) ;
#1049 = EDGE_CURVE ( 'NONE', #1817, #3496, #8346, .T. ) ;
#1050 = CARTESIAN_POINT ( 'NONE',  ( 0.5499999999999992673, -8.300000000000000711, 4.750000000000000000 ) ) ;
#1051 = CIRCLE ( 'NONE', #8243, 0.1000000000000002831 ) ;
#1052 = STYLED_ITEM ( 'NONE', ( #6878 ), #2493 ) ;
#1053 = CARTESIAN_POINT ( 'NONE',  ( -5.900000000029099745, -2.299999999979629894, 5.400000000000000355 ) ) ;
#1054 = CARTESIAN_POINT ( 'NONE',  ( 6.000000000029100278, -2.299999999979629894, 3.440418332022769921 ) ) ;
#1055 = SURFACE_SIDE_STYLE ('',( #544 ) ) ;
#1056 = ORIENTED_EDGE ( 'NONE', *, *, #3620, .T. ) ;
#1057 = SURFACE_SIDE_STYLE ('',( #309 ) ) ;
#1058 = COLOUR_RGB ( '',0.7450980392156862919, 0.7372549019607843590, 0.7294117647058823151 ) ;
#1059 = CARTESIAN_POINT ( 'NONE',  ( 3.250000000000000000, 2.299999999979629894, 1.100000000000000089 ) ) ;
#1060 = VECTOR ( 'NONE', #6189, 1000.000000000000000 ) ;
#1061 = ORIENTED_EDGE ( 'NONE', *, *, #8560, .F. ) ;
#1062 = CARTESIAN_POINT ( 'NONE',  ( -3.117763191482009866, -2.299999999979629894, 1.100000000000000089 ) ) ;
#1063 = FILL_AREA_STYLE ('',( #2604 ) ) ;
#1064 = STYLED_ITEM ( 'NONE', ( #6846 ), #3611 ) ;
#1065 = DIRECTION ( 'NONE',  ( -0.000000000000000000, 1.000000000000000000, 0.000000000000000000 ) ) ;
#1066 = VERTEX_POINT ( 'NONE', #5621 ) ;
#1067 = FACE_OUTER_BOUND ( 'NONE', #2330, .T. ) ;
#1068 = APPLICATION_PROTOCOL_DEFINITION ( 'draft international standard', 'automotive_design', 1998, #1358 ) ;
#1069 = EDGE_LOOP ( 'NONE', ( #2879, #4887, #2339, #4012 ) ) ;
#1070 = VERTEX_POINT ( 'NONE', #4104 ) ;
#1071 = VECTOR ( 'NONE', #7391, 1000.000000000000000 ) ;
#1072 =( NAMED_UNIT ( * ) SI_UNIT ( $, .STERADIAN. ) SOLID_ANGLE_UNIT ( ) );
#1073 = VECTOR ( 'NONE', #1236, 1000.000000000000000 ) ;
#1074 = UNCERTAINTY_MEASURE_WITH_UNIT (LENGTH_MEASURE( 1.000000000000000082E-05 ), #7246, 'distance_accuracy_value', 'NONE');
#1075 = EDGE_CURVE ( 'NONE', #3510, #5463, #5577, .T. ) ;
#1076 = EDGE_CURVE ( 'NONE', #2993, #4285, #8478, .T. ) ;
#1077 = UNCERTAINTY_MEASURE_WITH_UNIT (LENGTH_MEASURE( 1.000000000000000082E-05 ), #4419, 'distance_accuracy_value', 'NONE');
#1078 = VECTOR ( 'NONE', #9217, 1000.000000000000000 ) ;
#1079 = EDGE_CURVE ( 'NONE', #6175, #5378, #8016, .T. ) ;
#1080 = FACE_OUTER_BOUND ( 'NONE', #378, .T. ) ;
#1081 = DIRECTION ( 'NONE',  ( -0.000000000000000000, -0.000000000000000000, -1.000000000000000000 ) ) ;
#1082 = DIRECTION ( 'NONE',  ( 1.000000000000000000, 0.000000000000000000, -0.000000000000000000 ) ) ;
#1083 = CARTESIAN_POINT ( 'NONE',  ( -5.800000000029100100, -2.799999999999999822, 2.250000000000000444 ) ) ;
#1084 = VERTEX_POINT ( 'NONE', #6024 ) ;
#1085 = LINE ( 'NONE', #2586, #3536 ) ;
#1086 = DIRECTION ( 'NONE',  ( -0.000000000000000000, -1.000000000000000000, -0.000000000000000000 ) ) ;
#1087 = EDGE_CURVE ( 'NONE', #5077, #3515, #251, .T. ) ;
#1088 =( LENGTH_UNIT ( ) NAMED_UNIT ( * ) SI_UNIT ( .MILLI., .METRE. ) );
#1089 = DIRECTION ( 'NONE',  ( 3.330669073875470114E-16, -0.000000000000000000, 1.000000000000000000 ) ) ;
#1090 = PRESENTATION_STYLE_ASSIGNMENT (( #1048 ) ) ;
#1091 = PRESENTATION_LAYER_ASSIGNMENT (  '', '', ( #6348 ) ) ;
#1092 = DIRECTION ( 'NONE',  ( -0.000000000000000000, 1.000000000000000000, 0.000000000000000000 ) ) ;
#1093 = CARTESIAN_POINT ( 'NONE',  ( 5.900086743527171329, -2.799999999999999822, 5.126379046879570467 ) ) ;
#1094 = DIRECTION ( 'NONE',  ( 0.000000000000000000, -1.000000000000000000, -0.000000000000000000 ) ) ;
#1095 = VERTEX_POINT ( 'NONE', #2404 ) ;
#1096 = SURFACE_STYLE_USAGE ( .BOTH. , #4813 ) ;
#1097 = UNCERTAINTY_MEASURE_WITH_UNIT (LENGTH_MEASURE( 1.000000000000000082E-05 ), #5158, 'distance_accuracy_value', 'NONE');
#1098 = DIRECTION ( 'NONE',  ( -0.000000000000000000, -1.000000000000000000, -0.000000000000000000 ) ) ;
#1099 = CARTESIAN_POINT ( 'NONE',  ( 5.900000000029099745, -2.299999999979629894, 2.250000000000000444 ) ) ;
#1100 = VERTEX_POINT ( 'NONE', #8876 ) ;
#1101 = STYLED_ITEM ( 'NONE', ( #6265 ), #6646 ) ;
#1102 = DIRECTION ( 'NONE',  ( 1.000000000000000000, 0.000000000000000000, 0.000000000000000000 ) ) ;
#1103 = SURFACE_STYLE_USAGE ( .BOTH. , #6034 ) ;
#1104 = FILL_AREA_STYLE ('',( #7543 ) ) ;
#1105 = LINE ( 'NONE', #3878, #3108 ) ;
#1106 = ORIENTED_EDGE ( 'NONE', *, *, #3386, .T. ) ;
#1107 =( LENGTH_UNIT ( ) NAMED_UNIT ( * ) SI_UNIT ( .MILLI., .METRE. ) );
#1108 = EDGE_LOOP ( 'NONE', ( #1016, #6374, #1197, #3477 ) ) ;
#1109 = ORIENTED_EDGE ( 'NONE', *, *, #7464, .T. ) ;
#1110 = UNCERTAINTY_MEASURE_WITH_UNIT (LENGTH_MEASURE( 1.000000000000000082E-05 ), #4624, 'distance_accuracy_value', 'NONE');
#1111 = UNCERTAINTY_MEASURE_WITH_UNIT (LENGTH_MEASURE( 1.000000000000000082E-05 ), #5997, 'distance_accuracy_value', 'NONE');
#1112 = CARTESIAN_POINT ( 'NONE',  ( 0.000000000000000000, 2.799999999999999822, 1.100000000000000089 ) ) ;
#1113 = DIRECTION ( 'NONE',  ( 0.000000000000000000, -1.000000000000000000, 0.000000000000000000 ) ) ;
#1114 = PRESENTATION_STYLE_ASSIGNMENT (( #4593 ) ) ;
#1115 = ORIENTED_EDGE ( 'NONE', *, *, #7280, .T. ) ;
#1116 = ADVANCED_FACE ( 'NONE', ( #3111 ), #4565, .T. ) ;
#1117 = LINE ( 'NONE', #3977, #2705 ) ;
#1118 = STYLED_ITEM ( 'NONE', ( #8922 ), #1116 ) ;
#1119 = VECTOR ( 'NONE', #3722, 1000.000000000000000 ) ;
#1120 = DIRECTION ( 'NONE',  ( 0.000000000000000000, -1.000000000000000000, 0.000000000000000000 ) ) ;
#1121 = PLANE ( 'NONE',  #7045 ) ;
#1122 =( NAMED_UNIT ( * ) SI_UNIT ( $, .STERADIAN. ) SOLID_ANGLE_UNIT ( ) );
#1123 =( LENGTH_UNIT ( ) NAMED_UNIT ( * ) SI_UNIT ( .MILLI., .METRE. ) );
#1124 = EDGE_CURVE ( 'NONE', #4448, #3586, #5353, .T. ) ;
#1125 = ORIENTED_EDGE ( 'NONE', *, *, #9177, .F. ) ;
#1126 = CARTESIAN_POINT ( 'NONE',  ( 5.800000000029100100, 2.200000000000000178, 6.000000000000000000 ) ) ;
#1127 = LINE ( 'NONE', #2638, #2006 ) ;
#1128 =( GEOMETRIC_REPRESENTATION_CONTEXT ( 3 ) GLOBAL_UNCERTAINTY_ASSIGNED_CONTEXT ( ( #7492 ) ) GLOBAL_UNIT_ASSIGNED_CONTEXT ( ( #4332, #771, #2097 ) ) REPRESENTATION_CONTEXT ( 'NONE', 'WORKASPACE' ) );
#1129 = CARTESIAN_POINT ( 'NONE',  ( -4.049999999999999822, -2.200000000000000178, 0.5000000000000000000 ) ) ;
#1130 = VECTOR ( 'NONE', #625, 1000.000000000000000 ) ;
#1131 = FILL_AREA_STYLE ('',( #6064 ) ) ;
#1132 = CARTESIAN_POINT ( 'NONE',  ( 3.250000000000000444, 0.2000000000000000111, 2.000000000000000000 ) ) ;
#1133 = VECTOR ( 'NONE', #1341, 1000.000000000000000 ) ;
#1134 = CARTESIAN_POINT ( 'NONE',  ( -3.250000000000000444, 2.799999999999999822, 1.000000000000000000 ) ) ;
#1135 = FACE_OUTER_BOUND ( 'NONE', #678, .T. ) ;
#1136 = LINE ( 'NONE', #8881, #7959 ) ;
#1137 = SURFACE_SIDE_STYLE ('',( #8882 ) ) ;
#1138 = DIRECTION ( 'NONE',  ( 0.000000000000000000, 0.000000000000000000, 1.000000000000000000 ) ) ;
#1139 = EDGE_CURVE ( 'NONE', #8624, #2259, #1280, .T. ) ;
#1140 = VERTEX_POINT ( 'NONE', #1650 ) ;
#1141 = CARTESIAN_POINT ( 'NONE',  ( 5.993309800923566577, -2.248839264927096071, 5.404368729000466054 ) ) ;
#1142 = CARTESIAN_POINT ( 'NONE',  ( 5.900000000029099745, -2.199999999979629806, 1.100000000000000089 ) ) ;
#1143 =( NAMED_UNIT ( * ) PLANE_ANGLE_UNIT ( ) SI_UNIT ( $, .RADIAN. ) );
#1144 = AXIS2_PLACEMENT_3D ( 'NONE', #749, #5672, #3618 ) ;
#1145 = AXIS2_PLACEMENT_3D ( 'NONE', #7991, #8084, #704 ) ;
#1146 = ORIENTED_EDGE ( 'NONE', *, *, #1522, .T. ) ;
#1147 = LINE ( 'NONE', #5323, #6125 ) ;
#1148 = SURFACE_STYLE_FILL_AREA ( #2240 ) ;
#1149 = PRESENTATION_STYLE_ASSIGNMENT (( #7589 ) ) ;
#1150 = FILL_AREA_STYLE_COLOUR ( '', #8932 ) ;
#1151 = CARTESIAN_POINT ( 'NONE',  ( 5.900000000029099745, -2.199999999979629806, 0.000000000000000000 ) ) ;
#1152 = EDGE_CURVE ( 'NONE', #3586, #3232, #5876, .T. ) ;
#1153 = CARTESIAN_POINT ( 'NONE',  ( 4.049999999999999822, 1.300690094324699730, 1.000000000000000000 ) ) ;
#1154 = ORIENTED_EDGE ( 'NONE', *, *, #3894, .T. ) ;
#1155 = CARTESIAN_POINT ( 'NONE',  ( 5.800000000029100988, -2.799999999999999822, 5.163708333923992200 ) ) ;
#1156 = APPLICATION_PROTOCOL_DEFINITION ( 'draft international standard', 'automotive_design', 1998, #6332 ) ;
#1157 = ORIENTED_EDGE ( 'NONE', *, *, #1446, .F. ) ;
#1158 = ORIENTED_EDGE ( 'NONE', *, *, #566, .T. ) ;
#1159 = LINE ( 'NONE', #6188, #1043 ) ;
#1160 = STYLED_ITEM ( 'NONE', ( #340 ), #8991 ) ;
#1161 = DIRECTION ( 'NONE',  ( -0.000000000000000000, -1.000000000000000000, -0.000000000000000000 ) ) ;
#1162 = UNCERTAINTY_MEASURE_WITH_UNIT (LENGTH_MEASURE( 1.000000000000000082E-05 ), #150, 'distance_accuracy_value', 'NONE');
#1163 = CARTESIAN_POINT ( 'NONE',  ( -3.250000000000000444, 2.200000000000000178, 6.000000000000000000 ) ) ;
#1164 = CARTESIAN_POINT ( 'NONE',  ( -5.875094501888884935, -2.233062582872591850, 1.008969336073860745 ) ) ;
#1165 = DIRECTION ( 'NONE',  ( 0.000000000000000000, 0.000000000000000000, 1.000000000000000000 ) ) ;
#1166 = FILL_AREA_STYLE_COLOUR ( '', #5062 ) ;
#1167 = EDGE_LOOP ( 'NONE', ( #1378, #7046, #4786, #7536, #2247, #5068 ) ) ;
#1168 = SURFACE_STYLE_USAGE ( .BOTH. , #377 ) ;
#1169 = EDGE_LOOP ( 'NONE', ( #5054, #2230, #4865, #5003 ) ) ;
#1170 = PRESENTATION_LAYER_ASSIGNMENT (  '', '', ( #8674 ) ) ;
#1171 = DIRECTION ( 'NONE',  ( 0.000000000000000000, 0.000000000000000000, -1.000000000000000000 ) ) ;
#1172 =( NAMED_UNIT ( * ) SI_UNIT ( $, .STERADIAN. ) SOLID_ANGLE_UNIT ( ) );
#1173 = VERTEX_POINT ( 'NONE', #3814 ) ;
#1174 = PRESENTATION_LAYER_ASSIGNMENT (  '', '', ( #9282 ) ) ;
#1175 = CARTESIAN_POINT ( 'NONE',  ( -2.949999999999996181, -2.799999999999999822, 4.750000000000000000 ) ) ;
#1176 = CARTESIAN_POINT ( 'NONE',  ( 5.904368729029565444, 2.248839264927096071, 5.493309800894467188 ) ) ;
#1177 = EDGE_CURVE ( 'NONE', #4439, #1292, #9080, .T. ) ;
#1178 = SURFACE_SIDE_STYLE ('',( #3775 ) ) ;
#1179 = LINE ( 'NONE', #4030, #6829 ) ;
#1180 = ORIENTED_EDGE ( 'NONE', *, *, #5305, .F. ) ;
#1181 = PRESENTATION_STYLE_ASSIGNMENT (( #4841 ) ) ;
#1182 =( LENGTH_UNIT ( ) NAMED_UNIT ( * ) SI_UNIT ( .MILLI., .METRE. ) );
#1183 = AXIS2_PLACEMENT_3D ( 'NONE', #979, #4767, #5247 ) ;
#1184 = PRESENTATION_STYLE_ASSIGNMENT (( #5551 ) ) ;
#1185 = VECTOR ( 'NONE', #6938, 1000.000000000000000 ) ;
#1186 = PRESENTATION_LAYER_ASSIGNMENT (  '', '', ( #5228 ) ) ;
#1187 = PRODUCT_DEFINITION ( 'UNKNOWN', '', #8377, #6858 ) ;
#1188 = STYLED_ITEM ( 'NONE', ( #103 ), #4562 ) ;
#1189 = CARTESIAN_POINT ( 'NONE',  ( -5.900000000029099745, -2.199999999979629806, 1.100000000000000089 ) ) ;
#1190 = PRESENTATION_STYLE_ASSIGNMENT (( #5505 ) ) ;
#1191 = LINE ( 'NONE', #8187, #922 ) ;
#1192 = SURFACE_STYLE_FILL_AREA ( #8420 ) ;
#1193 = EDGE_CURVE ( 'NONE', #2688, #6477, #3387, .T. ) ;
#1194 = ADVANCED_FACE ( 'NONE', ( #8061 ), #3158, .T. ) ;
#1195 = DIRECTION ( 'NONE',  ( 9.405659688730725106E-16, 0.000000000000000000, -1.000000000000000000 ) ) ;
#1196 = DIRECTION ( 'NONE',  ( 0.000000000000000000, -1.000000000000000000, -0.000000000000000000 ) ) ;
#1197 = ORIENTED_EDGE ( 'NONE', *, *, #7855, .T. ) ;
#1198 = MECHANICAL_DESIGN_GEOMETRIC_PRESENTATION_REPRESENTATION (  '', ( #8107 ), #8977 ) ;
#1199 = VECTOR ( 'NONE', #4807, 1000.000000000000000 ) ;
#1200 = UNCERTAINTY_MEASURE_WITH_UNIT (LENGTH_MEASURE( 1.000000000000000082E-05 ), #2692, 'distance_accuracy_value', 'NONE');
#1201 = CARTESIAN_POINT ( 'NONE',  ( 6.057966438333059145, 2.099191034116950849, 1.057969723762394176 ) ) ;
#1202 = VECTOR ( 'NONE', #61, 1000.000000000000000 ) ;
#1203 = ORIENTED_EDGE ( 'NONE', *, *, #5207, .T. ) ;
#1204 = EDGE_CURVE ( 'NONE', #7611, #8079, #2481, .T. ) ;
#1205 = FACE_OUTER_BOUND ( 'NONE', #3365, .T. ) ;
#1206 = SURFACE_STYLE_FILL_AREA ( #1063 ) ;
#1207 =( NAMED_UNIT ( * ) PLANE_ANGLE_UNIT ( ) SI_UNIT ( $, .RADIAN. ) );
#1208 = FILL_AREA_STYLE ('',( #9035 ) ) ;
#1209 = VECTOR ( 'NONE', #7414, 1000.000000000000000 ) ;
#1210 = CARTESIAN_POINT ( 'NONE',  ( -6.500000000000000888, -2.799999999999999822, 0.000000000000000000 ) ) ;
#1211 = CARTESIAN_POINT ( 'NONE',  ( 5.900000000029100633, -2.299999999979629894, 1.100000000000000089 ) ) ;
#1212 = ORIENTED_EDGE ( 'NONE', *, *, #152, .F. ) ;
#1213 = CARTESIAN_POINT ( 'NONE',  ( 2.750000000000000000, -0.2000000000000000111, -3.000000000000000000 ) ) ;
#1214 = VECTOR ( 'NONE', #1241, 1000.000000000000000 ) ;
#1215 = VERTEX_POINT ( 'NONE', #1132 ) ;
#1216 = VERTEX_POINT ( 'NONE', #1979 ) ;
#1217 = EDGE_CURVE ( 'NONE', #2273, #6230, #1337, .T. ) ;
#1218 = ADVANCED_FACE ( 'NONE', ( #6928 ), #9072, .F. ) ;
#1219 = PLANE ( 'NONE',  #8986 ) ;
#1220 =( GEOMETRIC_REPRESENTATION_CONTEXT ( 3 ) GLOBAL_UNCERTAINTY_ASSIGNED_CONTEXT ( ( #885 ) ) GLOBAL_UNIT_ASSIGNED_CONTEXT ( ( #3170, #2560, #5325 ) ) REPRESENTATION_CONTEXT ( 'NONE', 'WORKASPACE' ) );
#1221 = UNCERTAINTY_MEASURE_WITH_UNIT (LENGTH_MEASURE( 1.000000000000000082E-05 ), #1034, 'distance_accuracy_value', 'NONE');
#1222 = ORIENTED_EDGE ( 'NONE', *, *, #5501, .F. ) ;
#1223 = CARTESIAN_POINT ( 'NONE',  ( -5.991030663955241309, -2.233062582872590074, 1.124905498140213789 ) ) ;
#1224 = DIRECTION ( 'NONE',  ( 0.000000000000000000, -0.000000000000000000, -1.000000000000000000 ) ) ;
#1225 = SURFACE_STYLE_USAGE ( .BOTH. , #4646 ) ;
#1226 = DIRECTION ( 'NONE',  ( 0.000000000000000000, 0.000000000000000000, 1.000000000000000000 ) ) ;
#1227 = ORIENTED_EDGE ( 'NONE', *, *, #2846, .T. ) ;
#1228 = SURFACE_STYLE_FILL_AREA ( #572 ) ;
#1229 = VECTOR ( 'NONE', #8973, 1000.000000000000000 ) ;
#1230 = CARTESIAN_POINT ( 'NONE',  ( -5.900000000029098857, 2.199999999979629806, 5.500000000000001776 ) ) ;
#1231 = DIRECTION ( 'NONE',  ( -0.000000000000000000, 1.000000000000000000, -0.000000000000000000 ) ) ;
#1232 = SURFACE_STYLE_USAGE ( .BOTH. , #6394 ) ;
#1233 = SURFACE_STYLE_USAGE ( .BOTH. , #1969 ) ;
#1234 = SURFACE_STYLE_FILL_AREA ( #2166 ) ;
#1235 = VERTEX_POINT ( 'NONE', #8278 ) ;
#1236 = DIRECTION ( 'NONE',  ( -0.000000000000000000, 0.000000000000000000, -1.000000000000000000 ) ) ;
#1237 = LINE ( 'NONE', #6105, #8182 ) ;
#1238 =( NAMED_UNIT ( * ) SI_UNIT ( $, .STERADIAN. ) SOLID_ANGLE_UNIT ( ) );
#1239 = CARTESIAN_POINT ( 'NONE',  ( 5.800000000029100100, -2.299999999979629894, 2.250000000000000444 ) ) ;
#1240 = LINE ( 'NONE', #6972, #5526 ) ;
#1241 = DIRECTION ( 'NONE',  ( -1.000000000000000000, 0.000000000000000000, -0.000000000000000000 ) ) ;
#1242 =( NAMED_UNIT ( * ) PLANE_ANGLE_UNIT ( ) SI_UNIT ( $, .RADIAN. ) );
#1243 = LINE ( 'NONE', #4706, #9252 ) ;
#1244 = EDGE_LOOP ( 'NONE', ( #6763, #1955, #8584, #5709, #2196, #7656 ) ) ;
#1245 = PRESENTATION_STYLE_ASSIGNMENT (( #9086 ) ) ;
#1246 = EDGE_CURVE ( 'NONE', #5378, #5436, #1440, .T. ) ;
#1247 = MECHANICAL_DESIGN_GEOMETRIC_PRESENTATION_REPRESENTATION (  '', ( #4088 ), #8165 ) ;
#1248 = CARTESIAN_POINT ( 'NONE',  ( -5.900000000029099745, 2.199999999979629806, 0.000000000000000000 ) ) ;
#1250 = DIRECTION ( 'NONE',  ( -0.000000000000000000, 1.000000000000000000, 0.000000000000000000 ) ) ;
#1249 = STYLED_ITEM ( 'NONE', ( #8930 ), #6537 ) ;
#1251 = DIRECTION ( 'NONE',  ( -0.000000000000000000, -0.000000000000000000, -1.000000000000000000 ) ) ;
#1252 = PRESENTATION_STYLE_ASSIGNMENT (( #6223 ) ) ;
#1253 = PLANE ( 'NONE',  #111 ) ;
#1254 =( NAMED_UNIT ( * ) SI_UNIT ( $, .STERADIAN. ) SOLID_ANGLE_UNIT ( ) );
#1255 = EDGE_CURVE ( 'NONE', #3623, #7637, #2333, .T. ) ;
#1256 = ORIENTED_EDGE ( 'NONE', *, *, #6108, .T. ) ;
#1257 = VECTOR ( 'NONE', #2318, 1000.000000000000114 ) ;
#1258 = ORIENTED_EDGE ( 'NONE', *, *, #8524, .T. ) ;
#1259 = VERTEX_POINT ( 'NONE', #4129 ) ;
#1260 = CARTESIAN_POINT ( 'NONE',  ( -3.649999999999999911, -2.050345047162350109, 0.5000000000000000000 ) ) ;
#1261 = PRESENTATION_LAYER_ASSIGNMENT (  '', '', ( #1101 ) ) ;
#1262 = VERTEX_POINT ( 'NONE', #1239 ) ;
#1263 = FILL_AREA_STYLE_COLOUR ( '', #1366 ) ;
#1264 = DIRECTION ( 'NONE',  ( -1.000000000000000000, -0.000000000000000000, -0.000000000000000000 ) ) ;
#1265 = ADVANCED_FACE ( 'NONE', ( #4081 ), #1823, .T. ) ;
#1266 =( LENGTH_UNIT ( ) NAMED_UNIT ( * ) SI_UNIT ( .MILLI., .METRE. ) );
#1267 = ORIENTED_EDGE ( 'NONE', *, *, #6232, .F. ) ;
#1268 = FACE_OUTER_BOUND ( 'NONE', #8144, .T. ) ;
#1269 = DIRECTION ( 'NONE',  ( 0.000000000000000000, 0.000000000000000000, -1.000000000000000000 ) ) ;
#1270 = STYLED_ITEM ( 'NONE', ( #4073 ), #742 ) ;
#1271 = CARTESIAN_POINT ( 'NONE',  ( 5.800000000029100100, -2.799999999999999822, 2.250000000000000444 ) ) ;
#1272 = MECHANICAL_DESIGN_GEOMETRIC_PRESENTATION_REPRESENTATION (  '', ( #7728 ), #6368 ) ;
#1273 =( LENGTH_UNIT ( ) NAMED_UNIT ( * ) SI_UNIT ( .MILLI., .METRE. ) );
#1274 = LINE ( 'NONE', #6248, #3369 ) ;
#1275 = EDGE_CURVE ( 'NONE', #168, #6609, #634, .T. ) ;
#1276 = ORIENTED_EDGE ( 'NONE', *, *, #3025, .T. ) ;
#1277 = CARTESIAN_POINT ( 'NONE',  ( -2.949999999999999734, 2.799999999999999822, 2.250000000000000444 ) ) ;
#1278 = LINE ( 'NONE', #3243, #1863 ) ;
#1279 = ORIENTED_EDGE ( 'NONE', *, *, #2979, .F. ) ;
#1280 = CIRCLE ( 'NONE', #6539, 0.1000000000000002554 ) ;
#1281 = MANIFOLD_SOLID_BREP ( 'Imported1', #3400 ) ;
#1282 = VECTOR ( 'NONE', #2282, 1000.000000000000114 ) ;
#1283 = CARTESIAN_POINT ( 'NONE',  ( 5.800000000029100100, -2.200000000000000178, 6.000000000000000000 ) ) ;
#1284 = DIRECTION ( 'NONE',  ( -0.000000000000000000, -1.000000000000000000, -0.000000000000000000 ) ) ;
#1285 =( LENGTH_UNIT ( ) NAMED_UNIT ( * ) SI_UNIT ( .MILLI., .METRE. ) );
#1286 = VECTOR ( 'NONE', #6772, 1000.000000000000000 ) ;
#1287 =( NAMED_UNIT ( * ) PLANE_ANGLE_UNIT ( ) SI_UNIT ( $, .RADIAN. ) );
#1288 = FILL_AREA_STYLE ('',( #2699 ) ) ;
#1289 = DIRECTION ( 'NONE',  ( -0.000000000000000000, -1.000000000000000000, 0.000000000000000000 ) ) ;
#1290 = MECHANICAL_DESIGN_GEOMETRIC_PRESENTATION_REPRESENTATION (  '', ( #980 ), #4578 ) ;
#1291 = EDGE_CURVE ( 'NONE', #1352, #5849, #2818, .T. ) ;
#1292 = VERTEX_POINT ( 'NONE', #5072 ) ;
#1293 =( NAMED_UNIT ( * ) PLANE_ANGLE_UNIT ( ) SI_UNIT ( $, .RADIAN. ) );
#1294 = UNCERTAINTY_MEASURE_WITH_UNIT (LENGTH_MEASURE( 1.000000000000000082E-05 ), #7140, 'distance_accuracy_value', 'NONE');
#1295 =( LENGTH_UNIT ( ) NAMED_UNIT ( * ) SI_UNIT ( .MILLI., .METRE. ) );
#1296 =( LENGTH_UNIT ( ) NAMED_UNIT ( * ) SI_UNIT ( .MILLI., .METRE. ) );
#1297 =( GEOMETRIC_REPRESENTATION_CONTEXT ( 3 ) GLOBAL_UNCERTAINTY_ASSIGNED_CONTEXT ( ( #5413 ) ) GLOBAL_UNIT_ASSIGNED_CONTEXT ( ( #3717, #3805, #154 ) ) REPRESENTATION_CONTEXT ( 'NONE', 'WORKASPACE' ) );
#1298 = PLANE ( 'NONE',  #7031 ) ;
#1299 = ADVANCED_FACE ( 'NONE', ( #7954 ), #2377, .T. ) ;
#1300 = SURFACE_SIDE_STYLE ('',( #7734 ) ) ;
#1301 = CYLINDRICAL_SURFACE ( 'NONE', #4138, 0.5999999999999998668 ) ;
#1302 = ORIENTED_EDGE ( 'NONE', *, *, #1446, .T. ) ;
#1303 = LINE ( 'NONE', #9243, #4544 ) ;
#1304 =( GEOMETRIC_REPRESENTATION_CONTEXT ( 3 ) GLOBAL_UNCERTAINTY_ASSIGNED_CONTEXT ( ( #7581 ) ) GLOBAL_UNIT_ASSIGNED_CONTEXT ( ( #8351, #2727, #7702 ) ) REPRESENTATION_CONTEXT ( 'NONE', 'WORKASPACE' ) );
#1305 = ORIENTED_EDGE ( 'NONE', *, *, #7845, .T. ) ;
#1306 = ORIENTED_EDGE ( 'NONE', *, *, #6906, .T. ) ;
#1307 = CARTESIAN_POINT ( 'NONE',  ( 5.957735026948065560, 2.257735026898590736, 5.457735026918961729 ) ) ;
#1308 = ADVANCED_FACE ( 'NONE', ( #9226 ), #2783, .T. ) ;
#1309 = UNCERTAINTY_MEASURE_WITH_UNIT (LENGTH_MEASURE( 1.000000000000000082E-05 ), #2696, 'distance_accuracy_value', 'NONE');
#1310 = MECHANICAL_DESIGN_GEOMETRIC_PRESENTATION_REPRESENTATION (  '', ( #1004 ), #4900 ) ;
#1311 = UNCERTAINTY_MEASURE_WITH_UNIT (LENGTH_MEASURE( 1.000000000000000082E-05 ), #376, 'distance_accuracy_value', 'NONE');
#1312 = VERTEX_POINT ( 'NONE', #4684 ) ;
#1313 = EDGE_CURVE ( 'NONE', #5023, #670, #1322, .T. ) ;
#1314 = DIRECTION ( 'NONE',  ( -1.000000000000000000, -0.000000000000000000, 0.000000000000000000 ) ) ;
#1315 = PLANE ( 'NONE',  #2951 ) ;
#1316 = VERTEX_POINT ( 'NONE', #3021 ) ;
#1317 = DIRECTION ( 'NONE',  ( 0.000000000000000000, -1.000000000000000000, 0.000000000000000000 ) ) ;
#1318 = EDGE_LOOP ( 'NONE', ( #3828, #4508, #8235, #4772 ) ) ;
#1319 = CARTESIAN_POINT ( 'NONE',  ( 0.2500000000000000000, 0.2000000000000000111, 0.000000000000000000 ) ) ;
#1320 = LINE ( 'NONE', #2677, #4189 ) ;
#1321 = PLANE ( 'NONE',  #6902 ) ;
#1322 = CIRCLE ( 'NONE', #2967, 0.1000000000000000333 ) ;
#1323 = EDGE_CURVE ( 'NONE', #4285, #6903, #6410, .T. ) ;
#1324 = EDGE_CURVE ( 'NONE', #6175, #5122, #9121, .T. ) ;
#1325 = MECHANICAL_DESIGN_GEOMETRIC_PRESENTATION_REPRESENTATION (  '', ( #1460 ), #5806 ) ;
#1326 = CARTESIAN_POINT ( 'NONE',  ( 5.900000000000000355, -2.199999999999999734, 6.000000000000000000 ) ) ;
#1327 = PRODUCT_DEFINITION_SHAPE ( 'NONE', 'NONE',  #6179 ) ;
#1328 = ORIENTED_EDGE ( 'NONE', *, *, #6595, .T. ) ;
#1329 = CARTESIAN_POINT ( 'NONE',  ( 5.900000000000000355, 2.200000000000000178, 5.400000000000000355 ) ) ;
#1330 = PLANE ( 'NONE',  #685 ) ;
#1331 = CARTESIAN_POINT ( 'NONE',  ( -6.500000000000000888, -2.799999999999999822, 3.250000000000000444 ) ) ;
#1332 = DIRECTION ( 'NONE',  ( 0.000000000000000000, 0.000000000000000000, 1.000000000000000000 ) ) ;
#1333 = EDGE_LOOP ( 'NONE', ( #1222, #7216, #4678, #993 ) ) ;
#1334 = COLOUR_RGB ( '',0.7450980392156862919, 0.7372549019607843590, 0.7294117647058823151 ) ;
#1335 = EDGE_CURVE ( 'NONE', #7135, #462, #7820, .T. ) ;
#1336 = AXIS2_PLACEMENT_3D ( 'NONE', #4319, #4462, #7330 ) ;
#1337 = LINE ( 'NONE', #6833, #552 ) ;
#1338 = FILL_AREA_STYLE_COLOUR ( '', #6793 ) ;
#1339 = CARTESIAN_POINT ( 'NONE',  ( -2.750000000000000000, 0.2000000000000000111, 0.000000000000000000 ) ) ;
#1340 = LINE ( 'NONE', #9078, #6522 ) ;
#1341 = DIRECTION ( 'NONE',  ( -1.000000000000000000, -0.000000000000000000, 0.000000000000000000 ) ) ;
#1342 = EDGE_LOOP ( 'NONE', ( #1614, #1367, #2665, #6552 ) ) ;
#1343 = AXIS2_PLACEMENT_3D ( 'NONE', #269, #6853, #4632 ) ;
#1344 = STYLED_ITEM ( 'NONE', ( #1616 ), #2619 ) ;
#1345 = VECTOR ( 'NONE', #2982, 1000.000000000000000 ) ;
#1346 = ORIENTED_EDGE ( 'NONE', *, *, #3333, .F. ) ;
#1347 = AXIS2_PLACEMENT_3D ( 'NONE', #3553, #4289, #1950 ) ;
#1348 =( GEOMETRIC_REPRESENTATION_CONTEXT ( 3 ) GLOBAL_UNCERTAINTY_ASSIGNED_CONTEXT ( ( #7604 ) ) GLOBAL_UNIT_ASSIGNED_CONTEXT ( ( #5380, #8203, #1072 ) ) REPRESENTATION_CONTEXT ( 'NONE', 'WORKASPACE' ) );
#1349 =( GEOMETRIC_REPRESENTATION_CONTEXT ( 3 ) GLOBAL_UNCERTAINTY_ASSIGNED_CONTEXT ( ( #4300 ) ) GLOBAL_UNIT_ASSIGNED_CONTEXT ( ( #524, #4834, #6148 ) ) REPRESENTATION_CONTEXT ( 'NONE', 'WORKASPACE' ) );
#1350 = DIRECTION ( 'NONE',  ( 0.000000000000000000, -0.000000000000000000, -1.000000000000000000 ) ) ;
#1351 = VECTOR ( 'NONE', #3236, 1000.000000000000000 ) ;
#1352 = VERTEX_POINT ( 'NONE', #53 ) ;
#1353 = PLANE ( 'NONE',  #1402 ) ;
#1354 = ORIENTED_EDGE ( 'NONE', *, *, #8711, .T. ) ;
#1355 = ORIENTED_EDGE ( 'NONE', *, *, #652, .T. ) ;
#1356 = LINE ( 'NONE', #8536, #2402 ) ;
#1357 = MECHANICAL_DESIGN_GEOMETRIC_PRESENTATION_REPRESENTATION (  '', ( #7349 ), #8556 ) ;
#1358 = APPLICATION_CONTEXT ( 'automotive_design' ) ;
#1359 = VERTEX_POINT ( 'NONE', #3675 ) ;
#1360 = LINE ( 'NONE', #1163, #6611 ) ;
#1361 = AXIS2_PLACEMENT_3D ( 'NONE', #2561, #8245, #8384 ) ;
#1362 =( NAMED_UNIT ( * ) SI_UNIT ( $, .STERADIAN. ) SOLID_ANGLE_UNIT ( ) );
#1363 = MANIFOLD_SOLID_BREP ( 'Imported1', #2950 ) ;
#1364 =( LENGTH_UNIT ( ) NAMED_UNIT ( * ) SI_UNIT ( .MILLI., .METRE. ) );
#1365 = ORIENTED_EDGE ( 'NONE', *, *, #3435, .T. ) ;
#1366 = COLOUR_RGB ( '',0.7294117647058823151, 0.5176470588235293491, 0.3058823529411764941 ) ;
#1367 = ORIENTED_EDGE ( 'NONE', *, *, #7448, .F. ) ;
#1368 =( NAMED_UNIT ( * ) SI_UNIT ( $, .STERADIAN. ) SOLID_ANGLE_UNIT ( ) );
#1369 = PRESENTATION_LAYER_ASSIGNMENT (  '', '', ( #1064 ) ) ;
#1370 = ADVANCED_FACE ( 'NONE', ( #3096 ), #1298, .T. ) ;
#1371 = LINE ( 'NONE', #2023, #4794 ) ;
#1372 = LINE ( 'NONE', #2684, #2614 ) ;
#1373 =( NAMED_UNIT ( * ) SI_UNIT ( $, .STERADIAN. ) SOLID_ANGLE_UNIT ( ) );
#1374 = ORIENTED_EDGE ( 'NONE', *, *, #7128, .T. ) ;
#1375 = VECTOR ( 'NONE', #5085, 1000.000000000000000 ) ;
#1376 = CARTESIAN_POINT ( 'NONE',  ( -6.000000000029100278, 2.799999999999999378, 0.000000000000000000 ) ) ;
#1377 = ADVANCED_FACE ( 'NONE', ( #8575 ), #7688, .F. ) ;
#1378 = ORIENTED_EDGE ( 'NONE', *, *, #6620, .T. ) ;
#1379 = MANIFOLD_SOLID_BREP ( 'Imported1', #7904 ) ;
#1380 = FILL_AREA_STYLE_COLOUR ( '', #5658 ) ;
#1381 = CARTESIAN_POINT ( 'NONE',  ( 6.000000000029100278, -1.000000000000000000, 0.000000000000000000 ) ) ;
#1382 = CARTESIAN_POINT ( 'NONE',  ( -3.250000000000000444, 2.299999999979629894, 1.100000000000000089 ) ) ;
#1383 = ORIENTED_EDGE ( 'NONE', *, *, #3728, .F. ) ;
#1384 =( NAMED_UNIT ( * ) SI_UNIT ( $, .STERADIAN. ) SOLID_ANGLE_UNIT ( ) );
#1385 = ADVANCED_FACE ( 'NONE', ( #8519 ), #4953, .F. ) ;
#1386 = UNCERTAINTY_MEASURE_WITH_UNIT (LENGTH_MEASURE( 1.000000000000000082E-05 ), #9219, 'distance_accuracy_value', 'NONE');
#1387 = EDGE_CURVE ( 'NONE', #3676, #3329, #107, .T. ) ;
#1388 = LINE ( 'NONE', #2138, #520 ) ;
#1389 = AXIS2_PLACEMENT_3D ( 'NONE', #3296, #7477, #3188 ) ;
#1390 = CARTESIAN_POINT ( 'NONE',  ( -5.900000000029099745, 2.199999999979629806, 5.400000000000000355 ) ) ;
#1391 = PLANE ( 'NONE',  #3224 ) ;
#1392 = SURFACE_SIDE_STYLE ('',( #5044 ) ) ;
#1393 = DIRECTION ( 'NONE',  ( 0.000000000000000000, 0.000000000000000000, -1.000000000000000000 ) ) ;
#1394 = EDGE_LOOP ( 'NONE', ( #2702, #8830, #2529, #5440, #7042, #5211, #8888, #5572 ) ) ;
#1395 = EDGE_CURVE ( 'NONE', #3133, #1070, #7930, .T. ) ;
#1396 =( LENGTH_UNIT ( ) NAMED_UNIT ( * ) SI_UNIT ( .MILLI., .METRE. ) );
#1397 = ORIENTED_EDGE ( 'NONE', *, *, #2109, .T. ) ;
#1398 = EDGE_LOOP ( 'NONE', ( #1227, #6277, #6916, #4481, #6806, #933, #3471, #2668, #8354, #66, #4314, #7714 ) ) ;
#1399 =( GEOMETRIC_REPRESENTATION_CONTEXT ( 3 ) GLOBAL_UNCERTAINTY_ASSIGNED_CONTEXT ( ( #6538 ) ) GLOBAL_UNIT_ASSIGNED_CONTEXT ( ( #177, #7219, #5192 ) ) REPRESENTATION_CONTEXT ( 'NONE', 'WORKASPACE' ) );
#1400 = FILL_AREA_STYLE ('',( #2902 ) ) ;
#1401 = UNCERTAINTY_MEASURE_WITH_UNIT (LENGTH_MEASURE( 1.000000000000000082E-05 ), #2034, 'distance_accuracy_value', 'NONE');
#1402 = AXIS2_PLACEMENT_3D ( 'NONE', #5002, #7833, #1521 ) ;
#1403 = CARTESIAN_POINT ( 'NONE',  ( -6.500000000000000888, 0.000000000000000000, 0.000000000000000000 ) ) ;
#1404 = SURFACE_STYLE_USAGE ( .BOTH. , #7047 ) ;
#1405 = ORIENTED_EDGE ( 'NONE', *, *, #4402, .F. ) ;
#1406 =( NAMED_UNIT ( * ) PLANE_ANGLE_UNIT ( ) SI_UNIT ( $, .RADIAN. ) );
#1407 = DIRECTION ( 'NONE',  ( -0.5734623443633283246, -0.8192319205190404796, 0.000000000000000000 ) ) ;
#1408 =( REPRESENTATION_RELATIONSHIP ('NONE','NONE', #6774, #7778 ) REPRESENTATION_RELATIONSHIP_WITH_TRANSFORMATION ( #2662 )SHAPE_REPRESENTATION_RELATIONSHIP( ) );
#1409 = SURFACE_STYLE_FILL_AREA ( #2635 ) ;
#1410 = SURFACE_SIDE_STYLE ('',( #3663 ) ) ;
#1411 = DIRECTION ( 'NONE',  ( 5.163828021512360244E-16, 0.000000000000000000, 1.000000000000000000 ) ) ;
#1412 =( BOUNDED_SURFACE ( )  B_SPLINE_SURFACE ( 3, 3, ( 
 ( #232, #5022, #187, #843 ),
 ( #7945, #6584, #2257, #8817 ),
 ( #3050, #8735, #1456, #8691 ),
 ( #3664, #1499, #7902, #7994 ) ),
 .UNSPECIFIED., .F., .F., .F. ) 
 B_SPLINE_SURFACE_WITH_KNOTS ( ( 4, 4 ),
 ( 4, 4 ),
 ( 0.000000000000000000, 1.000000000000000000 ),
 ( 0.000000000000000000, 1.000000000000000000 ),
 .UNSPECIFIED. ) 
 GEOMETRIC_REPRESENTATION_ITEM ( )  RATIONAL_B_SPLINE_SURFACE ( (
 ( 1.000000000000000000, 0.3333333333333370896, 0.3333333333333370896, 1.000000000000000000),
 ( 0.9245018060306346985, 0.3081672686768817115, 0.3081672686768817115, 0.9245018060306346985),
 ( 0.9245018060306346985, 0.3081672686768817115, 0.3081672686768817115, 0.9245018060306346985),
 ( 1.000000000000000000, 0.3333333333333370896, 0.3333333333333370896, 1.000000000000000000) ) ) 
 REPRESENTATION_ITEM ( '' )  SURFACE ( )  );
#1413 = ORIENTED_EDGE ( 'NONE', *, *, #3261, .T. ) ;
#1414 = LINE ( 'NONE', #4173, #106 ) ;
#1415 = EDGE_CURVE ( 'NONE', #3502, #746, #5040, .T. ) ;
#1416 = AXIS2_PLACEMENT_3D ( 'NONE', #6205, #4699, #6875 ) ;
#1417 = FACE_OUTER_BOUND ( 'NONE', #5346, .T. ) ;
#1418 = COLOUR_RGB ( '',0.2862745098039215508, 0.2862745098039215508, 0.2862745098039215508 ) ;
#1419 = SURFACE_STYLE_FILL_AREA ( #6257 ) ;
#1420 = CARTESIAN_POINT ( 'NONE',  ( 3.649999999999999911, 1.300690094324699952, 1.000000000000000000 ) ) ;
#1421 = CARTESIAN_POINT ( 'NONE',  ( -6.000000000029100278, 2.299999999979629894, 1.100000000000000089 ) ) ;
#1422 = ORIENTED_EDGE ( 'NONE', *, *, #2014, .F. ) ;
#1423 = PRESENTATION_STYLE_ASSIGNMENT (( #4989 ) ) ;
#1424 = CARTESIAN_POINT ( 'NONE',  ( 5.875094501888884047, -2.233062582872592294, 5.491030663926140143 ) ) ;
#1425 = VECTOR ( 'NONE', #7525, 1000.000000000000000 ) ;
#1426 = CARTESIAN_POINT ( 'NONE',  ( 3.649999999999999911, 2.200000000000000178, 0.5000000000000000000 ) ) ;
#1427 =( GEOMETRIC_REPRESENTATION_CONTEXT ( 3 ) GLOBAL_UNCERTAINTY_ASSIGNED_CONTEXT ( ( #3545 ) ) GLOBAL_UNIT_ASSIGNED_CONTEXT ( ( #8000, #8605, #3628 ) ) REPRESENTATION_CONTEXT ( 'NONE', 'WORKASPACE' ) );
#1428 = ORIENTED_EDGE ( 'NONE', *, *, #5333, .T. ) ;
#1429 = CARTESIAN_POINT ( 'NONE',  ( -2.750000000000000000, -0.2000000000000000111, -2.799999999999999822 ) ) ;
#1430 = DIRECTION ( 'NONE',  ( -0.5734623443633278805, 0.8192319205190407017, 0.000000000000000000 ) ) ;
#1431 = EDGE_CURVE ( 'NONE', #6477, #1451, #1613, .T. ) ;
#1432 = EDGE_CURVE ( 'NONE', #3644, #7071, #8213, .T. ) ;
#1433 = AXIS2_PLACEMENT_3D ( 'NONE', #1691, #7441, #7295 ) ;
#1434 = PRESENTATION_STYLE_ASSIGNMENT (( #8714 ) ) ;
#1435 =( GEOMETRIC_REPRESENTATION_CONTEXT ( 3 ) GLOBAL_UNCERTAINTY_ASSIGNED_CONTEXT ( ( #1200 ) ) GLOBAL_UNIT_ASSIGNED_CONTEXT ( ( #2692, #1976, #5589 ) ) REPRESENTATION_CONTEXT ( 'NONE', 'WORKASPACE' ) );
#1436 = PRESENTATION_STYLE_ASSIGNMENT (( #6366 ) ) ;
#1437 = LINE ( 'NONE', #8480, #7340 ) ;
#1438 = ORIENTED_EDGE ( 'NONE', *, *, #6010, .F. ) ;
#1439 = FILL_AREA_STYLE_COLOUR ( '', #4692 ) ;
#1440 = CIRCLE ( 'NONE', #6400, 0.9221700196400074434 ) ;
#1441 = COLOUR_RGB ( '',0.7294117647058823151, 0.5176470588235293491, 0.3058823529411764941 ) ;
#1442 = ORIENTED_EDGE ( 'NONE', *, *, #6108, .F. ) ;
#1443 = ORIENTED_EDGE ( 'NONE', *, *, #5186, .F. ) ;
#1444 = DIRECTION ( 'NONE',  ( 1.000000000000000000, 0.000000000000000000, -0.000000000000000000 ) ) ;
#1445 = PRESENTATION_STYLE_ASSIGNMENT (( #3568 ) ) ;
#1446 = EDGE_CURVE ( 'NONE', #7142, #9223, #3599, .T. ) ;
#1447 =( GEOMETRIC_REPRESENTATION_CONTEXT ( 3 ) GLOBAL_UNCERTAINTY_ASSIGNED_CONTEXT ( ( #5127 ) ) GLOBAL_UNIT_ASSIGNED_CONTEXT ( ( #8451, #2018, #3588 ) ) REPRESENTATION_CONTEXT ( 'NONE', 'WORKASPACE' ) );
#1448 = CARTESIAN_POINT ( 'NONE',  ( 5.900000000029099745, -1.149999999989810062, 5.400000000000000355 ) ) ;
#1449 = PLANE ( 'NONE',  #604 ) ;
#1450 = ORIENTED_EDGE ( 'NONE', *, *, #2514, .T. ) ;
#1451 = VERTEX_POINT ( 'NONE', #7916 ) ;
#1452 = CARTESIAN_POINT ( 'NONE',  ( -4.049999999999999822, -2.199999999979629806, 1.000000000000000000 ) ) ;
#1453 = CARTESIAN_POINT ( 'NONE',  ( -6.000000000029100278, 2.199999999979629806, 5.400000000000000355 ) ) ;
#1454 = MECHANICAL_DESIGN_GEOMETRIC_PRESENTATION_REPRESENTATION (  '', ( #1886 ), #4295 ) ;
#1455 = FILL_AREA_STYLE ('',( #7943 ) ) ;
#1456 = CARTESIAN_POINT ( 'NONE',  ( -6.044659952723582030, -2.146138961327067385, 5.455718880800484172 ) ) ;
#1457 = VERTEX_POINT ( 'NONE', #4424 ) ;
#1458 = STYLED_ITEM ( 'NONE', ( #3060 ), #8984 ) ;
#1459 = VERTEX_POINT ( 'NONE', #5171 ) ;
#1460 = STYLED_ITEM ( 'NONE', ( #3164 ), #5568 ) ;
#1461 = VECTOR ( 'NONE', #8601, 1000.000000000000000 ) ;
#1462 = CARTESIAN_POINT ( 'NONE',  ( -5.800000000029099212, 2.200000000000000178, 5.400000000000000355 ) ) ;
#1463 = VECTOR ( 'NONE', #101, 1000.000000000000000 ) ;
#1464 = CARTESIAN_POINT ( 'NONE',  ( -5.800000000029100100, -2.200000000000000178, 5.163708333923990423 ) ) ;
#1465 = FILL_AREA_STYLE_COLOUR ( '', #5155 ) ;
#1466 = CARTESIAN_POINT ( 'NONE',  ( 6.000000000029100278, -2.299999999979629894, 0.000000000000000000 ) ) ;
#1467 = ORIENTED_EDGE ( 'NONE', *, *, #1335, .T. ) ;
#1468 = LINE ( 'NONE', #5832, #6523 ) ;
#1469 = AXIS2_PLACEMENT_3D ( 'NONE', #4194, #4091, #508 ) ;
#1470 = EDGE_CURVE ( 'NONE', #6267, #1095, #5837, .T. ) ;
#1471 = FACE_OUTER_BOUND ( 'NONE', #7256, .T. ) ;
#1472 = VECTOR ( 'NONE', #2686, 1000.000000000000000 ) ;
#1473 = FILL_AREA_STYLE ('',( #6469 ) ) ;
#1474 = CARTESIAN_POINT ( 'NONE',  ( -6.044659952723582030, 2.146138961327063388, 1.044281119199516938 ) ) ;
#1475 = SURFACE_STYLE_USAGE ( .BOTH. , #6515 ) ;
#1476 =( LENGTH_UNIT ( ) NAMED_UNIT ( * ) SI_UNIT ( .MILLI., .METRE. ) );
#1477 = ORIENTED_EDGE ( 'NONE', *, *, #8493, .T. ) ;
#1478 = DIRECTION ( 'NONE',  ( 0.000000000000000000, 0.000000000000000000, 1.000000000000000000 ) ) ;
#1479 = ADVANCED_FACE ( 'NONE', ( #3682 ), #201, .T. ) ;
#1480 = COLOUR_RGB ( '',0.7450980392156862919, 0.7372549019607843590, 0.7294117647058823151 ) ;
#1481 = EDGE_LOOP ( 'NONE', ( #1180, #5093, #3525, #4851 ) ) ;
#1482 = EDGE_LOOP ( 'NONE', ( #5949, #5036, #4634, #6579 ) ) ;
#1483 = VECTOR ( 'NONE', #314, 1000.000000000000000 ) ;
#1484 = VECTOR ( 'NONE', #3773, 1000.000000000000000 ) ;
#1485 = CARTESIAN_POINT ( 'NONE',  ( -5.942030276266702771, -2.099191034116949073, 0.9420335616960360259 ) ) ;
#1486 = DIRECTION ( 'NONE',  ( 1.000000000000000000, 0.000000000000000000, 0.000000000000000000 ) ) ;
#1487 = CIRCLE ( 'NONE', #4635, 0.9221700196400069993 ) ;
#1488 = ORIENTED_EDGE ( 'NONE', *, *, #8821, .T. ) ;
#1489 = ADVANCED_FACE ( 'NONE', ( #1471 ), #4328, .F. ) ;
#1490 = LINE ( 'NONE', #3429, #5759 ) ;
#1491 = EDGE_LOOP ( 'NONE', ( #3419, #3575, #7168, #7549 ) ) ;
#1492 = FACE_OUTER_BOUND ( 'NONE', #2989, .T. ) ;
#1493 = VECTOR ( 'NONE', #1917, 1000.000000000000000 ) ;
#1494 = PLANE ( 'NONE',  #5541 ) ;
#1495 = STYLED_ITEM ( 'NONE', ( #5689 ), #3137 ) ;
#1496 =( GEOMETRIC_REPRESENTATION_CONTEXT ( 3 ) GLOBAL_UNCERTAINTY_ASSIGNED_CONTEXT ( ( #1847 ) ) GLOBAL_UNIT_ASSIGNED_CONTEXT ( ( #3861, #4521, #859 ) ) REPRESENTATION_CONTEXT ( 'NONE', 'WORKASPACE' ) );
#1497 = CARTESIAN_POINT ( 'NONE',  ( -5.933062582922064010, 2.175094501839416328, 5.491030663926140143 ) ) ;
#1498 = PLANE ( 'NONE',  #4576 ) ;
#1499 = CARTESIAN_POINT ( 'NONE',  ( -5.942030276266708988, -2.099191034116946408, 5.557966438303959755 ) ) ;
#1500 = DIRECTION ( 'NONE',  ( 0.000000000000000000, 0.000000000000000000, -1.000000000000000000 ) ) ;
#1501 = VECTOR ( 'NONE', #5914, 1000.000000000000000 ) ;
#1502 = VECTOR ( 'NONE', #925, 1000.000000000000000 ) ;
#1503 = DIRECTION ( 'NONE',  ( 0.000000000000000000, 0.000000000000000000, -1.000000000000000000 ) ) ;
#1504 =( NAMED_UNIT ( * ) PLANE_ANGLE_UNIT ( ) SI_UNIT ( $, .RADIAN. ) );
#1505 = SURFACE_STYLE_USAGE ( .BOTH. , #7426 ) ;
#1506 = ORIENTED_EDGE ( 'NONE', *, *, #3827, .F. ) ;
#1507 = FILL_AREA_STYLE ('',( #2181 ) ) ;
#1508 = CARTESIAN_POINT ( 'NONE',  ( 4.049999999999999822, 2.799999999999999822, 2.250000000000000444 ) ) ;
#1509 = VECTOR ( 'NONE', #165, 1000.000000000000000 ) ;
#1510 = PRESENTATION_STYLE_ASSIGNMENT (( #3723 ) ) ;
#1511 = CARTESIAN_POINT ( 'NONE',  ( -6.000000000029100278, -2.299999999979629894, 3.250000000000000444 ) ) ;
#1512 = LINE ( 'NONE', #1893, #3136 ) ;
#1513 = FACE_OUTER_BOUND ( 'NONE', #4076, .T. ) ;
#1514 = CARTESIAN_POINT ( 'NONE',  ( 5.906948992674672105, -2.312167334379926054, 1.045911246288982355 ) ) ;
#1515 =( NAMED_UNIT ( * ) PLANE_ANGLE_UNIT ( ) SI_UNIT ( $, .RADIAN. ) );
#1516 = ORIENTED_EDGE ( 'NONE', *, *, #7218, .F. ) ;
#1517 = FILL_AREA_STYLE ('',( #5845 ) ) ;
#1518 = COLOUR_RGB ( '',0.2862745098039215508, 0.2862745098039215508, 0.2862745098039215508 ) ;
#1519 = ORIENTED_EDGE ( 'NONE', *, *, #5883, .T. ) ;
#1520 = CARTESIAN_POINT ( 'NONE',  ( -5.800000000029100100, 2.299999999979629894, 5.500000000000000000 ) ) ;
#1521 = DIRECTION ( 'NONE',  ( -0.5734623443633278805, 0.8192319205190407017, 0.000000000000000000 ) ) ;
#1522 = EDGE_CURVE ( 'NONE', #8756, #7669, #2518, .T. ) ;
#1523 = ORIENTED_EDGE ( 'NONE', *, *, #1087, .F. ) ;
#1524 = VERTEX_POINT ( 'NONE', #6740 ) ;
#1525 = SURFACE_STYLE_USAGE ( .BOTH. , #2238 ) ;
#1526 = SURFACE_STYLE_FILL_AREA ( #7355 ) ;
#1527 = CARTESIAN_POINT ( 'NONE',  ( -5.800000000029100100, -2.799999999999999822, 2.250000000000000444 ) ) ;
#1528 = EDGE_CURVE ( 'NONE', #2771, #5332, #393, .T. ) ;
#1529 = SURFACE_STYLE_USAGE ( .BOTH. , #7981 ) ;
#1530 = CARTESIAN_POINT ( 'NONE',  ( 3.049999999999999822, 0.000000000000000000, -3.000000000000000000 ) ) ;
#1531 = ORIENTED_EDGE ( 'NONE', *, *, #3894, .F. ) ;
#1532 = CARTESIAN_POINT ( 'NONE',  ( 0.1999999999999990119, -8.800000000000000711, 4.750000000000000000 ) ) ;
#1533 = VERTEX_POINT ( 'NONE', #2495 ) ;
#1534 = ORIENTED_EDGE ( 'NONE', *, *, #8770, .T. ) ;
#1535 = FILL_AREA_STYLE_COLOUR ( '', #6292 ) ;
#1536 =( NAMED_UNIT ( * ) SI_UNIT ( $, .STERADIAN. ) SOLID_ANGLE_UNIT ( ) );
#1537 = UNCERTAINTY_MEASURE_WITH_UNIT (LENGTH_MEASURE( 1.000000000000000082E-05 ), #731, 'distance_accuracy_value', 'NONE');
#1538 = AXIS2_PLACEMENT_3D ( 'NONE', #494, #438, #3940 ) ;
#1539 = AXIS2_PLACEMENT_3D ( 'NONE', #2944, #5847, #1478 ) ;
#1540 = EDGE_CURVE ( 'NONE', #6304, #6751, #124, .T. ) ;
#1541 =( NAMED_UNIT ( * ) PLANE_ANGLE_UNIT ( ) SI_UNIT ( $, .RADIAN. ) );
#1542 = CARTESIAN_POINT ( 'NONE',  ( -6.051539568576596473, 2.153018577180084048, 5.441959649094449958 ) ) ;
#1543 = DIRECTION ( 'NONE',  ( 0.000000000000000000, -0.000000000000000000, -1.000000000000000000 ) ) ;
#1544 = DIRECTION ( 'NONE',  ( -0.7071067811865483499, 0.000000000000000000, -0.7071067811865467956 ) ) ;
#1545 = CARTESIAN_POINT ( 'NONE',  ( -6.500000000000000888, -1.000000000000000000, 0.000000000000000000 ) ) ;
#1546 = ORIENTED_EDGE ( 'NONE', *, *, #2916, .T. ) ;
#1547 = AXIS2_PLACEMENT_3D ( 'NONE', #2974, #4283, #724 ) ;
#1548 = FILL_AREA_STYLE ('',( #7721 ) ) ;
#1549 = VECTOR ( 'NONE', #2441, 1000.000000000000000 ) ;
#1550 = PRESENTATION_STYLE_ASSIGNMENT (( #6639 ) ) ;
#1551 = VERTEX_POINT ( 'NONE', #5306 ) ;
#1552 = LINE ( 'NONE', #7288, #7126 ) ;
#1553 = DIRECTION ( 'NONE',  ( -1.000000000000000000, -0.000000000000000000, -0.000000000000000000 ) ) ;
#1554 = DIRECTION ( 'NONE',  ( -0.000000000000000000, -0.000000000000000000, 1.000000000000000000 ) ) ;
#1555 = CARTESIAN_POINT ( 'NONE',  ( -6.000000000029100278, -2.799999999999999822, 3.442489127153390616 ) ) ;
#1556 = SURFACE_STYLE_USAGE ( .BOTH. , #860 ) ;
#1557 = LINE ( 'NONE', #349, #7944 ) ;
#1558 = DIRECTION ( 'NONE',  ( -0.5773502691896315042, 0.5773502691896315042, 0.5773502691896141847 ) ) ;
#1559 = SURFACE_STYLE_FILL_AREA ( #818 ) ;
#1560 = STYLED_ITEM ( 'NONE', ( #5545 ), #692 ) ;
#1561 = ORIENTED_EDGE ( 'NONE', *, *, #1217, .F. ) ;
#1562 = CIRCLE ( 'NONE', #6830, 0.1000000000000002554 ) ;
#1563 = CARTESIAN_POINT ( 'NONE',  ( 0.000000000000000000, 0.000000000000000000, 2.000000000000000000 ) ) ;
#1564 = VERTEX_POINT ( 'NONE', #1734 ) ;
#1565 = SURFACE_STYLE_FILL_AREA ( #5796 ) ;
#1566 = CARTESIAN_POINT ( 'NONE',  ( 5.989442719129091763, -2.244721359529624927, 1.100000000000000089 ) ) ;
#1567 = VECTOR ( 'NONE', #2477, 1000.000000000000000 ) ;
#1568 = ORIENTED_EDGE ( 'NONE', *, *, #5501, .T. ) ;
#1569 = ORIENTED_EDGE ( 'NONE', *, *, #8653, .F. ) ;
#1570 = PRESENTATION_LAYER_ASSIGNMENT (  '', '', ( #222 ) ) ;
#1571 = LINE ( 'NONE', #3037, #7640 ) ;
#1572 = AXIS2_PLACEMENT_3D ( 'NONE', #7717, #6253, #4799 ) ;
#1573 = FILL_AREA_STYLE_COLOUR ( '', #3014 ) ;
#1574 = LINE ( 'NONE', #5803, #3468 ) ;
#1575 = CARTESIAN_POINT ( 'NONE',  ( -2.950000000000000178, 2.799999999999999822, 1.000000000000000000 ) ) ;
#1576 =( GEOMETRIC_REPRESENTATION_CONTEXT ( 3 ) GLOBAL_UNCERTAINTY_ASSIGNED_CONTEXT ( ( #722 ) ) GLOBAL_UNIT_ASSIGNED_CONTEXT ( ( #2430, #7324, #146 ) ) REPRESENTATION_CONTEXT ( 'NONE', 'WORKASPACE' ) );
#1577 = ORIENTED_EDGE ( 'NONE', *, *, #7280, .F. ) ;
#1578 = ORIENTED_EDGE ( 'NONE', *, *, #3025, .F. ) ;
#1579 = PRODUCT_RELATED_PRODUCT_CATEGORY ( 'part', '', ( #7850 ) ) ;
#1580 = CARTESIAN_POINT ( 'NONE',  ( 6.000000000029100278, -2.299999999979629894, 0.000000000000000000 ) ) ;
#1581 =( GEOMETRIC_REPRESENTATION_CONTEXT ( 3 ) GLOBAL_UNCERTAINTY_ASSIGNED_CONTEXT ( ( #3839 ) ) GLOBAL_UNIT_ASSIGNED_CONTEXT ( ( #8972, #2546, #5593 ) ) REPRESENTATION_CONTEXT ( 'NONE', 'WORKASPACE' ) );
#1582 = MECHANICAL_DESIGN_GEOMETRIC_PRESENTATION_REPRESENTATION (  '', ( #3397 ), #7145 ) ;
#1583 = EDGE_CURVE ( 'NONE', #1066, #1986, #3903, .T. ) ;
#1584 = SURFACE_SIDE_STYLE ('',( #3009 ) ) ;
#1585 =( NAMED_UNIT ( * ) PLANE_ANGLE_UNIT ( ) SI_UNIT ( $, .RADIAN. ) );
#1586 = LINE ( 'NONE', #7319, #8989 ) ;
#1587 = LINE ( 'NONE', #5904, #182 ) ;
#1588 = SURFACE_SIDE_STYLE ('',( #7468 ) ) ;
#1589 = ORIENTED_EDGE ( 'NONE', *, *, #2543, .T. ) ;
#1590 = VECTOR ( 'NONE', #6236, 1000.000000000000000 ) ;
#1591 = EDGE_CURVE ( 'NONE', #3561, #2159, #7884, .T. ) ;
#1592 = SURFACE_STYLE_FILL_AREA ( #8001 ) ;
#1593 = DIRECTION ( 'NONE',  ( 0.000000000000000000, 0.000000000000000000, 1.000000000000000000 ) ) ;
#1594 =( LENGTH_UNIT ( ) NAMED_UNIT ( * ) SI_UNIT ( .MILLI., .METRE. ) );
#1595 = CARTESIAN_POINT ( 'NONE',  ( 5.900000000029099745, -2.199999999979629806, 1.100000000000000089 ) ) ;
#1596 = ORIENTED_EDGE ( 'NONE', *, *, #2910, .T. ) ;
#1597 = DIRECTION ( 'NONE',  ( 0.000000000000000000, 0.000000000000000000, 1.000000000000000000 ) ) ;
#1598 = LINE ( 'NONE', #6017, #8306 ) ;
#1599 = SURFACE_STYLE_FILL_AREA ( #16 ) ;
#1600 = EDGE_CURVE ( 'NONE', #3898, #2118, #5098, .T. ) ;
#1601 = EDGE_CURVE ( 'NONE', #609, #6518, #8030, .T. ) ;
#1602 = CARTESIAN_POINT ( 'NONE',  ( 3.250000000000000444, -2.799999999999999822, 2.250000000000000444 ) ) ;
#1603 = STYLED_ITEM ( 'NONE', ( #2384 ), #1363 ) ;
#1604 = CARTESIAN_POINT ( 'NONE',  ( -5.904368729029566332, -2.248839264927093406, 5.493309800894469852 ) ) ;
#1605 = CARTESIAN_POINT ( 'NONE',  ( 6.000000000029100278, 2.799999999999999822, 3.442489127153391060 ) ) ;
#1606 = CARTESIAN_POINT ( 'NONE',  ( -2.750000000000000000, 0.2000000000000000111, 2.000000000000000000 ) ) ;
#1607 = MECHANICAL_DESIGN_GEOMETRIC_PRESENTATION_REPRESENTATION (  '', ( #5960 ), #5661 ) ;
#1608 = ORIENTED_EDGE ( 'NONE', *, *, #7755, .F. ) ;
#1609 = COLOUR_RGB ( '',0.7921568627450980005, 0.8196078431372548767, 0.9333333333333333481 ) ;
#1610 = ORIENTED_EDGE ( 'NONE', *, *, #1177, .T. ) ;
#1611 = CARTESIAN_POINT ( 'NONE',  ( -6.250000000014550139, 2.799999999999999822, 3.250000000000000444 ) ) ;
#1612 = CARTESIAN_POINT ( 'NONE',  ( 3.250000000000000444, -1.300690094324699952, 0.5000000000000000000 ) ) ;
#1613 = CIRCLE ( 'NONE', #7025, 0.1000000000000002554 ) ;
#1614 = ORIENTED_EDGE ( 'NONE', *, *, #4234, .T. ) ;
#1615 =( GEOMETRIC_REPRESENTATION_CONTEXT ( 3 ) GLOBAL_UNCERTAINTY_ASSIGNED_CONTEXT ( ( #4727 ) ) GLOBAL_UNIT_ASSIGNED_CONTEXT ( ( #1693, #3205, #7444 ) ) REPRESENTATION_CONTEXT ( 'NONE', 'WORKASPACE' ) );
#1616 = PRESENTATION_STYLE_ASSIGNMENT (( #73 ) ) ;
#1617 = PRODUCT_DEFINITION_FORMATION_WITH_SPECIFIED_SOURCE ( 'ANY', '', #4237, .NOT_KNOWN. ) ;
#1618 = CARTESIAN_POINT ( 'NONE',  ( -2.950000000000001066, -8.300000000000000711, 2.250000000000000444 ) ) ;
#1619 = VECTOR ( 'NONE', #4277, 1000.000000000000000 ) ;
#1620 = DIRECTION ( 'NONE',  ( 0.000000000000000000, 0.000000000000000000, -1.000000000000000000 ) ) ;
#1621 = CYLINDRICAL_SURFACE ( 'NONE', #4132, 0.1000000000000002554 ) ;
#1622 = LINE ( 'NONE', #832, #6800 ) ;
#1623 = DIRECTION ( 'NONE',  ( 0.000000000000000000, -0.000000000000000000, -1.000000000000000000 ) ) ;
#1624 = ORIENTED_EDGE ( 'NONE', *, *, #1992, .F. ) ;
#1625 = ORIENTED_EDGE ( 'NONE', *, *, #8253, .F. ) ;
#1626 = COLOUR_RGB ( '',0.7294117647058823151, 0.5176470588235293491, 0.3058823529411764941 ) ;
#1627 = SURFACE_SIDE_STYLE ('',( #5862 ) ) ;
#1628 = UNCERTAINTY_MEASURE_WITH_UNIT (LENGTH_MEASURE( 1.000000000000000082E-05 ), #8457, 'distance_accuracy_value', 'NONE');
#1629 =( GEOMETRIC_REPRESENTATION_CONTEXT ( 3 ) GLOBAL_UNCERTAINTY_ASSIGNED_CONTEXT ( ( #6629 ) ) GLOBAL_UNIT_ASSIGNED_CONTEXT ( ( #2413, #3829, #3122 ) ) REPRESENTATION_CONTEXT ( 'NONE', 'WORKASPACE' ) );
#1630 = DIRECTION ( 'NONE',  ( 0.000000000000000000, -0.000000000000000000, 1.000000000000000000 ) ) ;
#1631 =( GEOMETRIC_REPRESENTATION_CONTEXT ( 3 ) GLOBAL_UNCERTAINTY_ASSIGNED_CONTEXT ( ( #2618 ) ) GLOBAL_UNIT_ASSIGNED_CONTEXT ( ( #5295, #3850, #1672 ) ) REPRESENTATION_CONTEXT ( 'NONE', 'WORKASPACE' ) );
#1632 = FACE_OUTER_BOUND ( 'NONE', #1657, .T. ) ;
#1633 = SURFACE_STYLE_FILL_AREA ( #2288 ) ;
#1634 = DIRECTION ( 'NONE',  ( 0.8589202801446089719, 0.000000000000000000, -0.5121093168028739706 ) ) ;
#1635 = PRESENTATION_LAYER_ASSIGNMENT (  '', '', ( #3143 ) ) ;
#1636 = VERTEX_POINT ( 'NONE', #4231 ) ;
#1637 = EDGE_CURVE ( 'NONE', #3837, #1316, #8565, .T. ) ;
#1638 = CARTESIAN_POINT ( 'NONE',  ( -4.049999999999999822, -2.799999999999999822, 1.000000000000000000 ) ) ;
#1639 = PRESENTATION_LAYER_ASSIGNMENT (  '', '', ( #3302 ) ) ;
#1640 = VECTOR ( 'NONE', #4643, 1000.000000000000000 ) ;
#1641 = DIRECTION ( 'NONE',  ( -0.7071067811865470176, 0.000000000000000000, 0.7071067811865480168 ) ) ;
#1642 = ADVANCED_FACE ( 'NONE', ( #7678 ), #4044, .T. ) ;
#1643 = ORIENTED_EDGE ( 'NONE', *, *, #1193, .F. ) ;
#1644 = PRESENTATION_LAYER_ASSIGNMENT (  '', '', ( #3007 ) ) ;
#1645 = CARTESIAN_POINT ( 'NONE',  ( 0.000000000000000000, 2.799999999999999822, 0.000000000000000000 ) ) ;
#1646 = CARTESIAN_POINT ( 'NONE',  ( 6.500000000000000888, 2.799999999999999822, 0.000000000000000000 ) ) ;
#1647 = MECHANICAL_DESIGN_GEOMETRIC_PRESENTATION_REPRESENTATION (  '', ( #5397 ), #8127 ) ;
#1648 = VECTOR ( 'NONE', #3784, 1000.000000000000000 ) ;
#1649 = CARTESIAN_POINT ( 'NONE',  ( -5.954088753740115258, -2.312167334379928274, 5.406948992645575380 ) ) ;
#1650 = CARTESIAN_POINT ( 'NONE',  ( 6.000000000029100278, 2.799999999999998934, 0.000000000000000000 ) ) ;
#1651 = CARTESIAN_POINT ( 'NONE',  ( -4.049999999999999822, -2.200000000000000178, 1.100000000000000089 ) ) ;
#1652 =( NAMED_UNIT ( * ) PLANE_ANGLE_UNIT ( ) SI_UNIT ( $, .RADIAN. ) );
#1653 = FILL_AREA_STYLE ('',( #7967 ) ) ;
#1654 = EDGE_CURVE ( 'NONE', #6764, #495, #8227, .T. ) ;
#1655 = ORIENTED_EDGE ( 'NONE', *, *, #6996, .F. ) ;
#1656 = ORIENTED_EDGE ( 'NONE', *, *, #1079, .T. ) ;
#1657 = EDGE_LOOP ( 'NONE', ( #8853, #9039, #4250, #5159 ) ) ;
#1658 = SURFACE_STYLE_USAGE ( .BOTH. , #3171 ) ;
#1659 = CARTESIAN_POINT ( 'NONE',  ( -0.2499999999999998890, -0.2000000000000000389, -2.799999999999999822 ) ) ;
#1660 = ORIENTED_EDGE ( 'NONE', *, *, #1883, .F. ) ;
#1661 = SURFACE_SIDE_STYLE ('',( #3921 ) ) ;
#1662 = ORIENTED_EDGE ( 'NONE', *, *, #5207, .F. ) ;
#1663 = ORIENTED_EDGE ( 'NONE', *, *, #8032, .F. ) ;
#1664 = CARTESIAN_POINT ( 'NONE',  ( 5.957735026948062007, -2.257735026898592068, 5.457735026918963506 ) ) ;
#1665 = PLANE ( 'NONE',  #8632 ) ;
#1666 = PRODUCT_DEFINITION_CONTEXT ( 'detailed design', #5722, 'design' ) ;
#1667 = DIRECTION ( 'NONE',  ( -0.4082482904638588539, -0.8164965809277276998, 0.4082482904638638499 ) ) ;
#1668 = CARTESIAN_POINT ( 'NONE',  ( -5.900000000029099745, -1.149999999989810062, 5.400000000000000355 ) ) ;
#1669 =( LENGTH_UNIT ( ) NAMED_UNIT ( * ) SI_UNIT ( .MILLI., .METRE. ) );
#1670 = LINE ( 'NONE', #7374, #6574 ) ;
#1671 = LINE ( 'NONE', #1545, #9225 ) ;
#1672 =( NAMED_UNIT ( * ) SI_UNIT ( $, .STERADIAN. ) SOLID_ANGLE_UNIT ( ) );
#1673 = CARTESIAN_POINT ( 'NONE',  ( 5.900000000029099745, 2.299999999979629894, 5.400000000000000355 ) ) ;
#1674 = PRESENTATION_STYLE_ASSIGNMENT (( #9009 ) ) ;
#1675 = CARTESIAN_POINT ( 'NONE',  ( -6.000000000029100278, 2.199999999979629806, 2.250000000000000444 ) ) ;
#1676 = ADVANCED_FACE ( 'NONE', ( #8419 ), #4846, .T. ) ;
#1677 = SURFACE_SIDE_STYLE ('',( #337 ) ) ;
#1678 = PRESENTATION_STYLE_ASSIGNMENT (( #3058 ) ) ;
#1679 = SURFACE_STYLE_FILL_AREA ( #8782 ) ;
#1680 = EDGE_LOOP ( 'NONE', ( #3430, #6425, #6535, #5196 ) ) ;
#1681 =( LENGTH_UNIT ( ) NAMED_UNIT ( * ) SI_UNIT ( .MILLI., .METRE. ) );
#1682 = LINE ( 'NONE', #2346, #536 ) ;
#1683 =( GEOMETRIC_REPRESENTATION_CONTEXT ( 3 ) GLOBAL_UNCERTAINTY_ASSIGNED_CONTEXT ( ( #1714 ) ) GLOBAL_UNIT_ASSIGNED_CONTEXT ( ( #2193, #4249, #7212 ) ) REPRESENTATION_CONTEXT ( 'NONE', 'WORKASPACE' ) );
#1684 = EDGE_CURVE ( 'NONE', #4352, #8766, #2366, .T. ) ;
#1685 = CARTESIAN_POINT ( 'NONE',  ( 6.500000000000000888, -1.000000000000000000, 0.000000000000000000 ) ) ;
#1686 = AXIS2_PLACEMENT_3D ( 'NONE', #3408, #8982, #8429 ) ;
#1687 = PRESENTATION_STYLE_ASSIGNMENT (( #1889 ) ) ;
#1688 = SURFACE_STYLE_FILL_AREA ( #6743 ) ;
#1689 = EDGE_CURVE ( 'NONE', #4161, #975, #7237, .T. ) ;
#1690 = CARTESIAN_POINT ( 'NONE',  ( -3.000000000000000000, 0.2000000000000000111, 2.000000000000000000 ) ) ;
#1691 = CARTESIAN_POINT ( 'NONE',  ( 5.800000000029100100, -2.200000000000000178, 5.400000000000000355 ) ) ;
#1692 = VERTEX_POINT ( 'NONE', #3017 ) ;
#1693 =( LENGTH_UNIT ( ) NAMED_UNIT ( * ) SI_UNIT ( .MILLI., .METRE. ) );
#1694 = COLOUR_RGB ( '',0.2862745098039215508, 0.2862745098039215508, 0.2862745098039215508 ) ;
#1695 = SHAPE_REPRESENTATION ( '1', ( #5962 ), #3266 ) ;
#1696 = DIRECTION ( 'NONE',  ( -0.7071067811865483499, 0.000000000000000000, 0.7071067811865467956 ) ) ;
#1697 = EDGE_LOOP ( 'NONE', ( #8486, #7478, #5897, #7159 ) ) ;
#1698 = EDGE_CURVE ( 'NONE', #9223, #1235, #850, .T. ) ;
#1699 = PRESENTATION_STYLE_ASSIGNMENT (( #924 ) ) ;
#1700 = EDGE_CURVE ( 'NONE', #6343, #133, #8644, .T. ) ;
#1701 = CARTESIAN_POINT ( 'NONE',  ( -2.250000000000001332, -8.300000000000000711, 2.250000000000000444 ) ) ;
#1702 =( NAMED_UNIT ( * ) PLANE_ANGLE_UNIT ( ) SI_UNIT ( $, .RADIAN. ) );
#1703 = PRESENTATION_LAYER_ASSIGNMENT (  '', '', ( #7728 ) ) ;
#1704 = DIRECTION ( 'NONE',  ( 0.000000000000000000, -1.000000000000000000, 0.000000000000000000 ) ) ;
#1705 = CARTESIAN_POINT ( 'NONE',  ( 5.900000000029099745, 2.299999999979629894, 0.000000000000000000 ) ) ;
#1706 = CARTESIAN_POINT ( 'NONE',  ( -5.957735026948062007, 2.257735026898592068, 1.042264973081037160 ) ) ;
#1707 = APPLICATION_PROTOCOL_DEFINITION ( 'draft international standard', 'automotive_design', 1998, #582 ) ;
#1708 = COLOUR_RGB ( '',0.7450980392156862919, 0.7372549019607843590, 0.7294117647058823151 ) ;
#1709 = ORIENTED_EDGE ( 'NONE', *, *, #4522, .T. ) ;
#1710 = MECHANICAL_DESIGN_GEOMETRIC_PRESENTATION_REPRESENTATION (  '', ( #8628 ), #5938 ) ;
#1711 = VERTEX_POINT ( 'NONE', #6550 ) ;
#1712 = ADVANCED_FACE ( 'NONE', ( #8697 ), #5162, .F. ) ;
#1713 = SURFACE_SIDE_STYLE ('',( #8166 ) ) ;
#1714 = UNCERTAINTY_MEASURE_WITH_UNIT (LENGTH_MEASURE( 1.000000000000000082E-05 ), #2193, 'distance_accuracy_value', 'NONE');
#1715 = PRESENTATION_LAYER_ASSIGNMENT (  '', '', ( #4722 ) ) ;
#1716 = DIRECTION ( 'NONE',  ( 0.5773502691896242878, -0.5773502691896242878, -0.5773502691896287287 ) ) ;
#1717 =( NAMED_UNIT ( * ) PLANE_ANGLE_UNIT ( ) SI_UNIT ( $, .RADIAN. ) );
#1718 = LINE ( 'NONE', #7555, #703 ) ;
#1719 = SURFACE_STYLE_USAGE ( .BOTH. , #6046 ) ;
#1720 = FILL_AREA_STYLE_COLOUR ( '', #4261 ) ;
#1721 = STYLED_ITEM ( 'NONE', ( #2450 ), #7879 ) ;
#1722 = DIRECTION ( 'NONE',  ( 0.5773502691896272854, 0.5773502691896228445, 0.5773502691896272854 ) ) ;
#1723 = DIRECTION ( 'NONE',  ( 0.8589202801446145230, 0.000000000000000000, 0.5121093168028647558 ) ) ;
#1724 = CARTESIAN_POINT ( 'NONE',  ( -2.949999999999999734, -2.299999999979629894, 2.250000000000000444 ) ) ;
#1725 = DIRECTION ( 'NONE',  ( 0.000000000000000000, 0.000000000000000000, -1.000000000000000000 ) ) ;
#1726 =( NAMED_UNIT ( * ) PLANE_ANGLE_UNIT ( ) SI_UNIT ( $, .RADIAN. ) );
#1727 = PRESENTATION_LAYER_ASSIGNMENT (  '', '', ( #560 ) ) ;
#1728 = EDGE_LOOP ( 'NONE', ( #691, #5299, #3607, #2946, #919, #5917, #5578, #4600, #7782, #4068, #5586, #3476 ) ) ;
#1729 = CARTESIAN_POINT ( 'NONE',  ( -5.957735026948062007, -2.257735026898592068, 1.042264973081037160 ) ) ;
#1730 = CARTESIAN_POINT ( 'NONE',  ( -2.250000000000000444, -8.300000000000000711, 4.750000000000000888 ) ) ;
#1731 =( GEOMETRIC_REPRESENTATION_CONTEXT ( 3 ) GLOBAL_UNCERTAINTY_ASSIGNED_CONTEXT ( ( #4190 ) ) GLOBAL_UNIT_ASSIGNED_CONTEXT ( ( #2199, #7889, #787 ) ) REPRESENTATION_CONTEXT ( 'NONE', 'WORKASPACE' ) );
#1732 = DIRECTION ( 'NONE',  ( 0.9369532139013034833, 0.000000000000000000, -0.3494548253494552115 ) ) ;
#1733 = PRESENTATION_LAYER_ASSIGNMENT (  '', '', ( #5798 ) ) ;
#1734 = CARTESIAN_POINT ( 'NONE',  ( 6.500000000000000888, 2.200000000000000178, 5.400000000000000355 ) ) ;
#1735 = CARTESIAN_POINT ( 'NONE',  ( -5.900000000029099745, 2.199999999979629806, 2.250000000000000444 ) ) ;
#1736 = CARTESIAN_POINT ( 'NONE',  ( -2.950000000000000178, 0.000000000000000000, 2.250000000000000444 ) ) ;
#1737 = SURFACE_STYLE_FILL_AREA ( #8230 ) ;
#1738 = DIRECTION ( 'NONE',  ( -1.000000000000000000, 0.000000000000000000, 7.930164461608259947E-17 ) ) ;
#1739 = FILL_AREA_STYLE_COLOUR ( '', #6307 ) ;
#1740 = ORIENTED_EDGE ( 'NONE', *, *, #8270, .T. ) ;
#1741 =( NAMED_UNIT ( * ) SI_UNIT ( $, .STERADIAN. ) SOLID_ANGLE_UNIT ( ) );
#1742 = DIRECTION ( 'NONE',  ( 0.000000000000000000, 0.000000000000000000, 1.000000000000000000 ) ) ;
#1743 = DIRECTION ( 'NONE',  ( 1.000000000000000000, 0.000000000000000000, 5.163828021512360244E-16 ) ) ;
#1744 = EDGE_CURVE ( 'NONE', #5437, #133, #899, .T. ) ;
#1745 = ADVANCED_FACE ( 'NONE', ( #10 ), #7199, .F. ) ;
#1746 = ORIENTED_EDGE ( 'NONE', *, *, #7845, .F. ) ;
#1747 = PRESENTATION_LAYER_ASSIGNMENT (  '', '', ( #5517 ) ) ;
#1748 =( NAMED_UNIT ( * ) PLANE_ANGLE_UNIT ( ) SI_UNIT ( $, .RADIAN. ) );
#1749 = AXIS2_PLACEMENT_3D ( 'NONE', #440, #4840, #7 ) ;
#1750 = CARTESIAN_POINT ( 'NONE',  ( -2.950000000000000178, -8.300000000000000711, 4.750000000000000888 ) ) ;
#1751 = CARTESIAN_POINT ( 'NONE',  ( 5.900000000029099745, 2.299999999979629894, 1.100000000000000089 ) ) ;
#1752 = ADVANCED_FACE ( 'NONE', ( #3149 ), #1121, .T. ) ;
#1753 = ORIENTED_EDGE ( 'NONE', *, *, #3260, .F. ) ;
#1754 = PRODUCT_CONTEXT ( 'NONE', #5352, 'mechanical' ) ;
#1755 = MECHANICAL_DESIGN_GEOMETRIC_PRESENTATION_REPRESENTATION (  '', ( #9282 ), #8520 ) ;
#1756 = VERTEX_POINT ( 'NONE', #5398 ) ;
#1757 = STYLED_ITEM ( 'NONE', ( #6293 ), #5017 ) ;
#1758 = ORIENTED_EDGE ( 'NONE', *, *, #9298, .F. ) ;
#1759 = MECHANICAL_DESIGN_GEOMETRIC_PRESENTATION_REPRESENTATION (  '', ( #8674 ), #8082 ) ;
#1760 = CIRCLE ( 'NONE', #9292, 0.1000000000000002554 ) ;
#1761 = DIRECTION ( 'NONE',  ( 0.000000000000000000, 1.000000000000000000, -0.000000000000000000 ) ) ;
#1762 = PRESENTATION_STYLE_ASSIGNMENT (( #2427 ) ) ;
#1763 = SURFACE_SIDE_STYLE ('',( #5339 ) ) ;
#1764 =( GEOMETRIC_REPRESENTATION_CONTEXT ( 3 ) GLOBAL_UNCERTAINTY_ASSIGNED_CONTEXT ( ( #3480 ) ) GLOBAL_UNIT_ASSIGNED_CONTEXT ( ( #9031, #1890, #1172 ) ) REPRESENTATION_CONTEXT ( 'NONE', 'WORKASPACE' ) );
#1765 = MECHANICAL_DESIGN_GEOMETRIC_PRESENTATION_REPRESENTATION (  '', ( #7780 ), #1027 ) ;
#1766 =( NAMED_UNIT ( * ) PLANE_ANGLE_UNIT ( ) SI_UNIT ( $, .RADIAN. ) );
#1767 = AXIS2_PLACEMENT_3D ( 'NONE', #2893, #8015, #5746 ) ;
#1768 = DIRECTION ( 'NONE',  ( -0.000000000000000000, -1.000000000000000000, 0.000000000000000000 ) ) ;
#1769 = STYLED_ITEM ( 'NONE', ( #837 ), #2813 ) ;
#1770 = CARTESIAN_POINT ( 'NONE',  ( 5.993309800923567465, 2.248839264927095183, 5.404368729000467830 ) ) ;
#1771 = LINE ( 'NONE', #4511, #4480 ) ;
#1772 = SURFACE_STYLE_USAGE ( .BOTH. , #289 ) ;
#1773 = MECHANICAL_DESIGN_GEOMETRIC_PRESENTATION_REPRESENTATION (  '', ( #297 ), #2850 ) ;
#1774 = EDGE_CURVE ( 'NONE', #5229, #8847, #4655, .T. ) ;
#1775 = ORIENTED_EDGE ( 'NONE', *, *, #265, .F. ) ;
#1776 = SURFACE_STYLE_FILL_AREA ( #1922 ) ;
#1777 = DIRECTION ( 'NONE',  ( -1.000000000000000000, 0.000000000000000000, -0.000000000000000000 ) ) ;
#1778 = AXIS2_PLACEMENT_3D ( 'NONE', #6526, #2105, #1444 ) ;
#1779 = MECHANICAL_DESIGN_GEOMETRIC_PRESENTATION_REPRESENTATION (  '', ( #6599 ), #3737 ) ;
#1780 = PRESENTATION_LAYER_ASSIGNMENT (  '', '', ( #6914 ) ) ;
#1781 = DIRECTION ( 'NONE',  ( 1.000000000000000000, 0.000000000000000000, -0.000000000000000000 ) ) ;
#1782 = FILL_AREA_STYLE ('',( #6111 ) ) ;
#1783 = LINE ( 'NONE', #4509, #8979 ) ;
#1784 = COLOUR_RGB ( '',0.2862745098039215508, 0.2862745098039215508, 0.2862745098039215508 ) ;
#1785 = CIRCLE ( 'NONE', #4195, 0.1000000000000002554 ) ;
#1786 = CARTESIAN_POINT ( 'NONE',  ( -2.850000000000000089, -0.1000000000000000056, -2.899999999999999911 ) ) ;
#1787 = EDGE_LOOP ( 'NONE', ( #4679, #4225, #6036, #9133 ) ) ;
#1788 = DIRECTION ( 'NONE',  ( 0.000000000000000000, 1.000000000000000000, 0.000000000000000000 ) ) ;
#1789 = VECTOR ( 'NONE', #6529, 1000.000000000000000 ) ;
#1790 = CARTESIAN_POINT ( 'NONE',  ( -5.906948992674672105, 2.312167334379927386, 1.045911246288982355 ) ) ;
#1791 = LINE ( 'NONE', #8121, #5287 ) ;
#1792 = VERTEX_POINT ( 'NONE', #6730 ) ;
#1793 = CARTESIAN_POINT ( 'NONE',  ( -2.950000000000000178, -2.799999999999999822, 4.750000000000000000 ) ) ;
#1794 = LINE ( 'NONE', #4956, #8983 ) ;
#1795 = DIRECTION ( 'NONE',  ( 0.5773502691896242878, 0.5773502691896242878, -0.5773502691896287287 ) ) ;
#1796 = FACE_OUTER_BOUND ( 'NONE', #1491, .T. ) ;
#1797 = STYLED_ITEM ( 'NONE', ( #1090 ), #3953 ) ;
#1798 = EDGE_CURVE ( 'NONE', #9218, #4294, #1771, .T. ) ;
#1799 = LINE ( 'NONE', #266, #5055 ) ;
#1800 = ORIENTED_EDGE ( 'NONE', *, *, #5916, .F. ) ;
#1801 = ORIENTED_EDGE ( 'NONE', *, *, #6018, .F. ) ;
#1802 = VERTEX_POINT ( 'NONE', #3980 ) ;
#1803 =( NAMED_UNIT ( * ) SI_UNIT ( $, .STERADIAN. ) SOLID_ANGLE_UNIT ( ) );
#1804 = UNCERTAINTY_MEASURE_WITH_UNIT (LENGTH_MEASURE( 1.000000000000000082E-05 ), #1285, 'distance_accuracy_value', 'NONE');
#1805 = CARTESIAN_POINT ( 'NONE',  ( -5.900000000029099745, -2.299999999979629894, 2.250000000000000444 ) ) ;
#1806 = CARTESIAN_POINT ( 'NONE',  ( -5.906948992674673882, -2.312167334379928718, 1.045911246288984353 ) ) ;
#1807 =( NAMED_UNIT ( * ) SI_UNIT ( $, .STERADIAN. ) SOLID_ANGLE_UNIT ( ) );
#1808 = UNCERTAINTY_MEASURE_WITH_UNIT (LENGTH_MEASURE( 1.000000000000000082E-05 ), #5600, 'distance_accuracy_value', 'NONE');
#1809 = PRESENTATION_LAYER_ASSIGNMENT (  '', '', ( #989 ) ) ;
#1810 = ORIENTED_EDGE ( 'NONE', *, *, #1255, .F. ) ;
#1811 = CARTESIAN_POINT ( 'NONE',  ( 0.000000000000000000, -2.299999999979629894, 0.000000000000000000 ) ) ;
#1812 = APPLICATION_CONTEXT ( 'automotive_design' ) ;
#1813 = EDGE_CURVE ( 'NONE', #1841, #6239, #434, .T. ) ;
#1814 = CARTESIAN_POINT ( 'NONE',  ( 6.008521061221449244, 2.203302719417255862, 5.461381300126913807 ) ) ;
#1815 = DIRECTION ( 'NONE',  ( -1.000000000000000000, 0.000000000000000000, 0.000000000000000000 ) ) ;
#1816 = FILL_AREA_STYLE ('',( #3151 ) ) ;
#1817 = VERTEX_POINT ( 'NONE', #6867 ) ;
#1818 = FACE_OUTER_BOUND ( 'NONE', #5283, .T. ) ;
#1819 = DIRECTION ( 'NONE',  ( 0.000000000000000000, -0.000000000000000000, -1.000000000000000000 ) ) ;
#1820 = COLOUR_RGB ( '',0.7450980392156862919, 0.7372549019607843590, 0.7294117647058823151 ) ;
#1821 = ADVANCED_FACE ( 'NONE', ( #5966 ), #9150, .T. ) ;
#1822 = CARTESIAN_POINT ( 'NONE',  ( 3.649999999999999911, -2.200000000000000178, 0.5000000000000000000 ) ) ;
#1823 = PLANE ( 'NONE',  #7152 ) ;
#1824 = SURFACE_STYLE_FILL_AREA ( #1782 ) ;
#1825 = LINE ( 'NONE', #3114, #3147 ) ;
#1826 =( NAMED_UNIT ( * ) PLANE_ANGLE_UNIT ( ) SI_UNIT ( $, .RADIAN. ) );
#1827 = VERTEX_POINT ( 'NONE', #7897 ) ;
#1828 = UNCERTAINTY_MEASURE_WITH_UNIT (LENGTH_MEASURE( 1.000000000000000082E-05 ), #7713, 'distance_accuracy_value', 'NONE');
#1829 = LINE ( 'NONE', #2599, #589 ) ;
#1830 = CARTESIAN_POINT ( 'NONE',  ( 5.957735026948064672, 2.257735026898591624, 1.042264973081037605 ) ) ;
#1831 = ORIENTED_EDGE ( 'NONE', *, *, #1700, .F. ) ;
#1832 = SURFACE_STYLE_USAGE ( .BOTH. , #408 ) ;
#1833 =( LENGTH_UNIT ( ) NAMED_UNIT ( * ) SI_UNIT ( .MILLI., .METRE. ) );
#1834 = CARTESIAN_POINT ( 'NONE',  ( -5.900000000029099745, -2.199999999979629806, 1.100000000000000089 ) ) ;
#1835 = PLANE ( 'NONE',  #8345 ) ;
#1836 = SURFACE_STYLE_USAGE ( .BOTH. , #228 ) ;
#1837 = CARTESIAN_POINT ( 'NONE',  ( 5.800000000029100988, 2.299999999979629894, 5.500000000000000000 ) ) ;
#1838 = CARTESIAN_POINT ( 'NONE',  ( 3.250000000000000888, 1.300690094324699730, 0.5000000000000000000 ) ) ;
#1839 = PRODUCT_CONTEXT ( 'NONE', #6686, 'mechanical' ) ;
#1840 = EDGE_LOOP ( 'NONE', ( #2553, #871, #3583, #83, #4305 ) ) ;
#1841 = VERTEX_POINT ( 'NONE', #1453 ) ;
#1842 = PRESENTATION_LAYER_ASSIGNMENT (  '', '', ( #5160 ) ) ;
#1843 = SURFACE_STYLE_USAGE ( .BOTH. , #4102 ) ;
#1844 = MECHANICAL_DESIGN_GEOMETRIC_PRESENTATION_REPRESENTATION (  '', ( #8905 ), #814 ) ;
#1845 = ADVANCED_FACE ( 'NONE', ( #6536 ), #8684, .T. ) ;
#1846 = CARTESIAN_POINT ( 'NONE',  ( 3.250000000000000444, -0.1000000000000000056, -2.799999999999999378 ) ) ;
#1847 = UNCERTAINTY_MEASURE_WITH_UNIT (LENGTH_MEASURE( 1.000000000000000082E-05 ), #3861, 'distance_accuracy_value', 'NONE');
#1848 = CARTESIAN_POINT ( 'NONE',  ( -5.957735026948061119, -2.257735026898592068, 1.042264973081034052 ) ) ;
#1849 =( GEOMETRIC_REPRESENTATION_CONTEXT ( 3 ) GLOBAL_UNCERTAINTY_ASSIGNED_CONTEXT ( ( #1808 ) ) GLOBAL_UNIT_ASSIGNED_CONTEXT ( ( #5600, #1293, #6978 ) ) REPRESENTATION_CONTEXT ( 'NONE', 'WORKASPACE' ) );
#1851 =( GEOMETRIC_REPRESENTATION_CONTEXT ( 3 ) GLOBAL_UNCERTAINTY_ASSIGNED_CONTEXT ( ( #3996 ) ) GLOBAL_UNIT_ASSIGNED_CONTEXT ( ( #6151, #6779, #8269 ) ) REPRESENTATION_CONTEXT ( 'NONE', 'WORKASPACE' ) );
#1850 = CARTESIAN_POINT ( 'NONE',  ( 0.000000000000000000, 0.000000000000000000, 0.000000000000000000 ) ) ;
#1852 = ORIENTED_EDGE ( 'NONE', *, *, #8492, .T. ) ;
#1853 = PRODUCT_DEFINITION ( 'UNKNOWN', '', #874, #6191 ) ;
#1854 = ORIENTED_EDGE ( 'NONE', *, *, #4941, .T. ) ;
#1855 = EDGE_CURVE ( 'NONE', #975, #1259, #6831, .T. ) ;
#1856 = AXIS2_PLACEMENT_3D ( 'NONE', #5356, #6069, #4611 ) ;
#1857 = SURFACE_STYLE_USAGE ( .BOTH. , #8309 ) ;
#1858 = ORIENTED_EDGE ( 'NONE', *, *, #7112, .F. ) ;
#1859 = ADVANCED_BREP_SHAPE_REPRESENTATION ( '', ( #1379, #5962 ), #8805 ) ;
#1860 = EDGE_CURVE ( 'NONE', #4537, #1564, #4216, .T. ) ;
#1861 = MECHANICAL_DESIGN_GEOMETRIC_PRESENTATION_REPRESENTATION (  '', ( #5320 ), #4584 ) ;
#1862 =( GEOMETRIC_REPRESENTATION_CONTEXT ( 3 ) GLOBAL_UNCERTAINTY_ASSIGNED_CONTEXT ( ( #9185 ) ) GLOBAL_UNIT_ASSIGNED_CONTEXT ( ( #957, #307, #916 ) ) REPRESENTATION_CONTEXT ( 'NONE', 'WORKASPACE' ) );
#1863 = VECTOR ( 'NONE', #7674, 1000.000000000000000 ) ;
#1864 = DIRECTION ( 'NONE',  ( -0.4082482904638599641, 0.8164965809277291431, -0.4082482904638601307 ) ) ;
#1865 = LINE ( 'NONE', #8715, #8693 ) ;
#1866 = PRESENTATION_STYLE_ASSIGNMENT (( #3897 ) ) ;
#1867 = CARTESIAN_POINT ( 'NONE',  ( -5.900000000029099745, -2.299999999979629894, 4.917763191452910299 ) ) ;
#1868 = ORIENTED_EDGE ( 'NONE', *, *, #1431, .F. ) ;
#1869 = FILL_AREA_STYLE ('',( #388 ) ) ;
#1870 =( REPRESENTATION_RELATIONSHIP ('NONE','NONE', #6774, #8736 ) REPRESENTATION_RELATIONSHIP_WITH_TRANSFORMATION ( #3475 )SHAPE_REPRESENTATION_RELATIONSHIP( ) );
#1871 = ADVANCED_FACE ( 'NONE', ( #5368 ), #4001, .F. ) ;
#1872 = COLOUR_RGB ( '',0.7450980392156862919, 0.7372549019607843590, 0.7294117647058823151 ) ;
#1873 =( LENGTH_UNIT ( ) NAMED_UNIT ( * ) SI_UNIT ( .MILLI., .METRE. ) );
#1874 = CARTESIAN_POINT ( 'NONE',  ( 3.250000000000000444, -2.799999999999999822, 2.250000000000000444 ) ) ;
#1875 = AXIS2_PLACEMENT_3D ( 'NONE', #1931, #1284, #7677 ) ;
#1876 = SURFACE_SIDE_STYLE ('',( #8324 ) ) ;
#1877 =( NAMED_UNIT ( * ) PLANE_ANGLE_UNIT ( ) SI_UNIT ( $, .RADIAN. ) );
#1878 = LINE ( 'NONE', #3159, #9004 ) ;
#1879 = PLANE ( 'NONE',  #8695 ) ;
#1880 = SURFACE_STYLE_FILL_AREA ( #7440 ) ;
#1881 =( NAMED_UNIT ( * ) SI_UNIT ( $, .STERADIAN. ) SOLID_ANGLE_UNIT ( ) );
#1882 = VERTEX_POINT ( 'NONE', #7249 ) ;
#1883 = EDGE_CURVE ( 'NONE', #4298, #4203, #4330, .T. ) ;
#1884 = DIRECTION ( 'NONE',  ( 0.000000000000000000, 1.000000000000000000, 0.000000000000000000 ) ) ;
#1885 = CARTESIAN_POINT ( 'NONE',  ( 5.993309800923566577, 2.248839264927096071, 1.095631270999534168 ) ) ;
#1886 = STYLED_ITEM ( 'NONE', ( #7689 ), #7680 ) ;
#1887 = COLOUR_RGB ( '',0.7450980392156862919, 0.7372549019607843590, 0.7294117647058823151 ) ;
#1888 = ORIENTED_EDGE ( 'NONE', *, *, #5731, .T. ) ;
#1889 = SURFACE_STYLE_USAGE ( .BOTH. , #5653 ) ;
#1890 =( NAMED_UNIT ( * ) PLANE_ANGLE_UNIT ( ) SI_UNIT ( $, .RADIAN. ) );
#1891 = FILL_AREA_STYLE_COLOUR ( '', #8719 ) ;
#1892 = CARTESIAN_POINT ( 'NONE',  ( -6.500000000000000888, 2.500000000000000000, 3.250000000000000444 ) ) ;
#1893 = CARTESIAN_POINT ( 'NONE',  ( -1.200000000000000178, -8.800000000000000711, 4.750000000000000000 ) ) ;
#1894 = LINE ( 'NONE', #6324, #3116 ) ;
#1895 = PLANE ( 'NONE',  #3412 ) ;
#1896 = VERTEX_POINT ( 'NONE', #7917 ) ;
#1897 = EDGE_CURVE ( 'NONE', #6991, #4235, #7081, .T. ) ;
#1898 = SURFACE_STYLE_USAGE ( .BOTH. , #6947 ) ;
#1899 = VERTEX_POINT ( 'NONE', #4290 ) ;
#1900 = VERTEX_POINT ( 'NONE', #4998 ) ;
#1901 = CARTESIAN_POINT ( 'NONE',  ( 6.500000000000001776, 0.000000000000000000, 0.000000000000000000 ) ) ;
#1902 =( GEOMETRIC_REPRESENTATION_CONTEXT ( 3 ) GLOBAL_UNCERTAINTY_ASSIGNED_CONTEXT ( ( #4950 ) ) GLOBAL_UNIT_ASSIGNED_CONTEXT ( ( #8274, #9119, #4697 ) ) REPRESENTATION_CONTEXT ( 'NONE', 'WORKASPACE' ) );
#1903 = CARTESIAN_POINT ( 'NONE',  ( 0.2500000000000000000, 0.2000000000000000111, 2.000000000000000000 ) ) ;
#1904 = MECHANICAL_DESIGN_GEOMETRIC_PRESENTATION_REPRESENTATION (  '', ( #1603 ), #3431 ) ;
#1905 = EDGE_LOOP ( 'NONE', ( #6389, #5844, #506, #5134, #3566 ) ) ;
#1906 = CARTESIAN_POINT ( 'NONE',  ( -5.955718880829579120, -2.146138961327065608, 0.9553400473055118081 ) ) ;
#1907 = VECTOR ( 'NONE', #5277, 1000.000000000000000 ) ;
#1908 =( GEOMETRIC_REPRESENTATION_CONTEXT ( 3 ) GLOBAL_UNCERTAINTY_ASSIGNED_CONTEXT ( ( #3841 ) ) GLOBAL_UNIT_ASSIGNED_CONTEXT ( ( #8303, #6861, #1026 ) ) REPRESENTATION_CONTEXT ( 'NONE', 'WORKASPACE' ) );
#1909 = VERTEX_POINT ( 'NONE', #5702 ) ;
#1910 = SURFACE_SIDE_STYLE ('',( #1228 ) ) ;
#1911 = ORIENTED_EDGE ( 'NONE', *, *, #1929, .T. ) ;
#1912 = PRESENTATION_LAYER_ASSIGNMENT (  '', '', ( #4154 ) ) ;
#1913 = CARTESIAN_POINT ( 'NONE',  ( -2.950000000000000622, -8.300000000000000711, 2.250000000000000444 ) ) ;
#1914 = AXIS2_PLACEMENT_3D ( 'NONE', #1939, #6842, #2554 ) ;
#1915 = AXIS2_PLACEMENT_3D ( 'NONE', #364, #8252, #3881 ) ;
#1916 = CARTESIAN_POINT ( 'NONE',  ( 5.957735026948062007, 2.257735026898593400, 1.042264973081036050 ) ) ;
#1917 = DIRECTION ( 'NONE',  ( 0.000000000000000000, -1.000000000000000000, -0.000000000000000000 ) ) ;
#1918 = VECTOR ( 'NONE', #6455, 1000.000000000000000 ) ;
#1919 = FILL_AREA_STYLE ('',( #493 ) ) ;
#1920 = SURFACE_SIDE_STYLE ('',( #6155 ) ) ;
#1921 = ORIENTED_EDGE ( 'NONE', *, *, #5592, .F. ) ;
#1922 = FILL_AREA_STYLE ('',( #6251 ) ) ;
#1923 = EDGE_CURVE ( 'NONE', #6616, #4724, #8096, .T. ) ;
#1924 = MECHANICAL_DESIGN_GEOMETRIC_PRESENTATION_REPRESENTATION (  '', ( #6588 ), #6891 ) ;
#1925 = CARTESIAN_POINT ( 'NONE',  ( 2.750000000000000000, -0.2000000000000000111, 0.000000000000000000 ) ) ;
#1926 = ORIENTED_EDGE ( 'NONE', *, *, #6491, .F. ) ;
#1927 = VECTOR ( 'NONE', #8796, 1000.000000000000000 ) ;
#1928 =( GEOMETRIC_REPRESENTATION_CONTEXT ( 3 ) GLOBAL_UNCERTAINTY_ASSIGNED_CONTEXT ( ( #5432 ) ) GLOBAL_UNIT_ASSIGNED_CONTEXT ( ( #2070, #1726, #1536 ) ) REPRESENTATION_CONTEXT ( 'NONE', 'WORKASPACE' ) );
#1929 = EDGE_CURVE ( 'NONE', #8777, #670, #286, .T. ) ;
#1930 = PRESENTATION_LAYER_ASSIGNMENT (  '', '', ( #6592 ) ) ;
#1931 = CARTESIAN_POINT ( 'NONE',  ( -5.577829980359990891, 2.299999999999999822, 4.262348883218679774 ) ) ;
#1932 =( NAMED_UNIT ( * ) PLANE_ANGLE_UNIT ( ) SI_UNIT ( $, .RADIAN. ) );
#1933 = DIRECTION ( 'NONE',  ( -3.175210755296169386E-16, -2.222647528707316105E-16, -1.000000000000000000 ) ) ;
#1934 = LINE ( 'NONE', #6355, #1214 ) ;
#1935 = CARTESIAN_POINT ( 'NONE',  ( 5.577829980359990891, -2.299999999999999822, 4.262348883218679774 ) ) ;
#1936 = DIRECTION ( 'NONE',  ( 1.000000000000000000, 0.000000000000000000, 0.000000000000000000 ) ) ;
#1937 = ORIENTED_EDGE ( 'NONE', *, *, #7061, .F. ) ;
#1938 = DIRECTION ( 'NONE',  ( -1.000000000000000000, 0.000000000000000000, 0.000000000000000000 ) ) ;
#1939 = CARTESIAN_POINT ( 'NONE',  ( -0.8499999999999999778, -8.300000000000000711, 4.750000000000000000 ) ) ;
#1940 =( GEOMETRIC_REPRESENTATION_CONTEXT ( 3 ) GLOBAL_UNCERTAINTY_ASSIGNED_CONTEXT ( ( #7886 ) ) GLOBAL_UNIT_ASSIGNED_CONTEXT ( ( #3404, #2698, #6930 ) ) REPRESENTATION_CONTEXT ( 'NONE', 'WORKASPACE' ) );
#1941 = UNCERTAINTY_MEASURE_WITH_UNIT (LENGTH_MEASURE( 1.000000000000000082E-05 ), #8828, 'distance_accuracy_value', 'NONE');
#1942 =( NAMED_UNIT ( * ) PLANE_ANGLE_UNIT ( ) SI_UNIT ( $, .RADIAN. ) );
#1943 = VECTOR ( 'NONE', #9215, 1000.000000000000000 ) ;
#1944 = VERTEX_POINT ( 'NONE', #4241 ) ;
#1945 = VECTOR ( 'NONE', #3908, 1000.000000000000000 ) ;
#1946 = SURFACE_STYLE_FILL_AREA ( #6799 ) ;
#1947 = MECHANICAL_DESIGN_GEOMETRIC_PRESENTATION_REPRESENTATION (  '', ( #6606 ), #6910 ) ;
#1948 = ADVANCED_FACE ( 'NONE', ( #649 ), #8183, .T. ) ;
#1949 =( LENGTH_UNIT ( ) NAMED_UNIT ( * ) SI_UNIT ( .MILLI., .METRE. ) );
#1950 = DIRECTION ( 'NONE',  ( 1.000000000000000000, 0.000000000000000000, 0.000000000000000000 ) ) ;
#1951 = CARTESIAN_POINT ( 'NONE',  ( -5.900000000029099745, 2.299999999979629894, 2.250000000000000444 ) ) ;
#1952 = PRESENTATION_STYLE_ASSIGNMENT (( #9241 ) ) ;
#1953 = ORIENTED_EDGE ( 'NONE', *, *, #445, .T. ) ;
#1954 = CARTESIAN_POINT ( 'NONE',  ( -5.900000000029099745, 1.149999999989810062, 1.000000000000000000 ) ) ;
#1955 = ORIENTED_EDGE ( 'NONE', *, *, #3102, .T. ) ;
#1956 = ORIENTED_EDGE ( 'NONE', *, *, #1323, .T. ) ;
#1957 = FACE_OUTER_BOUND ( 'NONE', #4891, .T. ) ;
#1958 = AXIS2_PLACEMENT_3D ( 'NONE', #7450, #6940, #1795 ) ;
#1959 = UNCERTAINTY_MEASURE_WITH_UNIT (LENGTH_MEASURE( 1.000000000000000082E-05 ), #5265, 'distance_accuracy_value', 'NONE');
#1960 = EDGE_LOOP ( 'NONE', ( #9145, #5534, #2359, #8642 ) ) ;
#1961 = LINE ( 'NONE', #2726, #2391 ) ;
#1962 = ORIENTED_EDGE ( 'NONE', *, *, #3538, .F. ) ;
#1963 = VECTOR ( 'NONE', #6561, 1000.000000000000000 ) ;
#1964 = ORIENTED_EDGE ( 'NONE', *, *, #1591, .F. ) ;
#1965 = SURFACE_SIDE_STYLE ('',( #8408 ) ) ;
#1966 = PRESENTATION_STYLE_ASSIGNMENT (( #4116 ) ) ;
#1967 = CARTESIAN_POINT ( 'NONE',  ( -5.900000000000000355, 2.200000000000000178, 6.000000000000000000 ) ) ;
#1968 = LINE ( 'NONE', #8553, #3603 ) ;
#1969 = SURFACE_SIDE_STYLE ('',( #7667 ) ) ;
#1970 = SURFACE_SIDE_STYLE ('',( #7849 ) ) ;
#1971 = CARTESIAN_POINT ( 'NONE',  ( -6.000000000029100278, 2.299999999979629894, 3.440418332022769921 ) ) ;
#1972 = ORIENTED_EDGE ( 'NONE', *, *, #2504, .T. ) ;
#1973 = CARTESIAN_POINT ( 'NONE',  ( -3.250000000000000888, -2.799999999999999822, 2.250000000000000444 ) ) ;
#1974 = SURFACE_SIDE_STYLE ('',( #8415 ) ) ;
#1975 = LINE ( 'NONE', #6827, #808 ) ;
#1976 =( NAMED_UNIT ( * ) PLANE_ANGLE_UNIT ( ) SI_UNIT ( $, .RADIAN. ) );
#1977 = ORIENTED_EDGE ( 'NONE', *, *, #6936, .F. ) ;
#1978 = EDGE_CURVE ( 'NONE', #8590, #462, #5354, .T. ) ;
#1979 = CARTESIAN_POINT ( 'NONE',  ( 6.000000000029100278, 2.199999999979629806, 5.400000000000000355 ) ) ;
#1980 = CARTESIAN_POINT ( 'NONE',  ( 5.800000000029100988, 2.299999999979629894, 0.000000000000000000 ) ) ;
#1981 = SURFACE_SIDE_STYLE ('',( #2697 ) ) ;
#1982 = CARTESIAN_POINT ( 'NONE',  ( 4.049999999999999822, -2.299999999979629894, 1.100000000000000089 ) ) ;
#1983 = SURFACE_SIDE_STYLE ('',( #7764 ) ) ;
#1984 = PLANE ( 'NONE',  #669 ) ;
#1985 = FACE_OUTER_BOUND ( 'NONE', #3415, .T. ) ;
#1986 = VERTEX_POINT ( 'NONE', #302 ) ;
#1987 = PRESENTATION_STYLE_ASSIGNMENT (( #456 ) ) ;
#1988 = AXIS2_PLACEMENT_3D ( 'NONE', #4396, #9220, #7263 ) ;
#1989 = SURFACE_STYLE_FILL_AREA ( #6888 ) ;
#1990 = EDGE_CURVE ( 'NONE', #2273, #5617, #861, .T. ) ;
#1991 = COLOUR_RGB ( '',0.7450980392156862919, 0.7372549019607843590, 0.7294117647058823151 ) ;
#1992 = EDGE_CURVE ( 'NONE', #5795, #236, #3725, .T. ) ;
#1993 = SURFACE_STYLE_FILL_AREA ( #3358 ) ;
#1994 = CYLINDRICAL_SURFACE ( 'NONE', #1347, 0.1000000000000002554 ) ;
#1995 = SURFACE_STYLE_USAGE ( .BOTH. , #4005 ) ;
#1996 = CARTESIAN_POINT ( 'NONE',  ( 6.000000000029100278, -2.299999999979629894, -3.000000000000000000 ) ) ;
#1997 = CARTESIAN_POINT ( 'NONE',  ( -5.900086743521481658, -2.799999999999999822, 5.126379046881691437 ) ) ;
#1998 = SURFACE_STYLE_USAGE ( .BOTH. , #2715 ) ;
#1999 = ORIENTED_EDGE ( 'NONE', *, *, #7975, .F. ) ;
#2000 = FILL_AREA_STYLE ('',( #6988 ) ) ;
#2001 = EDGE_CURVE ( 'NONE', #6103, #5089, #5309, .T. ) ;
#2002 = EDGE_CURVE ( 'NONE', #6570, #3343, #6294, .T. ) ;
#2003 = ORIENTED_EDGE ( 'NONE', *, *, #5907, .F. ) ;
#2004 = VERTEX_POINT ( 'NONE', #1050 ) ;
#2005 = DIRECTION ( 'NONE',  ( -0.000000000000000000, 1.000000000000000000, 0.000000000000000000 ) ) ;
#2006 = VECTOR ( 'NONE', #5404, 1000.000000000000114 ) ;
#2007 = APPLICATION_CONTEXT ( 'automotive_design' ) ;
#2008 = ORIENTED_EDGE ( 'NONE', *, *, #6661, .F. ) ;
#2009 = LINE ( 'NONE', #5535, #3610 ) ;
#2010 = SURFACE_STYLE_FILL_AREA ( #8542 ) ;
#2011 =( NAMED_UNIT ( * ) SI_UNIT ( $, .STERADIAN. ) SOLID_ANGLE_UNIT ( ) );
#2012 = ORIENTED_EDGE ( 'NONE', *, *, #387, .F. ) ;
#2013 = CIRCLE ( 'NONE', #5899, 0.9221700196400074434 ) ;
#2014 = EDGE_CURVE ( 'NONE', #699, #5849, #1557, .T. ) ;
#2015 = FILL_AREA_STYLE_COLOUR ( '', #5304 ) ;
#2016 = EDGE_LOOP ( 'NONE', ( #7313, #563, #2907, #5106 ) ) ;
#2017 = VECTOR ( 'NONE', #7222, 1000.000000000000000 ) ;
#2018 =( NAMED_UNIT ( * ) PLANE_ANGLE_UNIT ( ) SI_UNIT ( $, .RADIAN. ) );
#2019 = SURFACE_STYLE_USAGE ( .BOTH. , #1965 ) ;
#2020 = AXIS2_PLACEMENT_3D ( 'NONE', #7608, #2671, #1393 ) ;
#2021 = CARTESIAN_POINT ( 'NONE',  ( 5.853018577229545549, 2.351539568527130530, 1.058040350905544269 ) ) ;
#2022 = PRESENTATION_LAYER_ASSIGNMENT (  '', '', ( #5020 ) ) ;
#2023 = CARTESIAN_POINT ( 'NONE',  ( -3.049999999999999822, 0.000000000000000000, -3.000000000000000000 ) ) ;
#2024 = LINE ( 'NONE', #668, #5618 ) ;
#2025 = DIRECTION ( 'NONE',  ( -0.5773502691896242878, -0.5773502691896242878, -0.5773502691896287287 ) ) ;
#2026 = ORIENTED_EDGE ( 'NONE', *, *, #8364, .T. ) ;
#2027 =( LENGTH_UNIT ( ) NAMED_UNIT ( * ) SI_UNIT ( .MILLI., .METRE. ) );
#2028 = PLANE ( 'NONE',  #9197 ) ;
#2029 = CARTESIAN_POINT ( 'NONE',  ( 5.900000000029098857, -2.199999999979629806, 5.500000000000000000 ) ) ;
#2030 = AXIS2_PLACEMENT_3D ( 'NONE', #3974, #423, #5461 ) ;
#2031 = COLOUR_RGB ( '',0.7450980392156862919, 0.7372549019607843590, 0.7294117647058823151 ) ;
#2032 = DIRECTION ( 'NONE',  ( 0.000000000000000000, 0.000000000000000000, 1.000000000000000000 ) ) ;
#2033 = DIRECTION ( 'NONE',  ( -5.163828021512360244E-16, -0.000000000000000000, 1.000000000000000000 ) ) ;
#2034 =( LENGTH_UNIT ( ) NAMED_UNIT ( * ) SI_UNIT ( .MILLI., .METRE. ) );
#2035 = FILL_AREA_STYLE ('',( #4849 ) ) ;
#2036 = DIRECTION ( 'NONE',  ( 0.000000000000000000, 0.000000000000000000, -1.000000000000000000 ) ) ;
#2037 = ORIENTED_EDGE ( 'NONE', *, *, #8550, .T. ) ;
#2038 = CARTESIAN_POINT ( 'NONE',  ( -4.049999999999999822, -2.199999999979629806, 1.100000000000000089 ) ) ;
#2039 = UNCERTAINTY_MEASURE_WITH_UNIT (LENGTH_MEASURE( 1.000000000000000082E-05 ), #2434, 'distance_accuracy_value', 'NONE');
#2040 = AXIS2_PLACEMENT_3D ( 'NONE', #7070, #2833, #8609 ) ;
#2041 = PRESENTATION_STYLE_ASSIGNMENT (( #8476 ) ) ;
#2042 = CARTESIAN_POINT ( 'NONE',  ( -2.250000000000000444, -8.300000000000000711, 4.750000000000000000 ) ) ;
#2043 = CARTESIAN_POINT ( 'NONE',  ( -5.800000000029100100, -2.799999999999999822, 2.250000000000000444 ) ) ;
#2044 = CIRCLE ( 'NONE', #5187, 0.1000000000000002554 ) ;
#2045 = LINE ( 'NONE', #4905, #8209 ) ;
#2046 =( NAMED_UNIT ( * ) SI_UNIT ( $, .STERADIAN. ) SOLID_ANGLE_UNIT ( ) );
#2047 = ORIENTED_EDGE ( 'NONE', *, *, #2057, .T. ) ;
#2048 = STYLED_ITEM ( 'NONE', ( #6178 ), #7639 ) ;
#2049 =( NAMED_UNIT ( * ) PLANE_ANGLE_UNIT ( ) SI_UNIT ( $, .RADIAN. ) );
#2050 = ADVANCED_FACE ( 'NONE', ( #2406 ), #8111, .F. ) ;
#2051 = VECTOR ( 'NONE', #2113, 1000.000000000000000 ) ;
#2052 = VERTEX_POINT ( 'NONE', #955 ) ;
#2053 = ORIENTED_EDGE ( 'NONE', *, *, #95, .T. ) ;
#2054 = CARTESIAN_POINT ( 'NONE',  ( -6.500000000000000888, -1.000000000000000000, -3.000000000000000000 ) ) ;
#2055 = DIRECTION ( 'NONE',  ( 0.000000000000000000, 0.000000000000000000, -1.000000000000000000 ) ) ;
#2056 = UNCERTAINTY_MEASURE_WITH_UNIT (LENGTH_MEASURE( 1.000000000000000082E-05 ), #6975, 'distance_accuracy_value', 'NONE');
#2057 = EDGE_CURVE ( 'NONE', #8266, #2787, #3862, .T. ) ;
#2058 = UNCERTAINTY_MEASURE_WITH_UNIT (LENGTH_MEASURE( 1.000000000000000082E-05 ), #8692, 'distance_accuracy_value', 'NONE');
#2059 = EDGE_LOOP ( 'NONE', ( #3647, #1506, #4828, #5682 ) ) ;
#2060 = DIRECTION ( 'NONE',  ( -0.000000000000000000, -0.000000000000000000, -1.000000000000000000 ) ) ;
#2061 = SHAPE_REPRESENTATION_RELATIONSHIP ( 'NONE' , 'NONE' ,  #8548, #4106 ) ;
#2062 = EDGE_LOOP ( 'NONE', ( #5253, #9082, #7507, #1610, #4370, #8201, #4172, #2316 ) ) ;
#2063 =( NAMED_UNIT ( * ) PLANE_ANGLE_UNIT ( ) SI_UNIT ( $, .RADIAN. ) );
#2064 = ORIENTED_EDGE ( 'NONE', *, *, #1275, .T. ) ;
#2065 = CIRCLE ( 'NONE', #8211, 0.1000000000000002554 ) ;
#2066 = FILL_AREA_STYLE_COLOUR ( '', #6398 ) ;
#2067 = FACE_OUTER_BOUND ( 'NONE', #2516, .T. ) ;
#2068 = CARTESIAN_POINT ( 'NONE',  ( 5.981304907480784472, 2.257735026898593844, 1.065834853613756739 ) ) ;
#2069 = ADVANCED_FACE ( 'NONE', ( #4668 ), #6112, .F. ) ;
#2070 =( LENGTH_UNIT ( ) NAMED_UNIT ( * ) SI_UNIT ( .MILLI., .METRE. ) );
#2071 =( GEOMETRIC_REPRESENTATION_CONTEXT ( 3 ) GLOBAL_UNCERTAINTY_ASSIGNED_CONTEXT ( ( #2058 ) ) GLOBAL_UNIT_ASSIGNED_CONTEXT ( ( #8692, #5956, #5251 ) ) REPRESENTATION_CONTEXT ( 'NONE', 'WORKASPACE' ) );
#2072 =( NAMED_UNIT ( * ) PLANE_ANGLE_UNIT ( ) SI_UNIT ( $, .RADIAN. ) );
#2073 = DIRECTION ( 'NONE',  ( 4.758098676964960405E-16, 0.000000000000000000, 1.000000000000000000 ) ) ;
#2074 = PRODUCT_DEFINITION_SHAPE ( 'NONE', 'NONE',  #9305 ) ;
#2075 = VERTEX_POINT ( 'NONE', #2548 ) ;
#2076 = DIRECTION ( 'NONE',  ( -0.000000000000000000, -0.000000000000000000, 1.000000000000000000 ) ) ;
#2077 = VECTOR ( 'NONE', #815, 1000.000000000000000 ) ;
#2078 =( NAMED_UNIT ( * ) PLANE_ANGLE_UNIT ( ) SI_UNIT ( $, .RADIAN. ) );
#2079 = ORIENTED_EDGE ( 'NONE', *, *, #3812, .F. ) ;
#2080 = PRODUCT_DEFINITION_FORMATION_WITH_SPECIFIED_SOURCE ( 'ANY', '', #9200, .NOT_KNOWN. ) ;
#2081 =( NAMED_UNIT ( * ) SI_UNIT ( $, .STERADIAN. ) SOLID_ANGLE_UNIT ( ) );
#2082 = CARTESIAN_POINT ( 'NONE',  ( -5.900000000029100633, 2.299999999979629894, 2.250000000000000444 ) ) ;
#2083 = FACE_OUTER_BOUND ( 'NONE', #9196, .T. ) ;
#2084 = LINE ( 'NONE', #5691, #9089 ) ;
#2085 = CARTESIAN_POINT ( 'NONE',  ( -5.577829980359990891, -2.299999999999999822, 4.262348883218679774 ) ) ;
#2086 = PRESENTATION_LAYER_ASSIGNMENT (  '', '', ( #8224 ) ) ;
#2087 = ORIENTED_EDGE ( 'NONE', *, *, #725, .F. ) ;
#2088 = DIRECTION ( 'NONE',  ( 0.000000000000000000, 0.000000000000000000, 1.000000000000000000 ) ) ;
#2089 = LINE ( 'NONE', #6464, #6354 ) ;
#2090 = MECHANICAL_DESIGN_GEOMETRIC_PRESENTATION_REPRESENTATION (  '', ( #6446 ), #735 ) ;
#2091 = PRESENTATION_LAYER_ASSIGNMENT (  '', '', ( #7641 ) ) ;
#2092 = ORIENTED_EDGE ( 'NONE', *, *, #3156, .T. ) ;
#2093 = STYLED_ITEM ( 'NONE', ( #1687 ), #4516 ) ;
#2094 = FILL_AREA_STYLE ('',( #8382 ) ) ;
#2095 = DIRECTION ( 'NONE',  ( 1.000000000000000000, 0.000000000000000000, -0.000000000000000000 ) ) ;
#2096 = STYLED_ITEM ( 'NONE', ( #2341 ), #2129 ) ;
#2097 =( NAMED_UNIT ( * ) SI_UNIT ( $, .STERADIAN. ) SOLID_ANGLE_UNIT ( ) );
#2098 = CARTESIAN_POINT ( 'NONE',  ( -6.000000000029100278, -2.799999999999999822, 3.440418332022770365 ) ) ;
#2099 = CARTESIAN_POINT ( 'NONE',  ( -5.948839264976567343, 2.293309800874098858, 5.404368729000464278 ) ) ;
#2100 =( NAMED_UNIT ( * ) PLANE_ANGLE_UNIT ( ) SI_UNIT ( $, .RADIAN. ) );
#2101 = VERTEX_POINT ( 'NONE', #6974 ) ;
#2102 = ORIENTED_EDGE ( 'NONE', *, *, #4234, .F. ) ;
#2103 = ORIENTED_EDGE ( 'NONE', *, *, #4213, .T. ) ;
#2104 = COLOUR_RGB ( '',0.7450980392156862919, 0.7372549019607843590, 0.7294117647058823151 ) ;
#2105 = DIRECTION ( 'NONE',  ( 0.000000000000000000, 0.000000000000000000, 1.000000000000000000 ) ) ;
#2106 = DIRECTION ( 'NONE',  ( 1.000000000000000000, 0.000000000000000000, 0.000000000000000000 ) ) ;
#2107 = AXIS2_PLACEMENT_3D ( 'NONE', #6201, #4454, #8688 ) ;
#2108 = DIRECTION ( 'NONE',  ( 0.000000000000000000, -0.000000000000000000, 1.000000000000000000 ) ) ;
#2109 = EDGE_CURVE ( 'NONE', #1100, #4037, #2594, .T. ) ;
#2110 = ADVANCED_FACE ( 'NONE', ( #1135 ), #3948, .F. ) ;
#2111 = AXIS2_PLACEMENT_3D ( 'NONE', #1339, #676, #9180 ) ;
#2112 = FILL_AREA_STYLE ('',( #7139 ) ) ;
#2113 = DIRECTION ( 'NONE',  ( 0.000000000000000000, 1.000000000000000000, 0.000000000000000000 ) ) ;
#2114 = PRESENTATION_STYLE_ASSIGNMENT (( #4211 ) ) ;
#2115 = PRESENTATION_STYLE_ASSIGNMENT (( #7099 ) ) ;
#2116 = EDGE_LOOP ( 'NONE', ( #9069, #6664, #2102, #273 ) ) ;
#2117 = DIRECTION ( 'NONE',  ( -0.3494548253495050050, 0.000000000000000000, 0.9369532139012849425 ) ) ;
#2118 = VERTEX_POINT ( 'NONE', #1982 ) ;
#2119 = EDGE_CURVE ( 'NONE', #4585, #1235, #1783, .T. ) ;
#2120 = CARTESIAN_POINT ( 'NONE',  ( -5.961381300156006979, 2.203302719417257194, 0.9914789388076479248 ) ) ;
#2121 = PLANE ( 'NONE',  #4629 ) ;
#2122 = FILL_AREA_STYLE ('',( #136 ) ) ;
#2123 = LINE ( 'NONE', #5584, #3982 ) ;
#2124 = CARTESIAN_POINT ( 'NONE',  ( 5.900000000029099745, 2.199999999979629806, 5.500000000000000888 ) ) ;
#2125 = CARTESIAN_POINT ( 'NONE',  ( 4.049999999999999822, 2.799999999999999822, 2.250000000000000444 ) ) ;
#2126 = EDGE_LOOP ( 'NONE', ( #8118, #4280, #762, #8256 ) ) ;
#2127 = CARTESIAN_POINT ( 'NONE',  ( -2.750000000000000000, -0.2000000000000000111, 2.000000000000000000 ) ) ;
#2128 = DIRECTION ( 'NONE',  ( -0.000000000000000000, -1.000000000000000000, -0.000000000000000000 ) ) ;
#2129 = ADVANCED_FACE ( 'NONE', ( #7420 ), #4597, .T. ) ;
#2130 = EDGE_CURVE ( 'NONE', #699, #4386, #987, .T. ) ;
#2131 = DIRECTION ( 'NONE',  ( 0.000000000000000000, 0.000000000000000000, 1.000000000000000000 ) ) ;
#2132 = SURFACE_STYLE_USAGE ( .BOTH. , #1981 ) ;
#2133 = FILL_AREA_STYLE_COLOUR ( '', #3612 ) ;
#2134 =( NAMED_UNIT ( * ) PLANE_ANGLE_UNIT ( ) SI_UNIT ( $, .RADIAN. ) );
#2135 = ORIENTED_EDGE ( 'NONE', *, *, #174, .F. ) ;
#2136 = CARTESIAN_POINT ( 'NONE',  ( 2.950000000000000178, -2.799999999999999822, 2.250000000000000444 ) ) ;
#2137 = UNCERTAINTY_MEASURE_WITH_UNIT (LENGTH_MEASURE( 1.000000000000000082E-05 ), #5892, 'distance_accuracy_value', 'NONE');
#2138 = CARTESIAN_POINT ( 'NONE',  ( -6.500000000000000888, -2.799999999999999822, 3.250000000000000444 ) ) ;
#2139 = CIRCLE ( 'NONE', #8430, 0.1000000000000000333 ) ;
#2140 = EDGE_CURVE ( 'NONE', #1817, #94, #3053, .T. ) ;
#2141 = ORIENTED_EDGE ( 'NONE', *, *, #7824, .T. ) ;
#2142 = SURFACE_STYLE_FILL_AREA ( #3465 ) ;
#2143 =( NAMED_UNIT ( * ) PLANE_ANGLE_UNIT ( ) SI_UNIT ( $, .RADIAN. ) );
#2144 = SURFACE_STYLE_FILL_AREA ( #3840 ) ;
#2145 = DIRECTION ( 'NONE',  ( 1.000000000000000000, 0.000000000000000000, 0.000000000000000000 ) ) ;
#2146 = FILL_AREA_STYLE ('',( #6422 ) ) ;
#2147 =( NAMED_UNIT ( * ) PLANE_ANGLE_UNIT ( ) SI_UNIT ( $, .RADIAN. ) );
#2148 = ORIENTED_EDGE ( 'NONE', *, *, #496, .F. ) ;
#2149 =( NAMED_UNIT ( * ) SI_UNIT ( $, .STERADIAN. ) SOLID_ANGLE_UNIT ( ) );
#2150 = EDGE_LOOP ( 'NONE', ( #7773, #8468, #2203, #8282, #6707, #3052, #663, #7761, #820, #3633, #3269, #7111 ) ) ;
#2151 = ORIENTED_EDGE ( 'NONE', *, *, #7270, .T. ) ;
#2152 = AXIS2_PLACEMENT_3D ( 'NONE', #2464, #3084, #8251 ) ;
#2153 = SURFACE_STYLE_FILL_AREA ( #3422 ) ;
#2154 = UNCERTAINTY_MEASURE_WITH_UNIT (LENGTH_MEASURE( 1.000000000000000082E-05 ), #7038, 'distance_accuracy_value', 'NONE');
#2155 = CIRCLE ( 'NONE', #6047, 0.1000000000000002554 ) ;
#2156 = PRESENTATION_LAYER_ASSIGNMENT (  '', '', ( #9042 ) ) ;
#2157 = CARTESIAN_POINT ( 'NONE',  ( -5.989442719129091763, 2.244721359529624927, 1.100000000000000089 ) ) ;
#2158 = ORIENTED_EDGE ( 'NONE', *, *, #4768, .F. ) ;
#2159 = VERTEX_POINT ( 'NONE', #6727 ) ;
#2160 = EDGE_CURVE ( 'NONE', #8078, #6230, #190, .T. ) ;
#2161 = CARTESIAN_POINT ( 'NONE',  ( -5.993309800923566577, 2.248839264927096071, 1.095631270999533502 ) ) ;
#2162 = CARTESIAN_POINT ( 'NONE',  ( -3.250000000000000444, -2.799999999999999822, 2.250000000000000444 ) ) ;
#2163 = COLOUR_RGB ( '',0.7294117647058823151, 0.5176470588235293491, 0.3058823529411764941 ) ;
#2164 = SURFACE_STYLE_USAGE ( .BOTH. , #7899 ) ;
#2165 =( NAMED_UNIT ( * ) PLANE_ANGLE_UNIT ( ) SI_UNIT ( $, .RADIAN. ) );
#2166 = FILL_AREA_STYLE ('',( #706 ) ) ;
#2167 = STYLED_ITEM ( 'NONE', ( #1550 ), #489 ) ;
#2168 = ORIENTED_EDGE ( 'NONE', *, *, #3653, .T. ) ;
#2169 = FACE_OUTER_BOUND ( 'NONE', #8414, .T. ) ;
#2170 = FILL_AREA_STYLE_COLOUR ( '', #833 ) ;
#2171 = ORIENTED_EDGE ( 'NONE', *, *, #4063, .T. ) ;
#2172 = EDGE_CURVE ( 'NONE', #1524, #571, #5342, .T. ) ;
#2173 =( GEOMETRIC_REPRESENTATION_CONTEXT ( 3 ) GLOBAL_UNCERTAINTY_ASSIGNED_CONTEXT ( ( #2890 ) ) GLOBAL_UNIT_ASSIGNED_CONTEXT ( ( #6421, #2623, #2575 ) ) REPRESENTATION_CONTEXT ( 'NONE', 'WORKASPACE' ) );
#2174 = PRESENTATION_LAYER_ASSIGNMENT (  '', '', ( #64 ) ) ;
#2175 = SURFACE_SIDE_STYLE ('',( #713 ) ) ;
#2176 =( NAMED_UNIT ( * ) SI_UNIT ( $, .STERADIAN. ) SOLID_ANGLE_UNIT ( ) );
#2177 = DIRECTION ( 'NONE',  ( -1.000000000000000000, 0.000000000000000000, 0.000000000000000000 ) ) ;
#2178 = FACE_OUTER_BOUND ( 'NONE', #114, .T. ) ;
#2179 = ADVANCED_FACE ( 'NONE', ( #939 ), #7471, .F. ) ;
#2180 = ORIENTED_EDGE ( 'NONE', *, *, #1860, .F. ) ;
#2181 = FILL_AREA_STYLE_COLOUR ( '', #827 ) ;
#2182 = SURFACE_SIDE_STYLE ('',( #8611 ) ) ;
#2183 = AXIS2_PLACEMENT_3D ( 'NONE', #3858, #5300, #6642 ) ;
#2184 = FACE_OUTER_BOUND ( 'NONE', #8091, .T. ) ;
#2185 = LINE ( 'NONE', #5039, #5181 ) ;
#2186 = CIRCLE ( 'NONE', #1856, 0.1000000000000002554 ) ;
#2187 = DIRECTION ( 'NONE',  ( -0.000000000000000000, -0.000000000000000000, -1.000000000000000000 ) ) ;
#2188 = LINE ( 'NONE', #4329, #2839 ) ;
#2189 = STYLED_ITEM ( 'NONE', ( #5842 ), #7804 ) ;
#2190 = LINE ( 'NONE', #2043, #5991 ) ;
#2191 = EDGE_CURVE ( 'NONE', #3867, #5077, #2531, .T. ) ;
#2192 = VERTEX_POINT ( 'NONE', #9060 ) ;
#2193 =( LENGTH_UNIT ( ) NAMED_UNIT ( * ) SI_UNIT ( .MILLI., .METRE. ) );
#2194 = APPLICATION_CONTEXT ( 'automotive_design' ) ;
#2195 = VERTEX_POINT ( 'NONE', #5631 ) ;
#2196 = ORIENTED_EDGE ( 'NONE', *, *, #3375, .T. ) ;
#2197 = DIRECTION ( 'NONE',  ( 3.175210755296170372E-16, -2.222647528707319063E-16, 1.000000000000000000 ) ) ;
#2198 =( GEOMETRIC_REPRESENTATION_CONTEXT ( 3 ) GLOBAL_UNCERTAINTY_ASSIGNED_CONTEXT ( ( #458 ) ) GLOBAL_UNIT_ASSIGNED_CONTEXT ( ( #9166, #5633, #3492 ) ) REPRESENTATION_CONTEXT ( 'NONE', 'WORKASPACE' ) );
#2199 =( LENGTH_UNIT ( ) NAMED_UNIT ( * ) SI_UNIT ( .MILLI., .METRE. ) );
#2200 =( NAMED_UNIT ( * ) SI_UNIT ( $, .STERADIAN. ) SOLID_ANGLE_UNIT ( ) );
#2201 = ORIENTED_EDGE ( 'NONE', *, *, #8432, .T. ) ;
#2202 = CARTESIAN_POINT ( 'NONE',  ( 5.577829980359990891, 2.799999999999999822, 4.262348883218679774 ) ) ;
#2203 = ORIENTED_EDGE ( 'NONE', *, *, #2629, .T. ) ;
#2204 = DIRECTION ( 'NONE',  ( 0.000000000000000000, -0.000000000000000000, 1.000000000000000000 ) ) ;
#2205 = PRESENTATION_LAYER_ASSIGNMENT (  '', '', ( #567 ) ) ;
#2206 = LINE ( 'NONE', #184, #3747 ) ;
#2207 = DIRECTION ( 'NONE',  ( 0.000000000000000000, 0.000000000000000000, -1.000000000000000000 ) ) ;
#2208 = CARTESIAN_POINT ( 'NONE',  ( 5.957735026948062007, -2.257735026898592068, 5.457735026918963506 ) ) ;
#2209 = SHAPE_REPRESENTATION_RELATIONSHIP ( 'NONE' , 'NONE' ,  #1695, #3990 ) ;
#2210 = AXIS2_PLACEMENT_3D ( 'NONE', #4199, #6276, #9141 ) ;
#2211 = MECHANICAL_DESIGN_GEOMETRIC_PRESENTATION_REPRESENTATION (  '', ( #6264 ), #6430 ) ;
#2212 =( NAMED_UNIT ( * ) SI_UNIT ( $, .STERADIAN. ) SOLID_ANGLE_UNIT ( ) );
#2213 = EDGE_CURVE ( 'NONE', #774, #8199, #1320, .T. ) ;
#2214 = SURFACE_STYLE_FILL_AREA ( #2298 ) ;
#2215 = LINE ( 'NONE', #8054, #5590 ) ;
#2216 = ORIENTED_EDGE ( 'NONE', *, *, #725, .T. ) ;
#2217 = FILL_AREA_STYLE_COLOUR ( '', #8083 ) ;
#2218 = PRESENTATION_LAYER_ASSIGNMENT (  '', '', ( #6116 ) ) ;
#2219 = FILL_AREA_STYLE_COLOUR ( '', #5144 ) ;
#2220 = STYLED_ITEM ( 'NONE', ( #4581 ), #1370 ) ;
#2221 = EDGE_CURVE ( 'NONE', #1802, #155, #3490, .T. ) ;
#2222 = UNCERTAINTY_MEASURE_WITH_UNIT (LENGTH_MEASURE( 1.000000000000000082E-05 ), #2962, 'distance_accuracy_value', 'NONE');
#2223 = VECTOR ( 'NONE', #6249, 1000.000000000000000 ) ;
#2224 = PLANE ( 'NONE',  #768 ) ;
#2225 = CARTESIAN_POINT ( 'NONE',  ( 5.993309800923565689, -2.248839264927096515, 1.095631270999533502 ) ) ;
#2226 = STYLED_ITEM ( 'NONE', ( #8729 ), #6709 ) ;
#2227 = SURFACE_STYLE_FILL_AREA ( #5042 ) ;
#2228 = DIRECTION ( 'NONE',  ( 1.000000000000000000, 0.000000000000000000, 0.000000000000000000 ) ) ;
#2229 = FACE_OUTER_BOUND ( 'NONE', #9005, .T. ) ;
#2230 = ORIENTED_EDGE ( 'NONE', *, *, #7622, .T. ) ;
#2231 = CARTESIAN_POINT ( 'NONE',  ( -5.957735026948062895, 2.257735026898592956, 5.457735026918960841 ) ) ;
#2232 = MECHANICAL_DESIGN_GEOMETRIC_PRESENTATION_REPRESENTATION (  '', ( #2829 ), #2977 ) ;
#2233 = ORIENTED_EDGE ( 'NONE', *, *, #1923, .T. ) ;
#2234 = ORIENTED_EDGE ( 'NONE', *, *, #6661, .T. ) ;
#2235 = ORIENTED_EDGE ( 'NONE', *, *, #7558, .F. ) ;
#2236 = EDGE_CURVE ( 'NONE', #1827, #6239, #1117, .T. ) ;
#2237 = ADVANCED_FACE ( 'NONE', ( #2630 ), #7050, .T. ) ;
#2238 = SURFACE_SIDE_STYLE ('',( #8669 ) ) ;
#2239 = AXIS2_PLACEMENT_3D ( 'NONE', #2843, #5839, #5788 ) ;
#2240 = FILL_AREA_STYLE ('',( #8671 ) ) ;
#2241 = DIRECTION ( 'NONE',  ( -0.000000000000000000, 0.000000000000000000, -1.000000000000000000 ) ) ;
#2242 = CARTESIAN_POINT ( 'NONE',  ( -6.000000000029100278, 2.799999999999998934, 3.250000000000000888 ) ) ;
#2243 = FILL_AREA_STYLE ('',( #5100 ) ) ;
#2244 = DIRECTION ( 'NONE',  ( -0.5734623443633283246, -0.8192319205190404796, 0.000000000000000000 ) ) ;
#2245 = ORIENTED_EDGE ( 'NONE', *, *, #7687, .F. ) ;
#2246 = CARTESIAN_POINT ( 'NONE',  ( -2.950000000000000178, -0.2000000000000000111, -3.000000000000000000 ) ) ;
#2247 = ORIENTED_EDGE ( 'NONE', *, *, #1431, .T. ) ;
#2248 = VERTEX_POINT ( 'NONE', #9163 ) ;
#2249 = CARTESIAN_POINT ( 'NONE',  ( -6.008521061221451021, 2.203302719417258526, 1.038618699873090190 ) ) ;
#2250 = EDGE_CURVE ( 'NONE', #746, #9056, #3432, .T. ) ;
#2251 = FACE_OUTER_BOUND ( 'NONE', #4089, .T. ) ;
#2252 = VECTOR ( 'NONE', #8996, 1000.000000000000000 ) ;
#2253 = MECHANICAL_DESIGN_GEOMETRIC_PRESENTATION_REPRESENTATION (  '', ( #1052 ), #8113 ) ;
#2254 =( NAMED_UNIT ( * ) PLANE_ANGLE_UNIT ( ) SI_UNIT ( $, .RADIAN. ) );
#2255 =( NAMED_UNIT ( * ) PLANE_ANGLE_UNIT ( ) SI_UNIT ( $, .RADIAN. ) );
#2256 = FILL_AREA_STYLE ('',( #90 ) ) ;
#2257 = CARTESIAN_POINT ( 'NONE',  ( -6.008521061221452797, -2.203302719417257638, 5.461381300126912031 ) ) ;
#2258 =( NAMED_UNIT ( * ) SI_UNIT ( $, .STERADIAN. ) SOLID_ANGLE_UNIT ( ) );
#2259 = VERTEX_POINT ( 'NONE', #1230 ) ;
#2260 = PRESENTATION_STYLE_ASSIGNMENT (( #2295 ) ) ;
#2261 = SURFACE_STYLE_USAGE ( .BOTH. , #2923 ) ;
#2262 =( LENGTH_UNIT ( ) NAMED_UNIT ( * ) SI_UNIT ( .MILLI., .METRE. ) );
#2263 = LINE ( 'NONE', #5119, #959 ) ;
#2264 = ORIENTED_EDGE ( 'NONE', *, *, #2172, .F. ) ;
#2265 = FACE_OUTER_BOUND ( 'NONE', #6807, .T. ) ;
#2266 = CARTESIAN_POINT ( 'NONE',  ( -5.800000000029100100, -2.799999999999999822, 5.163708333923990423 ) ) ;
#2267 = COLOUR_RGB ( '',0.7450980392156862919, 0.7372549019607843590, 0.7294117647058823151 ) ;
#2268 = CIRCLE ( 'NONE', #2414, 0.1000000000000002554 ) ;
#2269 = CARTESIAN_POINT ( 'NONE',  ( -5.900000000029099745, -2.199999999979629806, 5.400000000000000355 ) ) ;
#2270 = CARTESIAN_POINT ( 'NONE',  ( -5.993309800923566577, -2.248839264927095183, 5.404368729000466054 ) ) ;
#2271 = LINE ( 'NONE', #4427, #6323 ) ;
#2272 = CARTESIAN_POINT ( 'NONE',  ( -1.455502385283580023E-12, -2.099999999979630161, 3.008881595726450087 ) ) ;
#2273 = VERTEX_POINT ( 'NONE', #8358 ) ;
#2274 =( NAMED_UNIT ( * ) SI_UNIT ( $, .STERADIAN. ) SOLID_ANGLE_UNIT ( ) );
#2275 = EDGE_LOOP ( 'NONE', ( #3732, #3287, #7523, #6663 ) ) ;
#2276 = ORIENTED_EDGE ( 'NONE', *, *, #7088, .T. ) ;
#2277 = ADVANCED_FACE ( 'NONE', ( #4789 ), #575, .T. ) ;
#2278 = ORIENTED_EDGE ( 'NONE', *, *, #3792, .T. ) ;
#2279 = ADVANCED_FACE ( 'NONE', ( #6917 ), #3449, .F. ) ;
#2280 = EDGE_CURVE ( 'NONE', #6518, #7133, #4038, .T. ) ;
#2281 = DIRECTION ( 'NONE',  ( 0.000000000000000000, 0.000000000000000000, 1.000000000000000000 ) ) ;
#2282 = DIRECTION ( 'NONE',  ( 0.5734623443633279916, 0.8192319205190405906, 0.000000000000000000 ) ) ;
#2283 = ORIENTED_EDGE ( 'NONE', *, *, #7227, .F. ) ;
#2284 = ORIENTED_EDGE ( 'NONE', *, *, #8184, .F. ) ;
#2285 = UNCERTAINTY_MEASURE_WITH_UNIT (LENGTH_MEASURE( 1.000000000000000082E-05 ), #3376, 'distance_accuracy_value', 'NONE');
#2286 = MECHANICAL_DESIGN_GEOMETRIC_PRESENTATION_REPRESENTATION (  '', ( #7394 ), #2755 ) ;
#2287 = FILL_AREA_STYLE_COLOUR ( '', #8326 ) ;
#2288 = FILL_AREA_STYLE ('',( #6633 ) ) ;
#2289 = PRODUCT ( 'EG1206A', 'EG1206A', '', ( #8898 ) ) ;
#2290 = EDGE_CURVE ( 'NONE', #2945, #1173, #159, .T. ) ;
#2291 = ADVANCED_FACE ( 'NONE', ( #6893 ), #8988, .T. ) ;
#2292 = ORIENTED_EDGE ( 'NONE', *, *, #2930, .T. ) ;
#2293 = ORIENTED_EDGE ( 'NONE', *, *, #2687, .F. ) ;
#2294 = AXIS2_PLACEMENT_3D ( 'NONE', #8754, #8156, #8068 ) ;
#2295 = SURFACE_STYLE_USAGE ( .BOTH. , #8740 ) ;
#2296 = VECTOR ( 'NONE', #8374, 1000.000000000000000 ) ;
#2297 = DIRECTION ( 'NONE',  ( 0.000000000000000000, 0.000000000000000000, 1.000000000000000000 ) ) ;
#2298 = FILL_AREA_STYLE ('',( #1465 ) ) ;
#2299 = APPLICATION_CONTEXT ( 'automotive_design' ) ;
#2300 = VERTEX_POINT ( 'NONE', #360 ) ;
#2301 = FILL_AREA_STYLE ('',( #7337 ) ) ;
#2302 = SURFACE_SIDE_STYLE ('',( #7243 ) ) ;
#2303 = LINE ( 'NONE', #7338, #1549 ) ;
#2304 = DIRECTION ( 'NONE',  ( -1.000000000000000000, 0.000000000000000000, 0.000000000000000000 ) ) ;
#2305 = COLOUR_RGB ( '',0.2862745098039215508, 0.2862745098039215508, 0.2862745098039215508 ) ;
#2306 = CIRCLE ( 'NONE', #3526, 0.1000000000000002554 ) ;
#2307 = DIRECTION ( 'NONE',  ( -7.930164461608259947E-17, 0.000000000000000000, -1.000000000000000000 ) ) ;
#2308 = CARTESIAN_POINT ( 'NONE',  ( 5.800000000029109870, -2.200000000000000178, 6.000000000000000000 ) ) ;
#2309 = DIRECTION ( 'NONE',  ( 1.000000000000000000, 0.000000000000000000, 0.000000000000000000 ) ) ;
#2310 = SURFACE_STYLE_USAGE ( .BOTH. , #8750 ) ;
#2311 = DIRECTION ( 'NONE',  ( -0.5773502691896242878, 0.5773502691896242878, -0.5773502691896287287 ) ) ;
#2312 = MECHANICAL_DESIGN_GEOMETRIC_PRESENTATION_REPRESENTATION (  '', ( #5160 ), #3379 ) ;
#2313 = EDGE_CURVE ( 'NONE', #3022, #4064, #3320, .T. ) ;
#2314 = ORIENTED_EDGE ( 'NONE', *, *, #912, .F. ) ;
#2315 = PRESENTATION_LAYER_ASSIGNMENT (  '', '', ( #9232 ) ) ;
#2316 = ORIENTED_EDGE ( 'NONE', *, *, #7964, .F. ) ;
#2317 = DIRECTION ( 'NONE',  ( 0.000000000000000000, 0.000000000000000000, -1.000000000000000000 ) ) ;
#2318 = DIRECTION ( 'NONE',  ( -0.5734623443633278805, 0.8192319205190407017, 0.000000000000000000 ) ) ;
#2319 = VERTEX_POINT ( 'NONE', #5465 ) ;
#2320 = MECHANICAL_DESIGN_GEOMETRIC_PRESENTATION_REPRESENTATION (  '', ( #8907 ), #1849 ) ;
#2321 = DIRECTION ( 'NONE',  ( -0.7071067811865475727, 0.000000000000000000, -0.7071067811865475727 ) ) ;
#2322 = LINE ( 'NONE', #3831, #7670 ) ;
#2323 = EDGE_CURVE ( 'NONE', #1457, #690, #4092, .T. ) ;
#2324 = CARTESIAN_POINT ( 'NONE',  ( 5.957735026948062895, -2.257735026898594732, 1.042264973081038049 ) ) ;
#2325 = FACE_OUTER_BOUND ( 'NONE', #960, .T. ) ;
#2326 = PRESENTATION_LAYER_ASSIGNMENT (  '', '', ( #545 ) ) ;
#2327 = SURFACE_SIDE_STYLE ('',( #5856 ) ) ;
#2328 = SURFACE_STYLE_FILL_AREA ( #5101 ) ;
#2329 = ORIENTED_EDGE ( 'NONE', *, *, #8780, .T. ) ;
#2330 = EDGE_LOOP ( 'NONE', ( #6825, #3882, #4540, #2906, #5935 ) ) ;
#2331 = CARTESIAN_POINT ( 'NONE',  ( 5.900000000029098857, -2.199999999979629806, 5.400000000000001243 ) ) ;
#2332 = EDGE_CURVE ( 'NONE', #7844, #7336, #8939, .T. ) ;
#2333 = CIRCLE ( 'NONE', #1875, 0.9221700196400074434 ) ;
#2334 = CARTESIAN_POINT ( 'NONE',  ( -6.012167334429397769, 2.206948992625207495, 5.454088753711015869 ) ) ;
#2335 = CARTESIAN_POINT ( 'NONE',  ( -3.250000000000000444, 1.000000000000000000, 0.000000000000000000 ) ) ;
#2336 = LINE ( 'NONE', #91, #7827 ) ;
#2337 = COLOUR_RGB ( '',0.7450980392156862919, 0.7372549019607843590, 0.7294117647058823151 ) ;
#2338 = CARTESIAN_POINT ( 'NONE',  ( -5.800000000029104541, -2.799999999999999822, 5.400000000000000355 ) ) ;
#2339 = ORIENTED_EDGE ( 'NONE', *, *, #8004, .T. ) ;
#2340 = AXIS2_PLACEMENT_3D ( 'NONE', #3484, #5482, #4922 ) ;
#2341 = PRESENTATION_STYLE_ASSIGNMENT (( #379 ) ) ;
#2342 = FILL_AREA_STYLE ('',( #3671 ) ) ;
#2343 = DIRECTION ( 'NONE',  ( 0.8192319205190408127, 0.5734623443633279916, -3.875838667619849496E-16 ) ) ;
#2344 = EDGE_LOOP ( 'NONE', ( #7457, #7913, #319, #4926 ) ) ;
#2345 = SURFACE_SIDE_STYLE ('',( #7287 ) ) ;
#2346 = CARTESIAN_POINT ( 'NONE',  ( -2.750000000000000000, -0.2000000000000000111, 0.000000000000000000 ) ) ;
#2347 = DIRECTION ( 'NONE',  ( 0.000000000000000000, -1.000000000000000000, 0.000000000000000000 ) ) ;
#2348 = CARTESIAN_POINT ( 'NONE',  ( 6.000000000029100278, -2.299999999979629894, 3.440418332022770365 ) ) ;
#2349 = VECTOR ( 'NONE', #5867, 1000.000000000000114 ) ;
#2350 = PRESENTATION_LAYER_ASSIGNMENT (  '', '', ( #1603 ) ) ;
#2351 =( NAMED_UNIT ( * ) SI_UNIT ( $, .STERADIAN. ) SOLID_ANGLE_UNIT ( ) );
#2352 = CARTESIAN_POINT ( 'NONE',  ( 6.000000000029101166, 0.000000000000000000, 2.249999999999999556 ) ) ;
#2353 =( NAMED_UNIT ( * ) SI_UNIT ( $, .STERADIAN. ) SOLID_ANGLE_UNIT ( ) );
#2354 = VECTOR ( 'NONE', #6756, 1000.000000000000000 ) ;
#2355 = ORIENTED_EDGE ( 'NONE', *, *, #6818, .T. ) ;
#2356 = ORIENTED_EDGE ( 'NONE', *, *, #6029, .T. ) ;
#2357 = PRESENTATION_STYLE_ASSIGNMENT (( #3072 ) ) ;
#2358 = PLANE ( 'NONE',  #7707 ) ;
#2359 = ORIENTED_EDGE ( 'NONE', *, *, #5514, .F. ) ;
#2360 = AXIS2_PLACEMENT_3D ( 'NONE', #6886, #4136, #548 ) ;
#2361 = CARTESIAN_POINT ( 'NONE',  ( 3.250000000000000444, 2.799999999999999822, 0.000000000000000000 ) ) ;
#2362 = FACE_OUTER_BOUND ( 'NONE', #5752, .T. ) ;
#2363 = STYLED_ITEM ( 'NONE', ( #8911 ), #4749 ) ;
#2364 = CARTESIAN_POINT ( 'NONE',  ( 5.900000000029099745, 2.299999999979629894, 5.400000000000000355 ) ) ;
#2365 = CARTESIAN_POINT ( 'NONE',  ( 4.049999999999999822, -2.299999999979629894, 0.000000000000000000 ) ) ;
#2366 = CIRCLE ( 'NONE', #3125, 0.1000000000000002554 ) ;
#2367 = CARTESIAN_POINT ( 'NONE',  ( 5.875094501888884935, -2.233062582872591850, 1.008969336073859191 ) ) ;
#2368 =( LENGTH_UNIT ( ) NAMED_UNIT ( * ) SI_UNIT ( .MILLI., .METRE. ) );
#2369 =( GEOMETRIC_REPRESENTATION_CONTEXT ( 3 ) GLOBAL_UNCERTAINTY_ASSIGNED_CONTEXT ( ( #326 ) ) GLOBAL_UNIT_ASSIGNED_CONTEXT ( ( #6668, #277, #6127 ) ) REPRESENTATION_CONTEXT ( 'NONE', 'WORKASPACE' ) );
#2370 = EDGE_LOOP ( 'NONE', ( #1624, #1125, #5984, #6000, #6327, #428, #2628, #7796 ) ) ;
#2371 = ORIENTED_EDGE ( 'NONE', *, *, #4701, .F. ) ;
#2372 =( GEOMETRIC_REPRESENTATION_CONTEXT ( 3 ) GLOBAL_UNCERTAINTY_ASSIGNED_CONTEXT ( ( #6381 ) ) GLOBAL_UNIT_ASSIGNED_CONTEXT ( ( #5466, #1207, #4375 ) ) REPRESENTATION_CONTEXT ( 'NONE', 'WORKASPACE' ) );
#2373 = CARTESIAN_POINT ( 'NONE',  ( 5.941959649123551124, -2.351539568527127422, 5.353018577200454153 ) ) ;
#2374 = ADVANCED_FACE ( 'NONE', ( #1796 ), #4675, .T. ) ;
#2375 = UNCERTAINTY_MEASURE_WITH_UNIT (LENGTH_MEASURE( 1.000000000000000082E-05 ), #402, 'distance_accuracy_value', 'NONE');
#2376 = STYLED_ITEM ( 'NONE', ( #1699 ), #4410 ) ;
#2377 = PLANE ( 'NONE',  #7308 ) ;
#2378 =( NAMED_UNIT ( * ) SI_UNIT ( $, .STERADIAN. ) SOLID_ANGLE_UNIT ( ) );
#2379 = DIRECTION ( 'NONE',  ( 0.000000000000000000, 0.000000000000000000, 1.000000000000000000 ) ) ;
#2380 = STYLED_ITEM ( 'NONE', ( #6994 ), #2874 ) ;
#2381 = FILL_AREA_STYLE ('',( #5289 ) ) ;
#2382 = VECTOR ( 'NONE', #8093, 1000.000000000000000 ) ;
#2383 = SURFACE_STYLE_USAGE ( .BOTH. , #6193 ) ;
#2384 = PRESENTATION_STYLE_ASSIGNMENT (( #844 ) ) ;
#2385 = EDGE_CURVE ( 'NONE', #5122, #5436, #5875, .T. ) ;
#2386 = AXIS2_PLACEMENT_3D ( 'NONE', #6153, #4656, #1082 ) ;
#2387 = ORIENTED_EDGE ( 'NONE', *, *, #4534, .F. ) ;
#2388 =( NAMED_UNIT ( * ) PLANE_ANGLE_UNIT ( ) SI_UNIT ( $, .RADIAN. ) );
#2389 = MECHANICAL_DESIGN_GEOMETRIC_PRESENTATION_REPRESENTATION (  '', ( #9153 ), #6140 ) ;
#2390 = PRESENTATION_LAYER_ASSIGNMENT (  '', '', ( #8551 ) ) ;
#2392 = UNCERTAINTY_MEASURE_WITH_UNIT (LENGTH_MEASURE( 1.000000000000000082E-05 ), #3142, 'distance_accuracy_value', 'NONE');
#2391 = VECTOR ( 'NONE', #4829, 1000.000000000000000 ) ;
#2393 = FILL_AREA_STYLE_COLOUR ( '', #3380 ) ;
#2394 =( LENGTH_UNIT ( ) NAMED_UNIT ( * ) SI_UNIT ( .MILLI., .METRE. ) );
#2395 = LINE ( 'NONE', #8648, #9203 ) ;
#2396 = EDGE_LOOP ( 'NONE', ( #8494, #6782, #5939, #1596, #5056, #4811, #104, #5859, #8945, #8806, #4268, #2180 ) ) ;
#2397 = VECTOR ( 'NONE', #5508, 1000.000000000000000 ) ;
#2398 = DIRECTION ( 'NONE',  ( 0.000000000000000000, 0.000000000000000000, 1.000000000000000000 ) ) ;
#2399 = DIRECTION ( 'NONE',  ( -0.000000000000000000, -1.000000000000000000, -0.000000000000000000 ) ) ;
#2400 = ADVANCED_FACE ( 'NONE', ( #5266 ), #5603, .T. ) ;
#2401 = FACE_OUTER_BOUND ( 'NONE', #2062, .T. ) ;
#2402 = VECTOR ( 'NONE', #2106, 1000.000000000000000 ) ;
#2403 = SURFACE_STYLE_FILL_AREA ( #8837 ) ;
#2404 = CARTESIAN_POINT ( 'NONE',  ( 3.250000000000000888, 2.799999999999999822, 2.250000000000000444 ) ) ;
#2405 = CARTESIAN_POINT ( 'NONE',  ( 5.800000000029100100, -2.299999999979629894, 5.500000000000000000 ) ) ;
#2406 = FACE_OUTER_BOUND ( 'NONE', #2370, .T. ) ;
#2407 = FILL_AREA_STYLE ('',( #1739 ) ) ;
#2408 = FILL_AREA_STYLE ('',( #7575 ) ) ;
#2409 = VERTEX_POINT ( 'NONE', #5220 ) ;
#2410 = EDGE_CURVE ( 'NONE', #6890, #168, #6685, .T. ) ;
#2411 = VECTOR ( 'NONE', #1250, 1000.000000000000000 ) ;
#2412 = EDGE_LOOP ( 'NONE', ( #7215, #8376, #2047, #3485 ) ) ;
#2413 =( LENGTH_UNIT ( ) NAMED_UNIT ( * ) SI_UNIT ( .MILLI., .METRE. ) );
#2414 = AXIS2_PLACEMENT_3D ( 'NONE', #2691, #6967, #4842 ) ;
#2415 =( BOUNDED_SURFACE ( )  B_SPLINE_SURFACE ( 3, 3, ( 
 ( #403, #4616, #6887, #3955 ),
 ( #9028, #3256, #1790, #3913 ),
 ( #8886, #8331, #6119, #8981 ),
 ( #3206, #2453, #8929, #8284 ) ),
 .UNSPECIFIED., .F., .F., .F. ) 
 B_SPLINE_SURFACE_WITH_KNOTS ( ( 4, 4 ),
 ( 4, 4 ),
 ( 0.000000000000000000, 1.000000000000000000 ),
 ( 0.000000000000000000, 1.000000000000000000 ),
 .UNSPECIFIED. ) 
 GEOMETRIC_REPRESENTATION_ITEM ( )  RATIONAL_B_SPLINE_SURFACE ( (
 ( 1.000000000000000000, 0.3333333333333348691, 0.3333333333333348691, 1.000000000000000000),
 ( 0.9245018060306373631, 0.3081672686768805458, 0.3081672686768805458, 0.9245018060306373631),
 ( 0.9245018060306373631, 0.3081672686768805458, 0.3081672686768805458, 0.9245018060306373631),
 ( 1.000000000000000000, 0.3333333333333348691, 0.3333333333333348691, 1.000000000000000000) ) ) 
 REPRESENTATION_ITEM ( '' )  SURFACE ( )  );
#2416 = CARTESIAN_POINT ( 'NONE',  ( -6.000000000029100278, -2.799999999999999822, 3.442489127153391060 ) ) ;
#2417 = CARTESIAN_POINT ( 'NONE',  ( 6.500000000000000888, 1.000000000000000000, -3.000000000000000000 ) ) ;
#2418 = VERTEX_POINT ( 'NONE', #3246 ) ;
#2419 = FILL_AREA_STYLE_COLOUR ( '', #4070 ) ;
#2420 = SHAPE_DEFINITION_REPRESENTATION ( #123, #7585 ) ;
#2421 = VERTEX_POINT ( 'NONE', #4080 ) ;
#2422 = ORIENTED_EDGE ( 'NONE', *, *, #1744, .F. ) ;
#2423 = MECHANICAL_DESIGN_GEOMETRIC_PRESENTATION_REPRESENTATION (  '', ( #6177 ), #6329 ) ;
#2424 = CARTESIAN_POINT ( 'NONE',  ( 5.904368729029563667, -2.248839264927094739, 5.493309800894468076 ) ) ;
#2425 = DIRECTION ( 'NONE',  ( 0.000000000000000000, 1.000000000000000000, 0.000000000000000000 ) ) ;
#2426 = SURFACE_STYLE_FILL_AREA ( #2381 ) ;
#2427 = SURFACE_STYLE_USAGE ( .BOTH. , #4644 ) ;
#2428 = CARTESIAN_POINT ( 'NONE',  ( -5.954088753740119699, -2.312167334379927386, 1.093051007354427506 ) ) ;
#2429 = EDGE_CURVE ( 'NONE', #690, #2300, #8874, .T. ) ;
#2430 =( LENGTH_UNIT ( ) NAMED_UNIT ( * ) SI_UNIT ( .MILLI., .METRE. ) );
#2431 = EDGE_LOOP ( 'NONE', ( #6282, #1467, #9058, #8038 ) ) ;
#2432 = MECHANICAL_DESIGN_GEOMETRIC_PRESENTATION_REPRESENTATION (  '', ( #6348 ), #4385 ) ;
#2433 = PRESENTATION_LAYER_ASSIGNMENT (  '', '', ( #1249 ) ) ;
#2434 =( LENGTH_UNIT ( ) NAMED_UNIT ( * ) SI_UNIT ( .MILLI., .METRE. ) );
#2435 =( NAMED_UNIT ( * ) PLANE_ANGLE_UNIT ( ) SI_UNIT ( $, .RADIAN. ) );
#2436 = CARTESIAN_POINT ( 'NONE',  ( 5.900000000029099745, -2.199999999979629806, 2.250000000000000444 ) ) ;
#2437 =( NAMED_UNIT ( * ) SI_UNIT ( $, .STERADIAN. ) SOLID_ANGLE_UNIT ( ) );
#2438 = VERTEX_POINT ( 'NONE', #8229 ) ;
#2439 = PLANE ( 'NONE',  #2816 ) ;
#2440 = EDGE_CURVE ( 'NONE', #8765, #6506, #6970, .T. ) ;
#2441 = DIRECTION ( 'NONE',  ( 1.000000000000000000, 0.000000000000000000, -0.000000000000000000 ) ) ;
#2442 = CIRCLE ( 'NONE', #2294, 0.1000000000000002554 ) ;
#2443 = CARTESIAN_POINT ( 'NONE',  ( -0.5000000000000009992, -8.800000000000000711, 4.750000000000000000 ) ) ;
#2444 = PRESENTATION_LAYER_ASSIGNMENT (  '', '', ( #4088 ) ) ;
#2445 = DIRECTION ( 'NONE',  ( 0.000000000000000000, -0.000000000000000000, 1.000000000000000000 ) ) ;
#2446 =( GEOMETRIC_REPRESENTATION_CONTEXT ( 3 ) GLOBAL_UNCERTAINTY_ASSIGNED_CONTEXT ( ( #1074 ) ) GLOBAL_UNIT_ASSIGNED_CONTEXT ( ( #7246, #7823, #4421 ) ) REPRESENTATION_CONTEXT ( 'NONE', 'WORKASPACE' ) );
#2447 = EDGE_CURVE ( 'NONE', #133, #2993, #6110, .T. ) ;
#2448 = DIRECTION ( 'NONE',  ( 1.000000000000000000, 0.000000000000000000, 0.000000000000000000 ) ) ;
#2449 = SURFACE_SIDE_STYLE ('',( #1737 ) ) ;
#2450 = PRESENTATION_STYLE_ASSIGNMENT (( #8883 ) ) ;
#2451 = VERTEX_POINT ( 'NONE', #6788 ) ;
#2452 = DIRECTION ( 'NONE',  ( 0.000000000000000000, 0.000000000000000000, 1.000000000000000000 ) ) ;
#2453 = CARTESIAN_POINT ( 'NONE',  ( -5.924094889577419032, 2.366934131628235960, 1.191841272518036066 ) ) ;
#2454 = DIRECTION ( 'NONE',  ( -0.000000000000000000, 1.000000000000000000, 0.000000000000000000 ) ) ;
#2455 = ORIENTED_EDGE ( 'NONE', *, *, #3551, .T. ) ;
#2456 = CARTESIAN_POINT ( 'NONE',  ( 3.250000000000000444, 0.2000000000000000389, -2.800000000000000266 ) ) ;
#2457 = LINE ( 'NONE', #7497, #1185 ) ;
#2458 = CARTESIAN_POINT ( 'NONE',  ( -6.500000000000001776, -2.799999999999999822, 3.250000000000000888 ) ) ;
#2459 = PRESENTATION_LAYER_ASSIGNMENT (  '', '', ( #1270 ) ) ;
#2460 = EDGE_CURVE ( 'NONE', #571, #1173, #897, .T. ) ;
#2461 = COLOUR_RGB ( '',0.7450980392156862919, 0.7372549019607843590, 0.7294117647058823151 ) ;
#2462 = SURFACE_SIDE_STYLE ('',( #3081 ) ) ;
#2463 = ORIENTED_EDGE ( 'NONE', *, *, #5135, .T. ) ;
#2464 = CARTESIAN_POINT ( 'NONE',  ( 0.000000000000000000, 0.000000000000000000, 1.000000000000000000 ) ) ;
#2465 = APPLICATION_PROTOCOL_DEFINITION ( 'draft international standard', 'automotive_design', 1998, #4403 ) ;
#2466 = VECTOR ( 'NONE', #4523, 1000.000000000000000 ) ;
#2467 = ORIENTED_EDGE ( 'NONE', *, *, #3653, .F. ) ;
#2468 = CIRCLE ( 'NONE', #6378, 0.9221700196400069993 ) ;
#2469 = EDGE_LOOP ( 'NONE', ( #8683, #7255, #4577, #4122 ) ) ;
#2470 = FILL_AREA_STYLE ('',( #5285 ) ) ;
#2471 = CARTESIAN_POINT ( 'NONE',  ( -3.250000000000000444, -2.200000000000000178, 1.100000000000000089 ) ) ;
#2472 = UNCERTAINTY_MEASURE_WITH_UNIT (LENGTH_MEASURE( 1.000000000000000082E-05 ), #4631, 'distance_accuracy_value', 'NONE');
#2473 =( LENGTH_UNIT ( ) NAMED_UNIT ( * ) SI_UNIT ( .MILLI., .METRE. ) );
#2474 = CIRCLE ( 'NONE', #1433, 0.5999999999999998668 ) ;
#2475 = VECTOR ( 'NONE', #4035, 1000.000000000000000 ) ;
#2476 = LINE ( 'NONE', #8137, #4191 ) ;
#2477 = DIRECTION ( 'NONE',  ( -0.000000000000000000, -0.000000000000000000, 1.000000000000000000 ) ) ;
#2478 = CARTESIAN_POINT ( 'NONE',  ( -5.934165146415343095, -2.257735026898592068, 1.018695092548316250 ) ) ;
#2479 = CARTESIAN_POINT ( 'NONE',  ( 3.000000000000000000, 0.000000000000000000, 2.000000000000000000 ) ) ;
#2480 = ORIENTED_EDGE ( 'NONE', *, *, #4003, .T. ) ;
#2481 = CIRCLE ( 'NONE', #6850, 0.1000000000000000472 ) ;
#2482 = APPLICATION_CONTEXT ( 'automotive_design' ) ;
#2483 = MECHANICAL_DESIGN_GEOMETRIC_PRESENTATION_REPRESENTATION (  '', ( #3978 ), #4586 ) ;
#2484 =( NAMED_UNIT ( * ) PLANE_ANGLE_UNIT ( ) SI_UNIT ( $, .RADIAN. ) );
#2485 = DIRECTION ( 'NONE',  ( 0.000000000000000000, 0.000000000000000000, -1.000000000000000000 ) ) ;
#2486 = PRESENTATION_STYLE_ASSIGNMENT (( #8176 ) ) ;
#2487 = CARTESIAN_POINT ( 'NONE',  ( 4.049999999999999822, 2.200000000000000178, 1.100000000000000089 ) ) ;
#2488 = CARTESIAN_POINT ( 'NONE',  ( -6.000000000029100278, -2.299999999979629894, -3.000000000000000000 ) ) ;
#2489 = STYLED_ITEM ( 'NONE', ( #5019 ), #7596 ) ;
#2490 = ORIENTED_EDGE ( 'NONE', *, *, #3433, .T. ) ;
#2491 = PLANE ( 'NONE',  #1749 ) ;
#2492 = LINE ( 'NONE', #7433, #4725 ) ;
#2493 = ADVANCED_FACE ( 'NONE', ( #3197 ), #7573, .T. ) ;
#2494 = STYLED_ITEM ( 'NONE', ( #1952 ), #8892 ) ;
#2495 = CARTESIAN_POINT ( 'NONE',  ( -6.500000000000000888, -2.199999999999999734, 5.400000000000000355 ) ) ;
#2496 = CARTESIAN_POINT ( 'NONE',  ( -3.250000000000000444, -0.2000000000000000111, -2.799999999999999822 ) ) ;
#2497 = CARTESIAN_POINT ( 'NONE',  ( 5.853018577229549990, -2.351539568527126978, 1.058040350905545601 ) ) ;
#2498 = FACE_OUTER_BOUND ( 'NONE', #1960, .T. ) ;
#2499 = DIRECTION ( 'NONE',  ( 1.000000000000000000, 0.000000000000000000, 0.000000000000000000 ) ) ;
#2500 = EDGE_LOOP ( 'NONE', ( #2720, #8731, #5480, #7161, #7647, #4127 ) ) ;
#2501 = UNCERTAINTY_MEASURE_WITH_UNIT (LENGTH_MEASURE( 1.000000000000000082E-05 ), #3024, 'distance_accuracy_value', 'NONE');
#2502 = FACE_OUTER_BOUND ( 'NONE', #1342, .T. ) ;
#2503 = MECHANICAL_DESIGN_GEOMETRIC_PRESENTATION_REPRESENTATION (  '', ( #6869 ), #7615 ) ;
#2504 = EDGE_CURVE ( 'NONE', #6254, #1359, #618, .T. ) ;
#2505 = VERTEX_POINT ( 'NONE', #4606 ) ;
#2506 = EDGE_CURVE ( 'NONE', #4000, #598, #1785, .T. ) ;
#2507 = SURFACE_STYLE_USAGE ( .BOTH. , #6892 ) ;
#2508 = SURFACE_STYLE_USAGE ( .BOTH. , #8336 ) ;
#2509 = DIRECTION ( 'NONE',  ( -0.000000000000000000, -1.000000000000000000, -0.000000000000000000 ) ) ;
#2510 = VECTOR ( 'NONE', #19, 1000.000000000000000 ) ;
#2511 = EDGE_LOOP ( 'NONE', ( #322, #7864, #7354, #6085 ) ) ;
#2512 = DIRECTION ( 'NONE',  ( 1.000000000000000000, 0.000000000000000000, 0.000000000000000000 ) ) ;
#2513 = APPLICATION_PROTOCOL_DEFINITION ( 'draft international standard', 'automotive_design', 1998, #5352 ) ;
#2514 = EDGE_CURVE ( 'NONE', #7135, #5425, #7484, .T. ) ;
#2515 = AXIS2_PLACEMENT_3D ( 'NONE', #3776, #208, #866 ) ;
#2516 = EDGE_LOOP ( 'NONE', ( #2959, #7449, #4820, #1531 ) ) ;
#2517 = VERTEX_POINT ( 'NONE', #4666 ) ;
#2518 = CIRCLE ( 'NONE', #9288, 0.1000000000000000472 ) ;
#2519 = UNCERTAINTY_MEASURE_WITH_UNIT (LENGTH_MEASURE( 1.000000000000000082E-05 ), #97, 'distance_accuracy_value', 'NONE');
#2520 =( NAMED_UNIT ( * ) SI_UNIT ( $, .STERADIAN. ) SOLID_ANGLE_UNIT ( ) );
#2521 = MECHANICAL_DESIGN_GEOMETRIC_PRESENTATION_REPRESENTATION (  '', ( #5219 ), #8822 ) ;
#2522 = CARTESIAN_POINT ( 'NONE',  ( -6.000000000029100278, -2.200000000000000178, 5.500000000000000000 ) ) ;
#2523 =( NAMED_UNIT ( * ) PLANE_ANGLE_UNIT ( ) SI_UNIT ( $, .RADIAN. ) );
#2524 = CARTESIAN_POINT ( 'NONE',  ( -5.957735026948066448, -2.257735026898591180, 1.042264973081038271 ) ) ;
#2525 = STYLED_ITEM ( 'NONE', ( #3736 ), #2572 ) ;
#2526 = VECTOR ( 'NONE', #1081, 1000.000000000000000 ) ;
#2527 = ORIENTED_EDGE ( 'NONE', *, *, #3085, .T. ) ;
#2528 =( NAMED_UNIT ( * ) SI_UNIT ( $, .STERADIAN. ) SOLID_ANGLE_UNIT ( ) );
#2529 = ORIENTED_EDGE ( 'NONE', *, *, #2916, .F. ) ;
#2530 = COLOUR_RGB ( '',0.7450980392156862919, 0.7372549019607843590, 0.7294117647058823151 ) ;
#2531 = LINE ( 'NONE', #5394, #1044 ) ;
#2532 = CIRCLE ( 'NONE', #3735, 0.1000000000000000333 ) ;
#2533 = PRESENTATION_LAYER_ASSIGNMENT (  '', '', ( #6599 ) ) ;
#2534 = CARTESIAN_POINT ( 'NONE',  ( 5.934165146415341319, 2.257735026898592068, 5.481304907451684194 ) ) ;
#2535 = FILL_AREA_STYLE ('',( #8065 ) ) ;
#2536 = DIRECTION ( 'NONE',  ( -1.000000000000000000, 0.000000000000000000, -0.000000000000000000 ) ) ;
#2537 = CARTESIAN_POINT ( 'NONE',  ( -6.000000000029100278, 2.199999999979629806, 2.250000000000000444 ) ) ;
#2538 = CARTESIAN_POINT ( 'NONE',  ( -6.000000000029100278, -2.299999999979629894, 0.000000000000000000 ) ) ;
#2539 = COLOUR_RGB ( '',0.2862745098039215508, 0.2862745098039215508, 0.2862745098039215508 ) ;
#2540 = ORIENTED_EDGE ( 'NONE', *, *, #1049, .F. ) ;
#2541 = SURFACE_SIDE_STYLE ('',( #6159 ) ) ;
#2542 = DIRECTION ( 'NONE',  ( -1.000000000000000000, -0.000000000000000000, 0.000000000000000000 ) ) ;
#2543 = EDGE_CURVE ( 'NONE', #4399, #5102, #7530, .T. ) ;
#2544 = PRESENTATION_LAYER_ASSIGNMENT (  '', '', ( #6606 ) ) ;
#2545 = CARTESIAN_POINT ( 'NONE',  ( 6.500000000000000888, -1.000000000000000000, 0.000000000000000000 ) ) ;
#2546 =( NAMED_UNIT ( * ) PLANE_ANGLE_UNIT ( ) SI_UNIT ( $, .RADIAN. ) );
#2547 = FILL_AREA_STYLE_COLOUR ( '', #7979 ) ;
#2548 = CARTESIAN_POINT ( 'NONE',  ( 5.800000000029100988, 2.299999999979629894, 2.250000000000000444 ) ) ;
#2549 = CIRCLE ( 'NONE', #5099, 0.1000000000000002554 ) ;
#2550 = DIRECTION ( 'NONE',  ( 1.000000000000000000, 0.000000000000000000, -1.037591611793570001E-16 ) ) ;
#2551 =( LENGTH_UNIT ( ) NAMED_UNIT ( * ) SI_UNIT ( .MILLI., .METRE. ) );
#2552 = DIRECTION ( 'NONE',  ( 1.000000000000000000, 0.000000000000000000, -1.037591611793570001E-16 ) ) ;
#2553 = ORIENTED_EDGE ( 'NONE', *, *, #8440, .F. ) ;
#2554 = DIRECTION ( 'NONE',  ( -0.5734623443633278805, 0.8192319205190407017, 0.000000000000000000 ) ) ;
#2555 = PRESENTATION_LAYER_ASSIGNMENT (  '', '', ( #622 ) ) ;
#2556 = ADVANCED_FACE ( 'NONE', ( #6832 ), #2590, .T. ) ;
#2557 = EDGE_LOOP ( 'NONE', ( #8328, #7935, #5340, #9229, #2584, #4260 ) ) ;
#2558 = FILL_AREA_STYLE ('',( #5321 ) ) ;
#2559 = FACE_OUTER_BOUND ( 'NONE', #521, .T. ) ;
#2560 =( NAMED_UNIT ( * ) PLANE_ANGLE_UNIT ( ) SI_UNIT ( $, .RADIAN. ) );
#2561 = CARTESIAN_POINT ( 'NONE',  ( -5.577829980359990891, -2.799999999999999822, 4.262348883218679774 ) ) ;
#2562 = EDGE_CURVE ( 'NONE', #2787, #5612, #215, .T. ) ;
#2563 = CARTESIAN_POINT ( 'NONE',  ( -5.900000000029099745, -2.199999999979629806, 2.250000000000000444 ) ) ;
#2564 = DIRECTION ( 'NONE',  ( 0.000000000000000000, 1.000000000000000000, 0.000000000000000000 ) ) ;
#2565 = DIRECTION ( 'NONE',  ( -1.000000000000000000, -0.000000000000000000, -0.000000000000000000 ) ) ;
#2566 = ORIENTED_EDGE ( 'NONE', *, *, #597, .T. ) ;
#2567 = EDGE_CURVE ( 'NONE', #5205, #7266, #7304, .T. ) ;
#2568 = VERTEX_POINT ( 'NONE', #8724 ) ;
#2569 = ORIENTED_EDGE ( 'NONE', *, *, #4534, .T. ) ;
#2570 = PLANE ( 'NONE',  #3902 ) ;
#2571 = UNCERTAINTY_MEASURE_WITH_UNIT (LENGTH_MEASURE( 1.000000000000000082E-05 ), #662, 'distance_accuracy_value', 'NONE');
#2572 = ADVANCED_FACE ( 'NONE', ( #873 ), #4389, .T. ) ;
#2573 = LINE ( 'NONE', #327, #470 ) ;
#2574 = CARTESIAN_POINT ( 'NONE',  ( -5.853018577229549102, -2.351539568527130974, 1.058040350905550486 ) ) ;
#2575 =( NAMED_UNIT ( * ) SI_UNIT ( $, .STERADIAN. ) SOLID_ANGLE_UNIT ( ) );
#2576 = ORIENTED_EDGE ( 'NONE', *, *, #7204, .T. ) ;
#2577 = CARTESIAN_POINT ( 'NONE',  ( 5.800000000029100100, 2.799999999999999822, 3.321173431502630446 ) ) ;
#2578 = EDGE_CURVE ( 'NONE', #534, #6103, #1007, .T. ) ;
#2579 = CARTESIAN_POINT ( 'NONE',  ( 5.942030276266705435, 2.099191034116948629, 5.557966438303960643 ) ) ;
#2580 = EDGE_CURVE ( 'NONE', #5077, #1084, #1571, .T. ) ;
#2581 = DIRECTION ( 'NONE',  ( -1.000000000000000000, 0.000000000000000000, 0.000000000000000000 ) ) ;
#2582 = SURFACE_SIDE_STYLE ('',( #3441 ) ) ;
#2583 = FACE_OUTER_BOUND ( 'NONE', #3547, .T. ) ;
#2584 = ORIENTED_EDGE ( 'NONE', *, *, #682, .F. ) ;
#2585 = PLANE ( 'NONE',  #857 ) ;
#2586 = CARTESIAN_POINT ( 'NONE',  ( -5.075000000000000178, -2.200000000000000178, 0.5000000000000001110 ) ) ;
#2587 = LINE ( 'NONE', #3300, #1073 ) ;
#2588 = FILL_AREA_STYLE_COLOUR ( '', #7273 ) ;
#2589 = MECHANICAL_DESIGN_GEOMETRIC_PRESENTATION_REPRESENTATION (  '', ( #3347 ), #1399 ) ;
#2590 = PLANE ( 'NONE',  #9132 ) ;
#2591 = SURFACE_SIDE_STYLE ('',( #4893 ) ) ;
#2592 = CARTESIAN_POINT ( 'NONE',  ( -2.950000000000000178, -2.799999999999999822, 4.750000000000000000 ) ) ;
#2593 = EDGE_CURVE ( 'NONE', #1451, #5089, #4532, .T. ) ;
#2594 = LINE ( 'NONE', #8325, #1199 ) ;
#2595 = STYLED_ITEM ( 'NONE', ( #3693 ), #6435 ) ;
#2596 = ORIENTED_EDGE ( 'NONE', *, *, #3091, .T. ) ;
#2597 = PRESENTATION_STYLE_ASSIGNMENT (( #1096 ) ) ;
#2598 = UNCERTAINTY_MEASURE_WITH_UNIT (LENGTH_MEASURE( 1.000000000000000082E-05 ), #2799, 'distance_accuracy_value', 'NONE');
#2599 = CARTESIAN_POINT ( 'NONE',  ( -6.000000000029100278, -2.799999999999999822, 3.440418332022770365 ) ) ;
#2600 = CARTESIAN_POINT ( 'NONE',  ( 5.961381300156009644, 2.203302719417256306, 0.9914789388076497012 ) ) ;
#2601 = STYLED_ITEM ( 'NONE', ( #8568 ), #394 ) ;
#2602 = ORIENTED_EDGE ( 'NONE', *, *, #9101, .F. ) ;
#2603 = DIRECTION ( 'NONE',  ( -1.000000000000000000, 0.000000000000000000, 3.258037661043880123E-16 ) ) ;
#2604 = FILL_AREA_STYLE_COLOUR ( '', #2104 ) ;
#2605 = CARTESIAN_POINT ( 'NONE',  ( 5.800000000029100100, 2.200000000000000178, 5.500000000000000888 ) ) ;
#2606 = AXIS2_PLACEMENT_3D ( 'NONE', #717, #1815, #3104 ) ;
#2607 = VECTOR ( 'NONE', #1819, 1000.000000000000000 ) ;
#2608 = CARTESIAN_POINT ( 'NONE',  ( -0.5000000000000017764, -8.800000000000000711, 2.250000000000000444 ) ) ;
#2609 = ORIENTED_EDGE ( 'NONE', *, *, #5894, .T. ) ;
#2610 = DIRECTION ( 'NONE',  ( 0.000000000000000000, 0.000000000000000000, 1.000000000000000000 ) ) ;
#2611 = APPLICATION_PROTOCOL_DEFINITION ( 'draft international standard', 'automotive_design', 1998, #3919 ) ;
#2612 = VERTEX_POINT ( 'NONE', #8849 ) ;
#2613 = ORIENTED_EDGE ( 'NONE', *, *, #5442, .T. ) ;
#2614 = VECTOR ( 'NONE', #7010, 1000.000000000000000 ) ;
#2615 = LINE ( 'NONE', #1901, #8398 ) ;
#2616 = MECHANICAL_DESIGN_GEOMETRIC_PRESENTATION_REPRESENTATION (  '', ( #64 ), #7564 ) ;
#2617 = CARTESIAN_POINT ( 'NONE',  ( -5.957735026948062007, 2.257735026898592068, 1.042264973081037382 ) ) ;
#2618 = UNCERTAINTY_MEASURE_WITH_UNIT (LENGTH_MEASURE( 1.000000000000000082E-05 ), #5295, 'distance_accuracy_value', 'NONE');
#2619 = ADVANCED_FACE ( 'NONE', ( #2362 ), #8757, .F. ) ;
#2620 = EDGE_LOOP ( 'NONE', ( #5616, #6487, #2707, #3428 ) ) ;
#2621 = CARTESIAN_POINT ( 'NONE',  ( -5.961381300156008756, -2.203302719417256306, 0.9914789388076463705 ) ) ;
#2622 = PRESENTATION_STYLE_ASSIGNMENT (( #9054 ) ) ;
#2623 =( NAMED_UNIT ( * ) PLANE_ANGLE_UNIT ( ) SI_UNIT ( $, .RADIAN. ) );
#2624 = AXIS2_PLACEMENT_3D ( 'NONE', #6331, #4963, #7839 ) ;
#2625 =( GEOMETRIC_REPRESENTATION_CONTEXT ( 3 ) GLOBAL_UNCERTAINTY_ASSIGNED_CONTEXT ( ( #6843 ) ) GLOBAL_UNIT_ASSIGNED_CONTEXT ( ( #898, #192, #2212 ) ) REPRESENTATION_CONTEXT ( 'NONE', 'WORKASPACE' ) );
#2626 = ORIENTED_EDGE ( 'NONE', *, *, #7248, .T. ) ;
#2627 = CARTESIAN_POINT ( 'NONE',  ( -3.250000000000000444, 0.000000000000000000, 0.000000000000000000 ) ) ;
#2628 = ORIENTED_EDGE ( 'NONE', *, *, #3213, .F. ) ;
#2629 = EDGE_CURVE ( 'NONE', #8570, #3131, #2457, .T. ) ;
#2630 = FACE_OUTER_BOUND ( 'NONE', #7059, .T. ) ;
#2631 = AXIS2_PLACEMENT_3D ( 'NONE', #7534, #3909, #2499 ) ;
#2632 = PRESENTATION_STYLE_ASSIGNMENT (( #1857 ) ) ;
#2633 =( GEOMETRIC_REPRESENTATION_CONTEXT ( 3 ) GLOBAL_UNCERTAINTY_ASSIGNED_CONTEXT ( ( #6171 ) ) GLOBAL_UNIT_ASSIGNED_CONTEXT ( ( #8658, #7029, #6419 ) ) REPRESENTATION_CONTEXT ( 'NONE', 'WORKASPACE' ) );
#2634 = MECHANICAL_DESIGN_GEOMETRIC_PRESENTATION_REPRESENTATION (  '', ( #7578 ), #7281 ) ;
#2635 = FILL_AREA_STYLE ('',( #6300 ) ) ;
#2636 = ORIENTED_EDGE ( 'NONE', *, *, #8268, .T. ) ;
#2637 = FACE_OUTER_BOUND ( 'NONE', #8513, .T. ) ;
#2638 = CARTESIAN_POINT ( 'NONE',  ( 5.900086743527171329, 2.299999999979629894, 5.126379046879570467 ) ) ;
#2639 = PLANE ( 'NONE',  #2937 ) ;
#2640 = ORIENTED_EDGE ( 'NONE', *, *, #3954, .F. ) ;
#2641 = EDGE_CURVE ( 'NONE', #7669, #1882, #4761, .T. ) ;
#2642 = VECTOR ( 'NONE', #5565, 1000.000000000000000 ) ;
#2643 = DIRECTION ( 'NONE',  ( -0.000000000000000000, 1.000000000000000000, -0.000000000000000000 ) ) ;
#2644 =( GEOMETRIC_REPRESENTATION_CONTEXT ( 3 ) GLOBAL_UNCERTAINTY_ASSIGNED_CONTEXT ( ( #7769 ) ) GLOBAL_UNIT_ASSIGNED_CONTEXT ( ( #8733, #1541, #3750 ) ) REPRESENTATION_CONTEXT ( 'NONE', 'WORKASPACE' ) );
#2645 = FACE_OUTER_BOUND ( 'NONE', #2856, .T. ) ;
#2646 = SURFACE_STYLE_USAGE ( .BOTH. , #9077 ) ;
#2647 = FACE_OUTER_BOUND ( 'NONE', #8723, .T. ) ;
#2648 = ORIENTED_EDGE ( 'NONE', *, *, #8834, .F. ) ;
#2649 = LINE ( 'NONE', #3952, #8214 ) ;
#2650 = SURFACE_STYLE_USAGE ( .BOTH. , #8285 ) ;
#2651 = EDGE_CURVE ( 'NONE', #2957, #5233, #6123, .T. ) ;
#2652 = MECHANICAL_DESIGN_GEOMETRIC_PRESENTATION_REPRESENTATION (  '', ( #9261 ), #5499 ) ;
#2653 = SURFACE_SIDE_STYLE ('',( #7826 ) ) ;
#2654 = DIRECTION ( 'NONE',  ( -1.000000000000000000, 0.000000000000000000, 0.000000000000000000 ) ) ;
#2655 =( NAMED_UNIT ( * ) PLANE_ANGLE_UNIT ( ) SI_UNIT ( $, .RADIAN. ) );
#2656 = LINE ( 'NONE', #2042, #5711 ) ;
#2657 = CARTESIAN_POINT ( 'NONE',  ( -6.000000000029100278, 2.299999999989815080, 3.442489127153390616 ) ) ;
#2658 = LINE ( 'NONE', #1996, #2980 ) ;
#2659 = DIRECTION ( 'NONE',  ( 1.000000000000000000, 0.000000000000000000, 0.000000000000000000 ) ) ;
#2660 = DIRECTION ( 'NONE',  ( 0.000000000000000000, 0.000000000000000000, -1.000000000000000000 ) ) ;
#2661 = EDGE_LOOP ( 'NONE', ( #454, #3117, #1115, #8036 ) ) ;
#2662 = ITEM_DEFINED_TRANSFORMATION ( 'NONE', 'NONE', #591,  #5962 ) ;
#2663 = EDGE_CURVE ( 'NONE', #2421, #1292, #8381, .T. ) ;
#2664 = VERTEX_POINT ( 'NONE', #3318 ) ;
#2665 = ORIENTED_EDGE ( 'NONE', *, *, #7995, .F. ) ;
#2666 =( GEOMETRIC_REPRESENTATION_CONTEXT ( 3 ) GLOBAL_UNCERTAINTY_ASSIGNED_CONTEXT ( ( #2790 ) ) GLOBAL_UNIT_ASSIGNED_CONTEXT ( ( #2849, #3106, #291 ) ) REPRESENTATION_CONTEXT ( 'NONE', 'WORKASPACE' ) );
#2667 = DIRECTION ( 'NONE',  ( -0.000000000000000000, 1.000000000000000000, 0.000000000000000000 ) ) ;
#2668 = ORIENTED_EDGE ( 'NONE', *, *, #3461, .F. ) ;
#2669 = CARTESIAN_POINT ( 'NONE',  ( -5.900086743521481658, -2.299999999989815080, 5.126379046881691437 ) ) ;
#2670 = FACE_OUTER_BOUND ( 'NONE', #2557, .T. ) ;
#2671 = DIRECTION ( 'NONE',  ( 1.000000000000000000, 0.000000000000000000, 0.000000000000000000 ) ) ;
#2672 = AXIS2_PLACEMENT_3D ( 'NONE', #2136, #9277, #721 ) ;
#2673 = SURFACE_SIDE_STYLE ('',( #9107 ) ) ;
#2674 = STYLED_ITEM ( 'NONE', ( #3798 ), #3990 ) ;
#2675 = ORIENTED_EDGE ( 'NONE', *, *, #1540, .T. ) ;
#2676 = ADVANCED_FACE ( 'NONE', ( #465 ), #3169, .T. ) ;
#2677 = CARTESIAN_POINT ( 'NONE',  ( -0.05000000000000002359, 0.2000000000000000111, -3.000000000000000000 ) ) ;
#2678 = DIRECTION ( 'NONE',  ( -1.000000000000000000, 0.000000000000000000, -0.000000000000000000 ) ) ;
#2679 = VECTOR ( 'NONE', #4709, 1000.000000000000000 ) ;
#2680 = CARTESIAN_POINT ( 'NONE',  ( 5.957735026948062895, 2.257735026898591180, 1.042264973081035828 ) ) ;
#2681 = AXIS2_PLACEMENT_3D ( 'NONE', #4564, #5978, #7389 ) ;
#2682 = CYLINDRICAL_SURFACE ( 'NONE', #8404, 0.1000000000000000472 ) ;
#2683 = PRESENTATION_LAYER_ASSIGNMENT (  '', '', ( #8089 ) ) ;
#2684 = CARTESIAN_POINT ( 'NONE',  ( -5.800000000029100100, 2.799999999999999822, 0.000000000000000000 ) ) ;
#2685 = FACE_OUTER_BOUND ( 'NONE', #2126, .T. ) ;
#2686 = DIRECTION ( 'NONE',  ( 1.000000000000000000, 0.000000000000000000, 0.000000000000000000 ) ) ;
#2687 = EDGE_CURVE ( 'NONE', #8199, #8847, #6753, .T. ) ;
#2688 = VERTEX_POINT ( 'NONE', #9090 ) ;
#2689 = CARTESIAN_POINT ( 'NONE',  ( 6.000000000029100278, 2.199999999979629806, 2.250000000000000444 ) ) ;
#2690 = FILL_AREA_STYLE ('',( #6966 ) ) ;
#2691 = CARTESIAN_POINT ( 'NONE',  ( -5.900000000029099745, -2.199999999979629806, 5.400000000000000355 ) ) ;
#2692 =( LENGTH_UNIT ( ) NAMED_UNIT ( * ) SI_UNIT ( .MILLI., .METRE. ) );
#2693 = EDGE_CURVE ( 'NONE', #71, #5132, #1147, .T. ) ;
#2694 = AXIS2_PLACEMENT_3D ( 'NONE', #4609, #7487, #2309 ) ;
#2695 = AXIS2_PLACEMENT_3D ( 'NONE', #4483, #3033, #2317 ) ;
#2696 =( LENGTH_UNIT ( ) NAMED_UNIT ( * ) SI_UNIT ( .MILLI., .METRE. ) );
#2697 = SURFACE_STYLE_FILL_AREA ( #9074 ) ;
#2698 =( NAMED_UNIT ( * ) PLANE_ANGLE_UNIT ( ) SI_UNIT ( $, .RADIAN. ) );
#2699 = FILL_AREA_STYLE_COLOUR ( '', #3800 ) ;
#2700 = CARTESIAN_POINT ( 'NONE',  ( 3.250000000000000444, -2.799999999999999822, 0.5000000000000000000 ) ) ;
#2701 = ADVANCED_FACE ( 'NONE', ( #2559 ), #3434, .T. ) ;
#2702 = ORIENTED_EDGE ( 'NONE', *, *, #3925, .F. ) ;
#2703 = COLOUR_RGB ( '',0.2862745098039215508, 0.2862745098039215508, 0.2862745098039215508 ) ;
#2704 = CARTESIAN_POINT ( 'NONE',  ( 5.957735026948060231, -2.257735026898592956, 5.457735026918965282 ) ) ;
#2705 = VECTOR ( 'NONE', #6339, 1000.000000000000000 ) ;
#2706 = UNCERTAINTY_MEASURE_WITH_UNIT (LENGTH_MEASURE( 1.000000000000000082E-05 ), #3012, 'distance_accuracy_value', 'NONE');
#2707 = ORIENTED_EDGE ( 'NONE', *, *, #4522, .F. ) ;
#2708 = VECTOR ( 'NONE', #5406, 1000.000000000000000 ) ;
#2709 = PLANE ( 'NONE',  #4058 ) ;
#2710 = DIRECTION ( 'NONE',  ( 0.000000000000000000, 0.000000000000000000, -1.000000000000000000 ) ) ;
#2711 = SURFACE_STYLE_FILL_AREA ( #8337 ) ;
#2712 = COLOUR_RGB ( '',0.7450980392156862919, 0.7372549019607843590, 0.7294117647058823151 ) ;
#2713 = ADVANCED_FACE ( 'NONE', ( #5583 ), #9165, .T. ) ;
#2714 = DIRECTION ( 'NONE',  ( 0.000000000000000000, 0.000000000000000000, -1.000000000000000000 ) ) ;
#2715 = SURFACE_SIDE_STYLE ('',( #4771 ) ) ;
#2716 = ORIENTED_EDGE ( 'NONE', *, *, #6484, .T. ) ;
#2717 = LINE ( 'NONE', #7597, #8158 ) ;
#2718 = MECHANICAL_DESIGN_GEOMETRIC_PRESENTATION_REPRESENTATION (  '', ( #9164 ), #4344 ) ;
#2719 = CONTEXT_DEPENDENT_SHAPE_REPRESENTATION ( #2853, #7110 ) ;
#2720 = ORIENTED_EDGE ( 'NONE', *, *, #9298, .T. ) ;
#2721 = ORIENTED_EDGE ( 'NONE', *, *, #2160, .T. ) ;
#2722 = DIRECTION ( 'NONE',  ( 1.000000000000000000, 0.000000000000000000, -0.000000000000000000 ) ) ;
#2723 = UNCERTAINTY_MEASURE_WITH_UNIT (LENGTH_MEASURE( 1.000000000000000082E-05 ), #7341, 'distance_accuracy_value', 'NONE');
#2724 = UNCERTAINTY_MEASURE_WITH_UNIT (LENGTH_MEASURE( 1.000000000000000082E-05 ), #4731, 'distance_accuracy_value', 'NONE');
#2725 = ORIENTED_EDGE ( 'NONE', *, *, #526, .F. ) ;
#2726 = CARTESIAN_POINT ( 'NONE',  ( 0.000000000000000000, -2.299999999979629894, 1.100000000000000089 ) ) ;
#2727 =( NAMED_UNIT ( * ) PLANE_ANGLE_UNIT ( ) SI_UNIT ( $, .RADIAN. ) );
#2728 = ORIENTED_EDGE ( 'NONE', *, *, #7121, .T. ) ;
#2729 = CIRCLE ( 'NONE', #7675, 0.6000000000000000888 ) ;
#2730 = ORIENTED_EDGE ( 'NONE', *, *, #1774, .F. ) ;
#2731 = PRESENTATION_STYLE_ASSIGNMENT (( #9162 ) ) ;
#2732 = CARTESIAN_POINT ( 'NONE',  ( 2.950000000000000178, -2.799999999999999822, 4.750000000000000000 ) ) ;
#2733 = CARTESIAN_POINT ( 'NONE',  ( 5.906948992674671217, 2.312167334379928274, 1.045911246288980134 ) ) ;
#2734 = CARTESIAN_POINT ( 'NONE',  ( 5.900000000029099745, 2.244721359529624483, 1.010557280900007626 ) ) ;
#2735 = EDGE_LOOP ( 'NONE', ( #3310, #1279, #7599, #7303 ) ) ;
#2736 = CARTESIAN_POINT ( 'NONE',  ( 6.000000000029100278, 2.799999999999999378, 0.000000000000000000 ) ) ;
#2737 = FILL_AREA_STYLE_COLOUR ( '', #6547 ) ;
#2738 = STYLED_ITEM ( 'NONE', ( #7157 ), #4052 ) ;
#2739 =( NAMED_UNIT ( * ) SI_UNIT ( $, .STERADIAN. ) SOLID_ANGLE_UNIT ( ) );
#2740 = DIRECTION ( 'NONE',  ( -1.000000000000000000, 0.000000000000000000, -0.000000000000000000 ) ) ;
#2741 = EDGE_CURVE ( 'NONE', #804, #1259, #8499, .T. ) ;
#2742 = EDGE_CURVE ( 'NONE', #7202, #4298, #1487, .T. ) ;
#2743 =( NAMED_UNIT ( * ) PLANE_ANGLE_UNIT ( ) SI_UNIT ( $, .RADIAN. ) );
#2744 = SURFACE_SIDE_STYLE ('',( #4897 ) ) ;
#2745 = PRESENTATION_STYLE_ASSIGNMENT (( #9228 ) ) ;
#2746 = DIRECTION ( 'NONE',  ( 1.000000000000000000, 0.000000000000000000, 0.000000000000000000 ) ) ;
#2747 = ORIENTED_EDGE ( 'NONE', *, *, #2140, .T. ) ;
#2748 = CARTESIAN_POINT ( 'NONE',  ( -5.800000000029100100, 2.299999999979629894, 3.321173431502630446 ) ) ;
#2749 = VECTOR ( 'NONE', #2244, 1000.000000000000000 ) ;
#2750 = SURFACE_SIDE_STYLE ('',( #1989 ) ) ;
#2751 = PRODUCT_DEFINITION_SHAPE ( 'NONE', 'NONE',  #5142 ) ;
#2752 = ORIENTED_EDGE ( 'NONE', *, *, #5778, .F. ) ;
#2753 = EDGE_CURVE ( 'NONE', #2248, #5195, #9111, .T. ) ;
#2754 = SURFACE_SIDE_STYLE ('',( #2142 ) ) ;
#2756 = PRESENTATION_STYLE_ASSIGNMENT (( #4858 ) ) ;
#2755 =( GEOMETRIC_REPRESENTATION_CONTEXT ( 3 ) GLOBAL_UNCERTAINTY_ASSIGNED_CONTEXT ( ( #8686 ) ) GLOBAL_UNIT_ASSIGNED_CONTEXT ( ( #7692, #3366, #7089 ) ) REPRESENTATION_CONTEXT ( 'NONE', 'WORKASPACE' ) );
#2757 =( LENGTH_UNIT ( ) NAMED_UNIT ( * ) SI_UNIT ( .MILLI., .METRE. ) );
#2758 = DIRECTION ( 'NONE',  ( 0.000000000000000000, 0.000000000000000000, -1.000000000000000000 ) ) ;
#2759 = LINE ( 'NONE', #7165, #7952 ) ;
#2760 = LINE ( 'NONE', #4818, #3264 ) ;
#2761 = VERTEX_POINT ( 'NONE', #8410 ) ;
#2762 = ITEM_DEFINED_TRANSFORMATION ( 'NONE', 'NONE', #6118,  #5962 ) ;
#2763 = ORIENTED_EDGE ( 'NONE', *, *, #477, .T. ) ;
#2764 = ORIENTED_EDGE ( 'NONE', *, *, #6785, .F. ) ;
#2765 = DIRECTION ( 'NONE',  ( 0.4082482904638591314, 0.8164965809277262565, 0.4082482904638669030 ) ) ;
#2766 = CARTESIAN_POINT ( 'NONE',  ( 5.993309800923569242, 2.248839264927094295, 5.404368729000466942 ) ) ;
#2767 = VERTEX_POINT ( 'NONE', #7706 ) ;
#2768 =( NAMED_UNIT ( * ) PLANE_ANGLE_UNIT ( ) SI_UNIT ( $, .RADIAN. ) );
#2769 = ORIENTED_EDGE ( 'NONE', *, *, #8268, .F. ) ;
#2770 = SURFACE_SIDE_STYLE ('',( #4877 ) ) ;
#2771 = VERTEX_POINT ( 'NONE', #1913 ) ;
#2772 = PRESENTATION_LAYER_ASSIGNMENT (  '', '', ( #3208 ) ) ;
#2773 = SURFACE_SIDE_STYLE ('',( #7799 ) ) ;
#2774 = DIRECTION ( 'NONE',  ( -0.7071067811865473507, 0.000000000000000000, 0.7071067811865477948 ) ) ;
#2775 = DIRECTION ( 'NONE',  ( 0.000000000000000000, 0.000000000000000000, 1.000000000000000000 ) ) ;
#2776 = DIRECTION ( 'NONE',  ( -0.000000000000000000, 1.000000000000000000, -0.000000000000000000 ) ) ;
#2777 = ORIENTED_EDGE ( 'NONE', *, *, #6682, .T. ) ;
#2778 = CARTESIAN_POINT ( 'NONE',  ( -4.049999999999999822, -1.300690094324699952, 1.000000000000000000 ) ) ;
#2779 = CARTESIAN_POINT ( 'NONE',  ( -5.900000000029099745, -2.199999999979629806, 1.100000000000000089 ) ) ;
#2780 = SURFACE_SIDE_STYLE ('',( #6346 ) ) ;
#2781 =( GEOMETRIC_REPRESENTATION_CONTEXT ( 3 ) GLOBAL_UNCERTAINTY_ASSIGNED_CONTEXT ( ( #407 ) ) GLOBAL_UNIT_ASSIGNED_CONTEXT ( ( #4827, #6950, #5477 ) ) REPRESENTATION_CONTEXT ( 'NONE', 'WORKASPACE' ) );
#2782 = PRESENTATION_LAYER_ASSIGNMENT (  '', '', ( #981 ) ) ;
#2783 = CYLINDRICAL_SURFACE ( 'NONE', #7470, 0.1000000000000002554 ) ;
#2784 = SURFACE_STYLE_FILL_AREA ( #4944 ) ;
#2785 = LINE ( 'NONE', #3541, #361 ) ;
#2786 =( LENGTH_UNIT ( ) NAMED_UNIT ( * ) SI_UNIT ( .MILLI., .METRE. ) );
#2787 = VERTEX_POINT ( 'NONE', #5632 ) ;
#2788 = VECTOR ( 'NONE', #5293, 1000.000000000000000 ) ;
#2789 = DIRECTION ( 'NONE',  ( 0.000000000000000000, -1.000000000000000000, -0.000000000000000000 ) ) ;
#2790 = UNCERTAINTY_MEASURE_WITH_UNIT (LENGTH_MEASURE( 1.000000000000000082E-05 ), #2849, 'distance_accuracy_value', 'NONE');
#2791 = MECHANICAL_DESIGN_GEOMETRIC_PRESENTATION_REPRESENTATION (  '', ( #6848 ), #9251 ) ;
#2792 = VERTEX_POINT ( 'NONE', #6198 ) ;
#2793 = COLOUR_RGB ( '',0.7450980392156862919, 0.7372549019607843590, 0.7294117647058823151 ) ;
#2794 = PRESENTATION_LAYER_ASSIGNMENT (  '', '', ( #1721 ) ) ;
#2795 =( NAMED_UNIT ( * ) SI_UNIT ( $, .STERADIAN. ) SOLID_ANGLE_UNIT ( ) );
#2796 = DIRECTION ( 'NONE',  ( -0.000000000000000000, -0.000000000000000000, 1.000000000000000000 ) ) ;
#2797 = CIRCLE ( 'NONE', #1144, 0.1000000000000002554 ) ;
#2798 = DIRECTION ( 'NONE',  ( 0.000000000000000000, 1.000000000000000000, 0.000000000000000000 ) ) ;
#2799 =( LENGTH_UNIT ( ) NAMED_UNIT ( * ) SI_UNIT ( .MILLI., .METRE. ) );
#2800 = ADVANCED_FACE ( 'NONE', ( #2067 ), #1321, .T. ) ;
#2801 = EDGE_LOOP ( 'NONE', ( #1746, #8581, #8273, #8854 ) ) ;
#2802 = STYLED_ITEM ( 'NONE', ( #8411 ), #7561 ) ;
#2803 = COLOUR_RGB ( '',0.7450980392156862919, 0.7372549019607843590, 0.7294117647058823151 ) ;
#2804 = ORIENTED_EDGE ( 'NONE', *, *, #4603, .T. ) ;
#2805 = ORIENTED_EDGE ( 'NONE', *, *, #6185, .F. ) ;
#2806 =( NAMED_UNIT ( * ) SI_UNIT ( $, .STERADIAN. ) SOLID_ANGLE_UNIT ( ) );
#2807 = UNCERTAINTY_MEASURE_WITH_UNIT (LENGTH_MEASURE( 1.000000000000000082E-05 ), #3262, 'distance_accuracy_value', 'NONE');
#2808 = CARTESIAN_POINT ( 'NONE',  ( -2.750000000000000000, 0.2000000000000000944, -2.799999999999999378 ) ) ;
#2809 = UNCERTAINTY_MEASURE_WITH_UNIT (LENGTH_MEASURE( 1.000000000000000082E-05 ), #4647, 'distance_accuracy_value', 'NONE');
#2810 = FACE_OUTER_BOUND ( 'NONE', #1481, .T. ) ;
#2811 = LINE ( 'NONE', #5668, #2051 ) ;
#2812 = ADVANCED_FACE ( 'NONE', ( #665 ), #7187, .F. ) ;
#2813 = ADVANCED_FACE ( 'NONE', ( #7268 ), #1494, .F. ) ;
#2814 = FACE_OUTER_BOUND ( 'NONE', #5241, .T. ) ;
#2815 = EDGE_LOOP ( 'NONE', ( #4025, #7125, #6977, #5001 ) ) ;
#2816 = AXIS2_PLACEMENT_3D ( 'NONE', #6783, #4077, #7620 ) ;
#2817 = CARTESIAN_POINT ( 'NONE',  ( 0.1999999999999990119, -8.800000000000000711, 4.750000000000000000 ) ) ;
#2818 = CIRCLE ( 'NONE', #5804, 0.5999999999999998668 ) ;
#2819 = DIRECTION ( 'NONE',  ( -1.000000000000000000, -0.000000000000000000, -0.000000000000000000 ) ) ;
#2820 = PRESENTATION_LAYER_ASSIGNMENT (  '', '', ( #1757 ) ) ;
#2821 = SURFACE_STYLE_FILL_AREA ( #4975 ) ;
#2822 = PRESENTATION_STYLE_ASSIGNMENT (( #9265 ) ) ;
#2823 = PRODUCT_DEFINITION_SHAPE ( 'NONE', 'NONE',  #3822 ) ;
#2824 = ADVANCED_FACE ( 'NONE', ( #2251 ), #6877, .T. ) ;
#2825 = EDGE_LOOP ( 'NONE', ( #766, #2012, #7619, #590 ) ) ;
#2826 =( GEOMETRIC_REPRESENTATION_CONTEXT ( 3 ) GLOBAL_UNCERTAINTY_ASSIGNED_CONTEXT ( ( #7138 ) ) GLOBAL_UNIT_ASSIGNED_CONTEXT ( ( #5324, #2655, #7730 ) ) REPRESENTATION_CONTEXT ( 'NONE', 'WORKASPACE' ) );
#2827 = LINE ( 'NONE', #7905, #8919 ) ;
#2828 = STYLED_ITEM ( 'NONE', ( #2597 ), #5657 ) ;
#2829 = STYLED_ITEM ( 'NONE', ( #4367 ), #1676 ) ;
#2830 = SURFACE_STYLE_USAGE ( .BOTH. , #8563 ) ;
#2831 = PRESENTATION_STYLE_ASSIGNMENT (( #3350 ) ) ;
#2832 = CARTESIAN_POINT ( 'NONE',  ( -4.825000000014550317, 2.199999999979629806, 1.100000000000000089 ) ) ;
#2833 = DIRECTION ( 'NONE',  ( 0.000000000000000000, -1.000000000000000000, 0.000000000000000000 ) ) ;
#2834 = EDGE_LOOP ( 'NONE', ( #616, #9208, #8395, #7195 ) ) ;
#2835 =( LENGTH_UNIT ( ) NAMED_UNIT ( * ) SI_UNIT ( .MILLI., .METRE. ) );
#2836 = DIRECTION ( 'NONE',  ( -0.000000000000000000, -0.000000000000000000, 1.000000000000000000 ) ) ;
#2837 = MECHANICAL_DESIGN_GEOMETRIC_PRESENTATION_REPRESENTATION (  '', ( #3134 ), #2372 ) ;
#2838 = ORIENTED_EDGE ( 'NONE', *, *, #846, .T. ) ;
#2839 = VECTOR ( 'NONE', #7207, 999.9999999999998863 ) ;
#2840 = SURFACE_STYLE_USAGE ( .BOTH. , #6416 ) ;
#2841 =( NAMED_UNIT ( * ) PLANE_ANGLE_UNIT ( ) SI_UNIT ( $, .RADIAN. ) );
#2842 = FILL_AREA_STYLE ('',( #8521 ) ) ;
#2843 = CARTESIAN_POINT ( 'NONE',  ( 5.900000000029099745, 2.199999999979629806, 1.100000000000000089 ) ) ;
#2844 = COLOUR_RGB ( '',0.7450980392156862919, 0.7372549019607843590, 0.7294117647058823151 ) ;
#2845 =( LENGTH_UNIT ( ) NAMED_UNIT ( * ) SI_UNIT ( .MILLI., .METRE. ) );
#2846 = EDGE_CURVE ( 'NONE', #3645, #3407, #976, .T. ) ;
#2847 = DIRECTION ( 'NONE',  ( -1.000000000000000000, 0.000000000000000000, -0.000000000000000000 ) ) ;
#2848 = PRESENTATION_STYLE_ASSIGNMENT (( #4957 ) ) ;
#2849 =( LENGTH_UNIT ( ) NAMED_UNIT ( * ) SI_UNIT ( .MILLI., .METRE. ) );
#2850 =( GEOMETRIC_REPRESENTATION_CONTEXT ( 3 ) GLOBAL_UNCERTAINTY_ASSIGNED_CONTEXT ( ( #5110 ) ) GLOBAL_UNIT_ASSIGNED_CONTEXT ( ( #2845, #3556, #7877 ) ) REPRESENTATION_CONTEXT ( 'NONE', 'WORKASPACE' ) );
#2851 = ORIENTED_EDGE ( 'NONE', *, *, #5742, .F. ) ;
#2852 = CARTESIAN_POINT ( 'NONE',  ( 3.117763191479099749, -2.299999999979629894, 2.250000000000000444 ) ) ;
#2853 =( REPRESENTATION_RELATIONSHIP ('NONE','NONE', #92, #8548 ) REPRESENTATION_RELATIONSHIP_WITH_TRANSFORMATION ( #9194 )SHAPE_REPRESENTATION_RELATIONSHIP( ) );
#2854 = ORIENTED_EDGE ( 'NONE', *, *, #5768, .T. ) ;
#2855 = MECHANICAL_DESIGN_GEOMETRIC_PRESENTATION_REPRESENTATION (  '', ( #3891 ), #8840 ) ;
#2856 = EDGE_LOOP ( 'NONE', ( #1578, #881, #1589, #3298 ) ) ;
#2857 = FILL_AREA_STYLE ('',( #4252 ) ) ;
#2858 = CARTESIAN_POINT ( 'NONE',  ( 5.941959649123556453, 2.351539568527128754, 5.353018577200447048 ) ) ;
#2859 = PRODUCT_RELATED_PRODUCT_CATEGORY ( 'part', '', ( #4915 ) ) ;
#2860 = COLOUR_RGB ( '',0.8313725490196077761, 0.8313725490196077761, 0.8313725490196077761 ) ;
#2861 = ADVANCED_FACE ( 'NONE', ( #6089 ), #3926, .T. ) ;
#2862 = PRESENTATION_LAYER_ASSIGNMENT (  '', '', ( #4193 ) ) ;
#2863 = EDGE_CURVE ( 'NONE', #3502, #5195, #8080, .T. ) ;
#2864 = LINE ( 'NONE', #4256, #8707 ) ;
#2865 = DIRECTION ( 'NONE',  ( -0.000000000000000000, -0.000000000000000000, 1.000000000000000000 ) ) ;
#2866 = FACE_OUTER_BOUND ( 'NONE', #1697, .T. ) ;
#2867 = FILL_AREA_STYLE ('',( #7746 ) ) ;
#2868 = ORIENTED_EDGE ( 'NONE', *, *, #3825, .F. ) ;
#2869 =( NAMED_UNIT ( * ) PLANE_ANGLE_UNIT ( ) SI_UNIT ( $, .RADIAN. ) );
#2870 = ORIENTED_EDGE ( 'NONE', *, *, #8656, .T. ) ;
#2871 = DIRECTION ( 'NONE',  ( 1.000000000000000000, 0.000000000000000000, -0.000000000000000000 ) ) ;
#2872 = MECHANICAL_DESIGN_GEOMETRIC_PRESENTATION_REPRESENTATION (  '', ( #6318 ), #162 ) ;
#2873 = EDGE_CURVE ( 'NONE', #8496, #3133, #2532, .T. ) ;
#2874 = ADVANCED_FACE ( 'NONE', ( #482 ), #1219, .T. ) ;
#2875 = SURFACE_STYLE_FILL_AREA ( #1 ) ;
#2876 = SURFACE_STYLE_FILL_AREA ( #3751 ) ;
#2877 = DIRECTION ( 'NONE',  ( -1.000000000000000000, 0.000000000000000000, 7.930164461608259947E-17 ) ) ;
#2878 = DIRECTION ( 'NONE',  ( 1.000000000000000000, 0.000000000000000000, -0.000000000000000000 ) ) ;
#2879 = ORIENTED_EDGE ( 'NONE', *, *, #8711, .F. ) ;
#2880 = VECTOR ( 'NONE', #8924, 1000.000000000000000 ) ;
#2881 = CARTESIAN_POINT ( 'NONE',  ( 4.049999999999999822, 2.199999999979629806, 1.100000000000000089 ) ) ;
#2882 = SURFACE_STYLE_USAGE ( .BOTH. , #5640 ) ;
#2883 = EDGE_LOOP ( 'NONE', ( #1655, #7443, #6371, #1443 ) ) ;
#2884 = EDGE_CURVE ( 'NONE', #9098, #5884, #1159, .T. ) ;
#2885 = SURFACE_STYLE_FILL_AREA ( #1548 ) ;
#2886 = SURFACE_STYLE_FILL_AREA ( #7283 ) ;
#2887 = LINE ( 'NONE', #4233, #6401 ) ;
#2888 = ORIENTED_EDGE ( 'NONE', *, *, #4244, .F. ) ;
#2889 = DIRECTION ( 'NONE',  ( -0.000000000000000000, 1.000000000000000000, 0.000000000000000000 ) ) ;
#2890 = UNCERTAINTY_MEASURE_WITH_UNIT (LENGTH_MEASURE( 1.000000000000000082E-05 ), #6421, 'distance_accuracy_value', 'NONE');
#2891 = UNCERTAINTY_MEASURE_WITH_UNIT (LENGTH_MEASURE( 1.000000000000000082E-05 ), #5153, 'distance_accuracy_value', 'NONE');
#2892 = DIRECTION ( 'NONE',  ( 0.000000000000000000, 0.000000000000000000, -1.000000000000000000 ) ) ;
#2893 = CARTESIAN_POINT ( 'NONE',  ( 0.000000000000000000, 0.000000000000000000, 2.250000000000000444 ) ) ;
#2894 = CARTESIAN_POINT ( 'NONE',  ( 5.957735026948062007, -2.257735026898592068, 1.042264973081037160 ) ) ;
#2895 = DIRECTION ( 'NONE',  ( 0.8164965809277232589, 0.4082482904638699006, 0.4082482904638621291 ) ) ;
#2896 = FILL_AREA_STYLE_COLOUR ( '', #3450 ) ;
#2897 = VERTEX_POINT ( 'NONE', #8342 ) ;
#2898 = SURFACE_SIDE_STYLE ('',( #26 ) ) ;
#2899 = ORIENTED_EDGE ( 'NONE', *, *, #8147, .F. ) ;
#2900 = ORIENTED_EDGE ( 'NONE', *, *, #3461, .T. ) ;
#2901 = VECTOR ( 'NONE', #2281, 1000.000000000000000 ) ;
#2902 = FILL_AREA_STYLE_COLOUR ( '', #3742 ) ;
#2903 = CARTESIAN_POINT ( 'NONE',  ( 5.957735026948062895, 2.257735026898591180, 5.457735026918966170 ) ) ;
#2904 = PRODUCT_DEFINITION_SHAPE ( 'NONE', 'NONE',  #9310 ) ;
#2905 = CARTESIAN_POINT ( 'NONE',  ( -6.057966438333058257, -2.099191034116946852, 1.057969723762388625 ) ) ;
#2906 = ORIENTED_EDGE ( 'NONE', *, *, #7876, .F. ) ;
#2907 = ORIENTED_EDGE ( 'NONE', *, *, #4641, .T. ) ;
#2908 = SURFACE_STYLE_FILL_AREA ( #4308 ) ;
#2909 = CIRCLE ( 'NONE', #3518, 0.9221700196400069993 ) ;
#2910 = EDGE_CURVE ( 'NONE', #5242, #2300, #2615, .T. ) ;
#2911 = VECTOR ( 'NONE', #2836, 1000.000000000000000 ) ;
#2912 = CARTESIAN_POINT ( 'NONE',  ( 5.800000000029100100, -2.299999999986420018, 5.163708333923990423 ) ) ;
#2913 = SURFACE_STYLE_USAGE ( .BOTH. , #1410 ) ;
#2914 =( GEOMETRIC_REPRESENTATION_CONTEXT ( 3 ) GLOBAL_UNCERTAINTY_ASSIGNED_CONTEXT ( ( #7655 ) ) GLOBAL_UNIT_ASSIGNED_CONTEXT ( ( #1594, #1504, #3057 ) ) REPRESENTATION_CONTEXT ( 'NONE', 'WORKASPACE' ) );
#2915 = CARTESIAN_POINT ( 'NONE',  ( -5.900086743527171329, -2.299999999979629894, 5.126379046879570467 ) ) ;
#2916 = EDGE_CURVE ( 'NONE', #8079, #4585, #4778, .T. ) ;
#2917 =( NAMED_UNIT ( * ) SI_UNIT ( $, .STERADIAN. ) SOLID_ANGLE_UNIT ( ) );
#2918 = ORIENTED_EDGE ( 'NONE', *, *, #3538, .T. ) ;
#2919 = ADVANCED_FACE ( 'NONE', ( #6231 ), #6479, .T. ) ;
#2920 = CIRCLE ( 'NONE', #3211, 0.1000000000000000472 ) ;
#2921 = PLANE ( 'NONE',  #7883 ) ;
#2922 = DIRECTION ( 'NONE',  ( 0.000000000000000000, -0.000000000000000000, -1.000000000000000000 ) ) ;
#2923 = SURFACE_SIDE_STYLE ('',( #1592 ) ) ;
#2924 = CARTESIAN_POINT ( 'NONE',  ( -3.250000000000000444, 2.200000000000000178, 1.100000000000000089 ) ) ;
#2925 = DIRECTION ( 'NONE',  ( -1.000000000000000000, 0.000000000000000000, -0.000000000000000000 ) ) ;
#2926 = SURFACE_STYLE_FILL_AREA ( #52 ) ;
#2927 = FILL_AREA_STYLE ('',( #2971 ) ) ;
#2928 = VERTEX_POINT ( 'NONE', #734 ) ;
#2929 = ADVANCED_FACE ( 'NONE', ( #2947 ), #3609, .T. ) ;
#2930 = EDGE_CURVE ( 'NONE', #8624, #3561, #5964, .T. ) ;
#2931 = CARTESIAN_POINT ( 'NONE',  ( 5.800000000029100988, 2.200000000000000178, 5.400000000000000355 ) ) ;
#2932 = PRESENTATION_LAYER_ASSIGNMENT (  '', '', ( #6989 ) ) ;
#2933 = CARTESIAN_POINT ( 'NONE',  ( 5.900000000029099745, -2.199999999979629806, 5.400000000000000355 ) ) ;
#2934 = COLOUR_RGB ( '',0.7450980392156862919, 0.7372549019607843590, 0.7294117647058823151 ) ;
#2935 = CARTESIAN_POINT ( 'NONE',  ( -1.455502385283580023E-12, -2.099999999979630161, 2.250000000000000444 ) ) ;
#2936 = CARTESIAN_POINT ( 'NONE',  ( 5.934165146415341319, -2.257735026898591180, 1.018695092548316250 ) ) ;
#2937 = AXIS2_PLACEMENT_3D ( 'NONE', #391, #8417, #4843 ) ;
#2938 = FILL_AREA_STYLE_COLOUR ( '', #6298 ) ;
#2939 = ORIENTED_EDGE ( 'NONE', *, *, #5322, .T. ) ;
#2940 = SURFACE_STYLE_FILL_AREA ( #1517 ) ;
#2941 = ORIENTED_EDGE ( 'NONE', *, *, #8253, .T. ) ;
#2942 = ADVANCED_FACE ( 'NONE', ( #990 ), #6562, .T. ) ;
#2943 = DIRECTION ( 'NONE',  ( 0.000000000000000000, -0.000000000000000000, 1.000000000000000000 ) ) ;
#2944 = CARTESIAN_POINT ( 'NONE',  ( 4.049999999999999822, -2.199999999979629806, 1.100000000000000089 ) ) ;
#2945 = VERTEX_POINT ( 'NONE', #3726 ) ;
#2946 = ORIENTED_EDGE ( 'NONE', *, *, #5388, .F. ) ;
#2947 = FACE_OUTER_BOUND ( 'NONE', #2834, .T. ) ;
#2948 = DIRECTION ( 'NONE',  ( -0.000000000000000000, -1.000000000000000000, 0.000000000000000000 ) ) ;
#2949 = PLANE ( 'NONE',  #316 ) ;
#2950 = CLOSED_SHELL ( 'NONE', ( #8453, #5657, #3459, #5562, #1116, #2874, #775, #4723, #489, #7704, #2493, #2129, #639, #3719, #2812, #7879, #2973, #3611, #1676, #1308, #773, #4410, #7116, #6796, #7804, #692, #2179, #7156, #2400, #212, #2824, #7509, #4929, #6424, #529, #6618, #5615, #3250, #8259 ) ) ;
#2951 = AXIS2_PLACEMENT_3D ( 'NONE', #7842, #1486, #929 ) ;
#2952 = DIRECTION ( 'NONE',  ( 0.8589202801446080837, 0.000000000000000000, 0.5121093168028755249 ) ) ;
#2953 = FILL_AREA_STYLE_COLOUR ( '', #4745 ) ;
#2954 = EDGE_CURVE ( 'NONE', #6616, #1312, #1051, .T. ) ;
#2955 = DIRECTION ( 'NONE',  ( -0.000000000000000000, -0.000000000000000000, 1.000000000000000000 ) ) ;
#2956 = CARTESIAN_POINT ( 'NONE',  ( 0.000000000000000000, 0.000000000000000000, 0.000000000000000000 ) ) ;
#2957 = VERTEX_POINT ( 'NONE', #5747 ) ;
#2958 = LINE ( 'NONE', #1532, #1282 ) ;
#2959 = ORIENTED_EDGE ( 'NONE', *, *, #4226, .T. ) ;
#2960 = ORIENTED_EDGE ( 'NONE', *, *, #7571, .T. ) ;
#2961 = UNCERTAINTY_MEASURE_WITH_UNIT (LENGTH_MEASURE( 1.000000000000000082E-05 ), #1107, 'distance_accuracy_value', 'NONE');
#2962 =( LENGTH_UNIT ( ) NAMED_UNIT ( * ) SI_UNIT ( .MILLI., .METRE. ) );
#2963 = SURFACE_SIDE_STYLE ('',( #1633 ) ) ;
#2964 = VERTEX_POINT ( 'NONE', #2983 ) ;
#2965 = SURFACE_STYLE_FILL_AREA ( #845 ) ;
#2966 = STYLED_ITEM ( 'NONE', ( #4517 ), #8936 ) ;
#2967 = AXIS2_PLACEMENT_3D ( 'NONE', #9190, #7083, #4987 ) ;
#2968 = VECTOR ( 'NONE', #1350, 1000.000000000000000 ) ;
#2969 = VECTOR ( 'NONE', #8318, 1000.000000000000000 ) ;
#2970 = SURFACE_STYLE_USAGE ( .BOTH. , #7953 ) ;
#2971 = FILL_AREA_STYLE_COLOUR ( '', #8510 ) ;
#2972 = ORIENTED_EDGE ( 'NONE', *, *, #5103, .T. ) ;
#2973 = ADVANCED_FACE ( 'NONE', ( #8617 ), #5841, .F. ) ;
#2974 = CARTESIAN_POINT ( 'NONE',  ( 5.900000000029100633, -2.199999999979629806, 1.100000000000000089 ) ) ;
#2975 = PRODUCT_DEFINITION_SHAPE ( 'NONE', 'NONE',  #1853 ) ;
#2976 = SHAPE_REPRESENTATION ( '4_3', ( #5962 ), #3712 ) ;
#2977 =( GEOMETRIC_REPRESENTATION_CONTEXT ( 3 ) GLOBAL_UNCERTAINTY_ASSIGNED_CONTEXT ( ( #2519 ) ) GLOBAL_UNIT_ASSIGNED_CONTEXT ( ( #97, #7282, #7908 ) ) REPRESENTATION_CONTEXT ( 'NONE', 'WORKASPACE' ) );
#2978 = CARTESIAN_POINT ( 'NONE',  ( -2.950000000000000178, 2.799999999999999822, 2.250000000000000444 ) ) ;
#2979 = EDGE_CURVE ( 'NONE', #5332, #3790, #9022, .T. ) ;
#2980 = VECTOR ( 'NONE', #6985, 1000.000000000000000 ) ;
#2981 = EDGE_CURVE ( 'NONE', #7202, #6336, #6026, .T. ) ;
#2982 = DIRECTION ( 'NONE',  ( 0.000000000000000000, 1.000000000000000000, -0.000000000000000000 ) ) ;
#2983 = CARTESIAN_POINT ( 'NONE',  ( -3.250000000000000444, 2.200000000000000178, 0.5000000000000000000 ) ) ;
#2984 = DIRECTION ( 'NONE',  ( -0.9369532139013034833, 0.000000000000000000, -0.3494548253494552115 ) ) ;
#2985 = ORIENTED_EDGE ( 'NONE', *, *, #5742, .T. ) ;
#2986 = COLOUR_RGB ( '',0.8313725490196077761, 0.8313725490196077761, 0.8313725490196077761 ) ;
#2987 = SURFACE_SIDE_STYLE ('',( #8021 ) ) ;
#2988 = AXIS2_PLACEMENT_3D ( 'NONE', #6352, #541, #5555 ) ;
#2989 = EDGE_LOOP ( 'NONE', ( #3962, #2092, #2490, #4148 ) ) ;
#2990 = FILL_AREA_STYLE ('',( #4382 ) ) ;
#2991 = FILL_AREA_STYLE ('',( #1439 ) ) ;
#2992 = AXIS2_PLACEMENT_3D ( 'NONE', #1319, #624, #9301 ) ;
#2993 = VERTEX_POINT ( 'NONE', #3817 ) ;
#2994 = ORIENTED_EDGE ( 'NONE', *, *, #4855, .T. ) ;
#2995 =( NAMED_UNIT ( * ) SI_UNIT ( $, .STERADIAN. ) SOLID_ANGLE_UNIT ( ) );
#2996 = PRESENTATION_LAYER_ASSIGNMENT (  '', '', ( #4026 ) ) ;
#2997 = CARTESIAN_POINT ( 'NONE',  ( -3.117763191482009422, -2.299999999979629894, 2.250000000000000444 ) ) ;
#2998 = VECTOR ( 'NONE', #7802, 1000.000000000000000 ) ;
#2999 = EDGE_CURVE ( 'NONE', #609, #640, #1136, .T. ) ;
#3000 = LINE ( 'NONE', #581, #2749 ) ;
#3001 =( GEOMETRIC_REPRESENTATION_CONTEXT ( 3 ) GLOBAL_UNCERTAINTY_ASSIGNED_CONTEXT ( ( #7511 ) ) GLOBAL_UNIT_ASSIGNED_CONTEXT ( ( #3774, #1652, #3065 ) ) REPRESENTATION_CONTEXT ( 'NONE', 'WORKASPACE' ) );
#3002 = PRESENTATION_LAYER_ASSIGNMENT (  '', '', ( #7951 ) ) ;
#3003 = ORIENTED_EDGE ( 'NONE', *, *, #2172, .T. ) ;
#3004 = ORIENTED_EDGE ( 'NONE', *, *, #4347, .F. ) ;
#3005 =( GEOMETRIC_REPRESENTATION_CONTEXT ( 3 ) GLOBAL_UNCERTAINTY_ASSIGNED_CONTEXT ( ( #6810 ) ) GLOBAL_UNIT_ASSIGNED_CONTEXT ( ( #3140, #7370, #8207 ) ) REPRESENTATION_CONTEXT ( 'NONE', 'WORKASPACE' ) );
#3006 = SURFACE_SIDE_STYLE ('',( #5675 ) ) ;
#3007 = STYLED_ITEM ( 'NONE', ( #12 ), #3244 ) ;
#3008 =( GEOMETRIC_REPRESENTATION_CONTEXT ( 3 ) GLOBAL_UNCERTAINTY_ASSIGNED_CONTEXT ( ( #738 ) ) GLOBAL_UNIT_ASSIGNED_CONTEXT ( ( #1949, #1748, #9092 ) ) REPRESENTATION_CONTEXT ( 'NONE', 'WORKASPACE' ) );
#3009 = SURFACE_STYLE_FILL_AREA ( #5864 ) ;
#3010 = CARTESIAN_POINT ( 'NONE',  ( -6.012167334429395993, 2.254088753690645763, 5.406948992645574492 ) ) ;
#3011 = DIRECTION ( 'NONE',  ( -1.000000000000000000, 0.000000000000000000, -0.000000000000000000 ) ) ;
#3012 =( LENGTH_UNIT ( ) NAMED_UNIT ( * ) SI_UNIT ( .MILLI., .METRE. ) );
#3013 = MECHANICAL_DESIGN_GEOMETRIC_PRESENTATION_REPRESENTATION (  '', ( #6150 ), #7357 ) ;
#3014 = COLOUR_RGB ( '',0.7450980392156862919, 0.7372549019607843590, 0.7294117647058823151 ) ;
#3015 = ORIENTED_EDGE ( 'NONE', *, *, #1600, .T. ) ;
#3016 =( NAMED_UNIT ( * ) SI_UNIT ( $, .STERADIAN. ) SOLID_ANGLE_UNIT ( ) );
#3017 = CARTESIAN_POINT ( 'NONE',  ( 6.500000000000001776, -2.799999999999999822, 3.250000000000000888 ) ) ;
#3018 =( GEOMETRIC_REPRESENTATION_CONTEXT ( 3 ) GLOBAL_UNCERTAINTY_ASSIGNED_CONTEXT ( ( #3706 ) ) GLOBAL_UNIT_ASSIGNED_CONTEXT ( ( #1833, #2841, #4196 ) ) REPRESENTATION_CONTEXT ( 'NONE', 'WORKASPACE' ) );
#3019 = FACE_OUTER_BOUND ( 'NONE', #406, .T. ) ;
#3020 = LINE ( 'NONE', #3631, #3083 ) ;
#3021 = CARTESIAN_POINT ( 'NONE',  ( -5.800000000029100100, -2.299999999984722265, 5.500000000000000000 ) ) ;
#3022 = VERTEX_POINT ( 'NONE', #3307 ) ;
#3023 =( LENGTH_UNIT ( ) NAMED_UNIT ( * ) SI_UNIT ( .MILLI., .METRE. ) );
#3024 =( LENGTH_UNIT ( ) NAMED_UNIT ( * ) SI_UNIT ( .MILLI., .METRE. ) );
#3025 = EDGE_CURVE ( 'NONE', #804, #5463, #1825, .T. ) ;
#3026 = CARTESIAN_POINT ( 'NONE',  ( -5.900000000029099745, -2.199999999979629806, 5.400000000000000355 ) ) ;
#3027 = DIRECTION ( 'NONE',  ( -1.000000000000000000, 2.386506727942370021E-16, 0.000000000000000000 ) ) ;
#3028 = FILL_AREA_STYLE_COLOUR ( '', #6681 ) ;
#3029 = ORIENTED_EDGE ( 'NONE', *, *, #2221, .F. ) ;
#3030 = FILL_AREA_STYLE_COLOUR ( '', #119 ) ;
#3031 = COLOUR_RGB ( '',0.8313725490196077761, 0.8313725490196077761, 0.8313725490196077761 ) ;
#3032 = ORIENTED_EDGE ( 'NONE', *, *, #6769, .F. ) ;
#3033 = DIRECTION ( 'NONE',  ( 1.000000000000000000, 0.000000000000000000, 0.000000000000000000 ) ) ;
#3034 = CARTESIAN_POINT ( 'NONE',  ( -4.049999999999999822, 1.300690094324699730, 0.5000000000000000000 ) ) ;
#3035 = EDGE_CURVE ( 'NONE', #4898, #571, #3991, .T. ) ;
#3036 = ORIENTED_EDGE ( 'NONE', *, *, #3435, .F. ) ;
#3037 = CARTESIAN_POINT ( 'NONE',  ( 2.950000000000000178, -2.799999999999999822, 1.000000000000000000 ) ) ;
#3038 = DIRECTION ( 'NONE',  ( -0.5773502691896257311, -0.5773502691896257311, 0.5773502691896257311 ) ) ;
#3039 = CARTESIAN_POINT ( 'NONE',  ( 5.957735026948062895, -2.257735026898592068, 1.042264973081035828 ) ) ;
#3040 = DIRECTION ( 'NONE',  ( 0.000000000000000000, 0.000000000000000000, 1.000000000000000000 ) ) ;
#3041 = PRESENTATION_LAYER_ASSIGNMENT (  '', '', ( #3347 ) ) ;
#3042 =( NAMED_UNIT ( * ) PLANE_ANGLE_UNIT ( ) SI_UNIT ( $, .RADIAN. ) );
#3043 = ORIENTED_EDGE ( 'NONE', *, *, #5148, .T. ) ;
#3044 = EDGE_LOOP ( 'NONE', ( #7972, #1276, #732, #4759 ) ) ;
#3045 = DIRECTION ( 'NONE',  ( 0.000000000000000000, 1.000000000000000000, 0.000000000000000000 ) ) ;
#3046 = UNCERTAINTY_MEASURE_WITH_UNIT (LENGTH_MEASURE( 1.000000000000000082E-05 ), #8587, 'distance_accuracy_value', 'NONE');
#3047 = PRESENTATION_LAYER_ASSIGNMENT (  '', '', ( #6959 ) ) ;
#3048 = PLANE ( 'NONE',  #6090 ) ;
#3049 = DIRECTION ( 'NONE',  ( -0.000000000000000000, 1.000000000000000000, 0.000000000000000000 ) ) ;
#3050 = CARTESIAN_POINT ( 'NONE',  ( -5.904368729029568996, -2.248839264927095183, 5.493309800894469852 ) ) ;
#3051 = CARTESIAN_POINT ( 'NONE',  ( -5.800000000029100100, 3.441945830445349852, 5.163708333923990423 ) ) ;
#3052 = ORIENTED_EDGE ( 'NONE', *, *, #7008, .T. ) ;
#3053 = LINE ( 'NONE', #1638, #5542 ) ;
#3054 = PRESENTATION_LAYER_ASSIGNMENT (  '', '', ( #8463 ) ) ;
#3055 = DIRECTION ( 'NONE',  ( 0.000000000000000000, 0.000000000000000000, 1.000000000000000000 ) ) ;
#3056 = VECTOR ( 'NONE', #246, 1000.000000000000000 ) ;
#3057 =( NAMED_UNIT ( * ) SI_UNIT ( $, .STERADIAN. ) SOLID_ANGLE_UNIT ( ) );
#3058 = SURFACE_STYLE_USAGE ( .BOTH. , #7284 ) ;
#3059 = ORIENTED_EDGE ( 'NONE', *, *, #6146, .T. ) ;
#3060 = PRESENTATION_STYLE_ASSIGNMENT (( #197 ) ) ;
#3061 = CARTESIAN_POINT ( 'NONE',  ( 2.949999999999999734, -2.799999999999999822, 4.750000000000000000 ) ) ;
#3062 = CARTESIAN_POINT ( 'NONE',  ( -3.250000000000000888, -1.300690094324699952, 0.5000000000000000000 ) ) ;
#3063 = FILL_AREA_STYLE_COLOUR ( '', #2031 ) ;
#3064 =( NAMED_UNIT ( * ) PLANE_ANGLE_UNIT ( ) SI_UNIT ( $, .RADIAN. ) );
#3065 =( NAMED_UNIT ( * ) SI_UNIT ( $, .STERADIAN. ) SOLID_ANGLE_UNIT ( ) );
#3066 = DIRECTION ( 'NONE',  ( -0.000000000000000000, -0.000000000000000000, -1.000000000000000000 ) ) ;
#3067 = CARTESIAN_POINT ( 'NONE',  ( -5.075000000000000178, -2.200000000000000178, 1.100000000000000089 ) ) ;
#3068 = VECTOR ( 'NONE', #2108, 1000.000000000000000 ) ;
#3069 = VERTEX_POINT ( 'NONE', #6068 ) ;
#3070 = PLANE ( 'NONE',  #2360 ) ;
#3071 = ORIENTED_EDGE ( 'NONE', *, *, #3235, .T. ) ;
#3072 = SURFACE_STYLE_USAGE ( .BOTH. , #8844 ) ;
#3073 = ADVANCED_FACE ( 'NONE', ( #2498 ), #1879, .F. ) ;
#3074 = AXIS2_PLACEMENT_3D ( 'NONE', #8554, #2207, #3011 ) ;
#3075 = ORIENTED_EDGE ( 'NONE', *, *, #2057, .F. ) ;
#3076 = CARTESIAN_POINT ( 'NONE',  ( 5.900000000029099745, 2.199999999979629806, 2.250000000000000444 ) ) ;
#3077 = SURFACE_STYLE_USAGE ( .BOTH. , #5235 ) ;
#3078 = PRESENTATION_LAYER_ASSIGNMENT (  '', '', ( #7141 ) ) ;
#3079 =( NAMED_UNIT ( * ) SI_UNIT ( $, .STERADIAN. ) SOLID_ANGLE_UNIT ( ) );
#3080 = CARTESIAN_POINT ( 'NONE',  ( 6.044659952723583807, -2.146138961327065164, 1.044281119199517605 ) ) ;
#3081 = SURFACE_STYLE_FILL_AREA ( #6757 ) ;
#3082 = PRESENTATION_LAYER_ASSIGNMENT (  '', '', ( #3548 ) ) ;
#3083 = VECTOR ( 'NONE', #5120, 1000.000000000000000 ) ;
#3084 = DIRECTION ( 'NONE',  ( 0.000000000000000000, 0.000000000000000000, 1.000000000000000000 ) ) ;
#3085 = EDGE_CURVE ( 'NONE', #1070, #1451, #6790, .T. ) ;
#3086 = FACE_OUTER_BOUND ( 'NONE', #5259, .T. ) ;
#3087 = EDGE_LOOP ( 'NONE', ( #7659, #4014, #8026, #7577 ) ) ;
#3088 = VERTEX_POINT ( 'NONE', #4567 ) ;
#3089 = CARTESIAN_POINT ( 'NONE',  ( -6.500000000000000888, -2.500000000000000000, 3.250000000000000444 ) ) ;
#3090 = MECHANICAL_DESIGN_GEOMETRIC_PRESENTATION_REPRESENTATION (  '', ( #560 ), #2644 ) ;
#3091 = EDGE_CURVE ( 'NONE', #1352, #8349, #6691, .T. ) ;
#3092 = CARTESIAN_POINT ( 'NONE',  ( 3.250000000000000444, 2.200000000000000178, 0.5000000000000000000 ) ) ;
#3093 = CARTESIAN_POINT ( 'NONE',  ( 5.800000000029100100, 3.441945830445349852, 5.163708333923990423 ) ) ;
#3094 = CARTESIAN_POINT ( 'NONE',  ( 3.250000000000000444, -1.300690094324699952, 1.000000000000000000 ) ) ;
#3095 = DIRECTION ( 'NONE',  ( 1.000000000000000000, 0.000000000000000000, -0.000000000000000000 ) ) ;
#3096 = FACE_OUTER_BOUND ( 'NONE', #1398, .T. ) ;
#3097 = DIRECTION ( 'NONE',  ( 0.000000000000000000, 0.000000000000000000, 1.000000000000000000 ) ) ;
#3098 = COLOUR_RGB ( '',0.2862745098039215508, 0.2862745098039215508, 0.2862745098039215508 ) ;
#3099 = FACE_OUTER_BOUND ( 'NONE', #6712, .T. ) ;
#3100 = MECHANICAL_DESIGN_GEOMETRIC_PRESENTATION_REPRESENTATION (  '', ( #5798 ), #1731 ) ;
#3101 = SURFACE_STYLE_FILL_AREA ( #2342 ) ;
#3102 = EDGE_CURVE ( 'NONE', #746, #774, #254, .T. ) ;
#3103 =( LENGTH_UNIT ( ) NAMED_UNIT ( * ) SI_UNIT ( .MILLI., .METRE. ) );
#3104 = DIRECTION ( 'NONE',  ( 0.000000000000000000, 0.000000000000000000, 1.000000000000000000 ) ) ;
#3105 = ORIENTED_EDGE ( 'NONE', *, *, #6121, .F. ) ;
#3106 =( NAMED_UNIT ( * ) PLANE_ANGLE_UNIT ( ) SI_UNIT ( $, .RADIAN. ) );
#3107 = FILL_AREA_STYLE ('',( #8105 ) ) ;
#3108 = VECTOR ( 'NONE', #2509, 1000.000000000000000 ) ;
#3109 = CIRCLE ( 'NONE', #8361, 0.1000000000000000472 ) ;
#3110 = CARTESIAN_POINT ( 'NONE',  ( -5.957735026948061119, -2.257735026898592068, 5.457735026918963506 ) ) ;
#3111 = FACE_OUTER_BOUND ( 'NONE', #5524, .T. ) ;
#3112 = LINE ( 'NONE', #6513, #6628 ) ;
#3113 = CARTESIAN_POINT ( 'NONE',  ( 6.000000000029100278, -2.200000000000000178, 0.000000000000000000 ) ) ;
#3114 = CARTESIAN_POINT ( 'NONE',  ( 2.950000000000000178, -2.799999999999999822, 4.750000000000000000 ) ) ;
#3115 = PLANE ( 'NONE',  #8489 ) ;
#3116 = VECTOR ( 'NONE', #2659, 1000.000000000000000 ) ;
#3117 = ORIENTED_EDGE ( 'NONE', *, *, #7627, .F. ) ;
#3118 = CARTESIAN_POINT ( 'NONE',  ( 0.000000000000000000, 2.799999999999999822, 0.000000000000000000 ) ) ;
#3119 = CARTESIAN_POINT ( 'NONE',  ( -1.824999999999999956, 2.200000000000000178, 1.100000000000000089 ) ) ;
#3120 = COLOUR_RGB ( '',0.7450980392156862919, 0.7372549019607843590, 0.7294117647058823151 ) ;
#3121 = ORIENTED_EDGE ( 'NONE', *, *, #6586, .F. ) ;
#3122 =( NAMED_UNIT ( * ) SI_UNIT ( $, .STERADIAN. ) SOLID_ANGLE_UNIT ( ) );
#3123 = SURFACE_STYLE_FILL_AREA ( #5888 ) ;
#3124 = CARTESIAN_POINT ( 'NONE',  ( -1.425000000000000044, -2.799999999999999822, 1.099999999999999867 ) ) ;
#3125 = AXIS2_PLACEMENT_3D ( 'NONE', #715, #5827, #48 ) ;
#3126 =( LENGTH_UNIT ( ) NAMED_UNIT ( * ) SI_UNIT ( .MILLI., .METRE. ) );
#3127 = CARTESIAN_POINT ( 'NONE',  ( -4.049999999999999822, -2.799999999999999822, 0.5000000000000000000 ) ) ;
#3128 = PRESENTATION_LAYER_ASSIGNMENT (  '', '', ( #3436 ) ) ;
#3129 = SURFACE_STYLE_USAGE ( .BOTH. , #7361 ) ;
#3130 = APPLICATION_PROTOCOL_DEFINITION ( 'draft international standard', 'automotive_design', 1998, #9221 ) ;
#3131 = VERTEX_POINT ( 'NONE', #1000 ) ;
#3132 = MECHANICAL_DESIGN_GEOMETRIC_PRESENTATION_REPRESENTATION (  '', ( #8534 ), #8095 ) ;
#3133 = VERTEX_POINT ( 'NONE', #3863 ) ;
#3134 = STYLED_ITEM ( 'NONE', ( #6894 ), #1871 ) ;
#3135 = UNCERTAINTY_MEASURE_WITH_UNIT (LENGTH_MEASURE( 1.000000000000000082E-05 ), #171, 'distance_accuracy_value', 'NONE');
#3136 = VECTOR ( 'NONE', #4057, 1000.000000000000000 ) ;
#3137 = ADVANCED_FACE ( 'NONE', ( #8232 ), #305, .T. ) ;
#3138 = ADVANCED_FACE ( 'NONE', ( #4810 ), #501, .F. ) ;
#3139 = FILL_AREA_STYLE_COLOUR ( '', #248 ) ;
#3140 =( LENGTH_UNIT ( ) NAMED_UNIT ( * ) SI_UNIT ( .MILLI., .METRE. ) );
#3141 = AXIS2_PLACEMENT_3D ( 'NONE', #6258, #398, #3306 ) ;
#3142 =( LENGTH_UNIT ( ) NAMED_UNIT ( * ) SI_UNIT ( .MILLI., .METRE. ) );
#3143 = STYLED_ITEM ( 'NONE', ( #7968 ), #4683 ) ;
#3144 = ORIENTED_EDGE ( 'NONE', *, *, #8140, .F. ) ;
#3145 = EDGE_CURVE ( 'NONE', #1900, #2248, #4133, .T. ) ;
#3146 = CARTESIAN_POINT ( 'NONE',  ( -6.000000000029100278, 2.299999999979629894, 1.100000000000000089 ) ) ;
#3147 = VECTOR ( 'NONE', #1092, 1000.000000000000000 ) ;
#3148 = PRESENTATION_LAYER_ASSIGNMENT (  '', '', ( #149 ) ) ;
#3149 = FACE_OUTER_BOUND ( 'NONE', #1680, .T. ) ;
#3150 =( NAMED_UNIT ( * ) PLANE_ANGLE_UNIT ( ) SI_UNIT ( $, .RADIAN. ) );
#3151 = FILL_AREA_STYLE_COLOUR ( '', #6805 ) ;
#3152 = VERTEX_POINT ( 'NONE', #5645 ) ;
#3153 = MECHANICAL_DESIGN_GEOMETRIC_PRESENTATION_REPRESENTATION (  '', ( #7503 ), #8409 ) ;
#3154 =( NAMED_UNIT ( * ) PLANE_ANGLE_UNIT ( ) SI_UNIT ( $, .RADIAN. ) );
#3155 = FACE_OUTER_BOUND ( 'NONE', #2396, .T. ) ;
#3156 = EDGE_CURVE ( 'NONE', #1711, #3152, #1934, .T. ) ;
#3157 = DIRECTION ( 'NONE',  ( 0.4082482904638587429, 0.8164965809277278108, -0.4082482904638640164 ) ) ;
#3158 = PLANE ( 'NONE',  #9088 ) ;
#3159 = CARTESIAN_POINT ( 'NONE',  ( -3.250000000000000444, -2.200000000000000178, 6.000000000000000000 ) ) ;
#3160 = CARTESIAN_POINT ( 'NONE',  ( -1.900000000000000133, -8.800000000000000711, 4.750000000000000000 ) ) ;
#3161 = DIRECTION ( 'NONE',  ( 0.5734623443633279916, -0.8192319205190405906, 0.000000000000000000 ) ) ;
#3162 = CARTESIAN_POINT ( 'NONE',  ( -5.800000000029100100, -2.799999999999999822, 3.321173431502630446 ) ) ;
#3163 = ORIENTED_EDGE ( 'NONE', *, *, #6840, .F. ) ;
#3164 = PRESENTATION_STYLE_ASSIGNMENT (( #8067 ) ) ;
#3165 = LINE ( 'NONE', #4484, #6659 ) ;
#3166 =( GEOMETRIC_REPRESENTATION_CONTEXT ( 3 ) GLOBAL_UNCERTAINTY_ASSIGNED_CONTEXT ( ( #6715 ) ) GLOBAL_UNIT_ASSIGNED_CONTEXT ( ( #3305, #6929, #998 ) ) REPRESENTATION_CONTEXT ( 'NONE', 'WORKASPACE' ) );
#3167 = ORIENTED_EDGE ( 'NONE', *, *, #4347, .T. ) ;
#3168 = DIRECTION ( 'NONE',  ( 1.000000000000000000, 0.000000000000000000, 0.000000000000000000 ) ) ;
#3169 = CYLINDRICAL_SURFACE ( 'NONE', #6746, 0.1000000000000002554 ) ;
#3170 =( LENGTH_UNIT ( ) NAMED_UNIT ( * ) SI_UNIT ( .MILLI., .METRE. ) );
#3171 = SURFACE_SIDE_STYLE ('',( #8248 ) ) ;
#3172 = DIRECTION ( 'NONE',  ( -0.000000000000000000, 1.000000000000000000, 0.000000000000000000 ) ) ;
#3173 = ORIENTED_EDGE ( 'NONE', *, *, #7550, .F. ) ;
#3174 = PLANE ( 'NONE',  #8604 ) ;
#3175 = EDGE_LOOP ( 'NONE', ( #259, #9183, #8634, #6157, #5573, #4823, #8020, #2171, #2148, #6072, #7087, #2596, #426, #366, #7012, #7958, #6651, #8490, #181, #5105, #4801, #3383, #1413, #3043, #5415, #1302 ) ) ;
#3176 = VERTEX_POINT ( 'NONE', #8511 ) ;
#3177 = LINE ( 'NONE', #1846, #4499 ) ;
#3178 = DIRECTION ( 'NONE',  ( 1.000000000000000000, 0.000000000000000000, -7.930164461608259947E-17 ) ) ;
#3179 = CARTESIAN_POINT ( 'NONE',  ( 6.500000000000001776, 2.200000000000000178, 3.250000000000000888 ) ) ;
#3180 =( NAMED_UNIT ( * ) SI_UNIT ( $, .STERADIAN. ) SOLID_ANGLE_UNIT ( ) );
#3181 = CARTESIAN_POINT ( 'NONE',  ( -3.049999999999999822, 0.2000000000000000389, -3.000000000000000000 ) ) ;
#3182 = DIRECTION ( 'NONE',  ( 0.000000000000000000, 7.228014483236695569E-16, 1.000000000000000000 ) ) ;
#3183 = EDGE_LOOP ( 'NONE', ( #5474, #3163, #7749, #7314 ) ) ;
#3184 = ADVANCED_FACE ( 'NONE', ( #4945 ), #3453, .T. ) ;
#3185 = CARTESIAN_POINT ( 'NONE',  ( -6.000000000029100278, 2.199999999979629806, 2.250000000000000444 ) ) ;
#3186 = VECTOR ( 'NONE', #5494, 1000.000000000000000 ) ;
#3187 =( NAMED_UNIT ( * ) PLANE_ANGLE_UNIT ( ) SI_UNIT ( $, .RADIAN. ) );
#3188 = DIRECTION ( 'NONE',  ( -0.5734623443633283246, -0.8192319205190404796, 0.000000000000000000 ) ) ;
#3189 = EDGE_CURVE ( 'NONE', #6776, #7691, #99, .T. ) ;
#3190 = ORIENTED_EDGE ( 'NONE', *, *, #4654, .F. ) ;
#3191 = FILL_AREA_STYLE ('',( #3299 ) ) ;
#3192 = LINE ( 'NONE', #245, #8173 ) ;
#3193 = CARTESIAN_POINT ( 'NONE',  ( 2.750000000000000000, 0.000000000000000000, 2.000000000000000000 ) ) ;
#3194 = STYLED_ITEM ( 'NONE', ( #8148 ), #6796 ) ;
#3195 = SURFACE_STYLE_USAGE ( .BOTH. , #5263 ) ;
#3196 = DIRECTION ( 'NONE',  ( 0.000000000000000000, 0.000000000000000000, 1.000000000000000000 ) ) ;
#3197 = FACE_OUTER_BOUND ( 'NONE', #7501, .T. ) ;
#3198 = SURFACE_STYLE_FILL_AREA ( #4474 ) ;
#3199 = DIRECTION ( 'NONE',  ( -0.000000000000000000, -1.000000000000000000, -0.000000000000000000 ) ) ;
#3200 = DIRECTION ( 'NONE',  ( -0.000000000000000000, 0.000000000000000000, 1.000000000000000000 ) ) ;
#3201 = DIRECTION ( 'NONE',  ( -1.000000000000000000, -0.000000000000000000, 0.000000000000000000 ) ) ;
#3202 = CARTESIAN_POINT ( 'NONE',  ( -5.800000000029100100, -2.799999999999999822, 6.000000000000000000 ) ) ;
#3203 = EDGE_CURVE ( 'NONE', #63, #2964, #8702, .T. ) ;
#3204 = EDGE_LOOP ( 'NONE', ( #6216, #605, #6194, #2264 ) ) ;
#3205 =( NAMED_UNIT ( * ) PLANE_ANGLE_UNIT ( ) SI_UNIT ( $, .RADIAN. ) );
#3206 = CARTESIAN_POINT ( 'NONE',  ( -5.991030663955240421, 2.233062582872592294, 1.124905498140214011 ) ) ;
#3207 = CARTESIAN_POINT ( 'NONE',  ( -5.900000000029099745, 2.199999999979629806, 5.400000000000000355 ) ) ;
#3208 = STYLED_ITEM ( 'NONE', ( #8738 ), #7156 ) ;
#3209 = ORIENTED_EDGE ( 'NONE', *, *, #1990, .T. ) ;
#3210 = CARTESIAN_POINT ( 'NONE',  ( -0.2500000000000000000, 0.2000000000000000111, -2.799999999999999822 ) ) ;
#3211 = AXIS2_PLACEMENT_3D ( 'NONE', #8952, #5705, #1165 ) ;
#3212 = CARTESIAN_POINT ( 'NONE',  ( 3.250000000000000444, -1.300690094324699952, 1.000000000000000000 ) ) ;
#3213 = EDGE_CURVE ( 'NONE', #5092, #9218, #193, .T. ) ;
#3214 = CARTESIAN_POINT ( 'NONE',  ( 6.000000000029100278, -2.299999999979629894, 0.000000000000000000 ) ) ;
#3215 = SURFACE_STYLE_FILL_AREA ( #7500 ) ;
#3216 = VERTEX_POINT ( 'NONE', #5735 ) ;
#3217 =( NAMED_UNIT ( * ) PLANE_ANGLE_UNIT ( ) SI_UNIT ( $, .RADIAN. ) );
#3218 =( NAMED_UNIT ( * ) SI_UNIT ( $, .STERADIAN. ) SOLID_ANGLE_UNIT ( ) );
#3219 = ORIENTED_EDGE ( 'NONE', *, *, #8755, .T. ) ;
#3220 = VECTOR ( 'NONE', #1500, 1000.000000000000000 ) ;
#3221 = ORIENTED_EDGE ( 'NONE', *, *, #796, .T. ) ;
#3222 = UNCERTAINTY_MEASURE_WITH_UNIT (LENGTH_MEASURE( 1.000000000000000082E-05 ), #3126, 'distance_accuracy_value', 'NONE');
#3223 = VECTOR ( 'NONE', #3049, 1000.000000000000000 ) ;
#3224 = AXIS2_PLACEMENT_3D ( 'NONE', #7129, #3555, #9284 ) ;
#3225 = COLOUR_RGB ( '',0.2862745098039215508, 0.2862745098039215508, 0.2862745098039215508 ) ;
#3226 = CARTESIAN_POINT ( 'NONE',  ( 6.500000000000000888, -1.000000000000000000, -3.000000000000000000 ) ) ;
#3227 = SURFACE_STYLE_FILL_AREA ( #4685 ) ;
#3228 = PRESENTATION_STYLE_ASSIGNMENT (( #1719 ) ) ;
#3229 = ORIENTED_EDGE ( 'NONE', *, *, #7876, .T. ) ;
#3230 = CARTESIAN_POINT ( 'NONE',  ( -5.800000000029100100, -2.299999999979629894, 0.000000000000000000 ) ) ;
#3231 =( GEOMETRIC_REPRESENTATION_CONTEXT ( 3 ) GLOBAL_UNCERTAINTY_ASSIGNED_CONTEXT ( ( #5963 ) ) GLOBAL_UNIT_ASSIGNED_CONTEXT ( ( #9023, #4568, #7489 ) ) REPRESENTATION_CONTEXT ( 'NONE', 'WORKASPACE' ) );
#3232 = VERTEX_POINT ( 'NONE', #4464 ) ;
#3233 = DIRECTION ( 'NONE',  ( -0.8192319205190404796, 0.5734623443633283246, 3.875838667619851961E-16 ) ) ;
#3234 = VECTOR ( 'NONE', #588, 1000.000000000000000 ) ;
#3235 = EDGE_CURVE ( 'NONE', #1564, #5046, #900, .T. ) ;
#3236 = DIRECTION ( 'NONE',  ( -0.000000000000000000, 1.000000000000000000, 0.000000000000000000 ) ) ;
#3237 = LINE ( 'NONE', #6732, #7510 ) ;
#3238 = CARTESIAN_POINT ( 'NONE',  ( 5.900086743527171329, -2.799999999999999822, 5.126379046879569579 ) ) ;
#3239 = VECTOR ( 'NONE', #2819, 1000.000000000000000 ) ;
#3240 = ORIENTED_EDGE ( 'NONE', *, *, #2213, .F. ) ;
#3241 = VECTOR ( 'NONE', #6706, 1000.000000000000000 ) ;
#3242 = CARTESIAN_POINT ( 'NONE',  ( -4.825000000014550317, 2.199999999979629806, 1.000000000000000000 ) ) ;
#3243 = CARTESIAN_POINT ( 'NONE',  ( 5.900000000000001243, 0.000000000000000000, 6.000000000000000000 ) ) ;
#3244 = ADVANCED_FACE ( 'NONE', ( #7331 ), #716, .T. ) ;
#3245 = PRESENTATION_LAYER_ASSIGNMENT (  '', '', ( #2494 ) ) ;
#3246 = CARTESIAN_POINT ( 'NONE',  ( 5.800000000029099212, -2.799999999999999822, 5.400000000000000355 ) ) ;
#3247 = SURFACE_SIDE_STYLE ('',( #449 ) ) ;
#3248 = LINE ( 'NONE', #1134, #1229 ) ;
#3249 = SURFACE_SIDE_STYLE ('',( #1192 ) ) ;
#3250 = ADVANCED_FACE ( 'NONE', ( #3715 ), #5073, .F. ) ;
#3251 = SURFACE_STYLE_USAGE ( .BOTH. , #3992 ) ;
#3252 = CARTESIAN_POINT ( 'NONE',  ( -5.900000000029100633, -2.199999999979629361, 1.099999999999999423 ) ) ;
#3253 = EDGE_LOOP ( 'NONE', ( #172, #6316, #1625, #170 ) ) ;
#3254 =( LENGTH_UNIT ( ) NAMED_UNIT ( * ) SI_UNIT ( .MILLI., .METRE. ) );
#3255 = UNCERTAINTY_MEASURE_WITH_UNIT (LENGTH_MEASURE( 1.000000000000000082E-05 ), #5061, 'distance_accuracy_value', 'NONE');
#3256 = CARTESIAN_POINT ( 'NONE',  ( -5.954088753740116147, 2.312167334379926942, 1.093051007354423731 ) ) ;
#3257 = CARTESIAN_POINT ( 'NONE',  ( 5.957735026948062007, 2.257735026898592068, 1.042264973081037160 ) ) ;
#3258 = ORIENTED_EDGE ( 'NONE', *, *, #5148, .F. ) ;
#3259 = AXIS2_PLACEMENT_3D ( 'NONE', #2085, #719, #3632 ) ;
#3260 = EDGE_CURVE ( 'NONE', #1986, #6373, #1035, .T. ) ;
#3261 = EDGE_CURVE ( 'NONE', #1095, #2505, #3237, .T. ) ;
#3262 =( LENGTH_UNIT ( ) NAMED_UNIT ( * ) SI_UNIT ( .MILLI., .METRE. ) );
#3263 = CARTESIAN_POINT ( 'NONE',  ( -5.989442719129092652, -2.244721359529624038, 1.100000000000000089 ) ) ;
#3264 = VECTOR ( 'NONE', #4059, 1000.000000000000000 ) ;
#3265 = PRESENTATION_STYLE_ASSIGNMENT (( #2508 ) ) ;
#3266 =( GEOMETRIC_REPRESENTATION_CONTEXT ( 3 ) GLOBAL_UNCERTAINTY_ASSIGNED_CONTEXT ( ( #6288 ) ) GLOBAL_UNIT_ASSIGNED_CONTEXT ( ( #188, #144, #2258 ) ) REPRESENTATION_CONTEXT ( 'NONE', 'WORKASPACE' ) );
#3267 = SURFACE_STYLE_FILL_AREA ( #1208 ) ;
#3268 = LINE ( 'NONE', #6224, #7920 ) ;
#3269 = ORIENTED_EDGE ( 'NONE', *, *, #6824, .T. ) ;
#3270 = SURFACE_SIDE_STYLE ('',( #5280 ) ) ;
#3271 = APPLICATION_PROTOCOL_DEFINITION ( 'draft international standard', 'automotive_design', 1998, #2194 ) ;
#3272 = PRESENTATION_LAYER_ASSIGNMENT (  '', '', ( #4612 ) ) ;
#3273 = ORIENTED_EDGE ( 'NONE', *, *, #9244, .F. ) ;
#3274 = AXIS2_PLACEMENT_3D ( 'NONE', #6184, #7547, #4721 ) ;
#3275 = EDGE_LOOP ( 'NONE', ( #2387, #7985, #7700, #1926 ) ) ;
#3276 = EDGE_CURVE ( 'NONE', #3329, #7792, #8781, .T. ) ;
#3277 = EDGE_CURVE ( 'NONE', #8178, #5999, #2549, .T. ) ;
#3278 = CARTESIAN_POINT ( 'NONE',  ( -2.950000000000000178, 0.000000000000000000, 4.750000000000000000 ) ) ;
#3279 = AXIS2_PLACEMENT_3D ( 'NONE', #1685, #6062, #2445 ) ;
#3280 = CARTESIAN_POINT ( 'NONE',  ( 6.000000000029100278, -2.199999999979629806, 2.250000000000000444 ) ) ;
#3281 = UNCERTAINTY_MEASURE_WITH_UNIT (LENGTH_MEASURE( 1.000000000000000082E-05 ), #6002, 'distance_accuracy_value', 'NONE');
#3282 = AXIS2_PLACEMENT_3D ( 'NONE', #4546, #2746, #2036 ) ;
#3283 =( NAMED_UNIT ( * ) PLANE_ANGLE_UNIT ( ) SI_UNIT ( $, .RADIAN. ) );
#3284 = SURFACE_STYLE_FILL_AREA ( #6859 ) ;
#3285 = PRESENTATION_LAYER_ASSIGNMENT (  '', '', ( #1344 ) ) ;
#3286 =( GEOMETRIC_REPRESENTATION_CONTEXT ( 3 ) GLOBAL_UNCERTAINTY_ASSIGNED_CONTEXT ( ( #7789 ) ) GLOBAL_UNIT_ASSIGNED_CONTEXT ( ( #7343, #999, #2353 ) ) REPRESENTATION_CONTEXT ( 'NONE', 'WORKASPACE' ) );
#3287 = ORIENTED_EDGE ( 'NONE', *, *, #8864, .F. ) ;
#3288 = MECHANICAL_DESIGN_GEOMETRIC_PRESENTATION_REPRESENTATION (  '', ( #6592 ), #6287 ) ;
#3289 = FILL_AREA_STYLE_COLOUR ( '', #295 ) ;
#3290 = EDGE_LOOP ( 'NONE', ( #6855, #4630, #5755, #7696, #6281 ) ) ;
#3291 = STYLED_ITEM ( 'NONE', ( #9260 ), #2812 ) ;
#3292 = AXIS2_PLACEMENT_3D ( 'NONE', #8906, #3233, #8955 ) ;
#3293 = SURFACE_SIDE_STYLE ('',( #433 ) ) ;
#3294 = SURFACE_STYLE_FILL_AREA ( #6152 ) ;
#3295 = CARTESIAN_POINT ( 'NONE',  ( -3.117763191482009866, -2.099999999979630161, 2.250000000000000444 ) ) ;
#3296 = CARTESIAN_POINT ( 'NONE',  ( -1.199999999999999956, -8.800000000000000711, 4.750000000000000000 ) ) ;
#3297 = AXIS2_PLACEMENT_3D ( 'NONE', #3938, #4738, #2311 ) ;
#3298 = ORIENTED_EDGE ( 'NONE', *, *, #445, .F. ) ;
#3299 = FILL_AREA_STYLE_COLOUR ( '', #4306 ) ;
#3300 = CARTESIAN_POINT ( 'NONE',  ( 6.500000000000000888, 2.799999999999999822, 0.000000000000000000 ) ) ;
#3301 = CARTESIAN_POINT ( 'NONE',  ( 3.250000000000000444, -2.199999999979629806, 1.000000000000000000 ) ) ;
#3302 = STYLED_ITEM ( 'NONE', ( #4429 ), #2973 ) ;
#3303 = AXIS2_PLACEMENT_3D ( 'NONE', #8497, #9006, #1171 ) ;
#3304 = DIRECTION ( 'NONE',  ( -0.000000000000000000, 1.000000000000000000, 0.000000000000000000 ) ) ;
#3305 =( LENGTH_UNIT ( ) NAMED_UNIT ( * ) SI_UNIT ( .MILLI., .METRE. ) );
#3306 = DIRECTION ( 'NONE',  ( 5.163828021512360244E-16, 0.000000000000000000, 1.000000000000000000 ) ) ;
#3307 = CARTESIAN_POINT ( 'NONE',  ( 3.250000000000000888, -1.300690094324699952, 1.000000000000000000 ) ) ;
#3308 = PRESENTATION_STYLE_ASSIGNMENT (( #6114 ) ) ;
#3309 = DIRECTION ( 'NONE',  ( -0.5773502691896242878, -0.5773502691896242878, -0.5773502691896287287 ) ) ;
#3310 = ORIENTED_EDGE ( 'NONE', *, *, #4361, .F. ) ;
#3311 =( NAMED_UNIT ( * ) PLANE_ANGLE_UNIT ( ) SI_UNIT ( $, .RADIAN. ) );
#3312 = AXIS2_PLACEMENT_3D ( 'NONE', #740, #3739, #6621 ) ;
#3313 = CARTESIAN_POINT ( 'NONE',  ( -5.900000000000000355, 0.000000000000000000, 6.000000000000000000 ) ) ;
#3314 = AXIS2_PLACEMENT_3D ( 'NONE', #5185, #6702, #3038 ) ;
#3315 = EDGE_CURVE ( 'NONE', #8339, #9210, #619, .T. ) ;
#3316 = VERTEX_POINT ( 'NONE', #984 ) ;
#3317 = UNCERTAINTY_MEASURE_WITH_UNIT (LENGTH_MEASURE( 1.000000000000000082E-05 ), #7342, 'distance_accuracy_value', 'NONE');
#3318 = CARTESIAN_POINT ( 'NONE',  ( 3.250000000000000444, -0.2000000000000000111, 2.000000000000000000 ) ) ;
#3319 = PRESENTATION_STYLE_ASSIGNMENT (( #5418 ) ) ;
#3320 = LINE ( 'NONE', #3212, #4494 ) ;
#3321 = DIRECTION ( 'NONE',  ( 2.386506727942370021E-16, 1.000000000000000000, 0.000000000000000000 ) ) ;
#3322 =( LENGTH_UNIT ( ) NAMED_UNIT ( * ) SI_UNIT ( .MILLI., .METRE. ) );
#3323 = STYLED_ITEM ( 'NONE', ( #2756 ), #3719 ) ;
#3324 =( NAMED_UNIT ( * ) SI_UNIT ( $, .STERADIAN. ) SOLID_ANGLE_UNIT ( ) );
#3325 = EDGE_CURVE ( 'NONE', #5225, #6999, #8087, .T. ) ;
#3326 = ORIENTED_EDGE ( 'NONE', *, *, #5188, .T. ) ;
#3327 = SHAPE_DEFINITION_REPRESENTATION ( #6585, #6774 ) ;
#3328 = ORIENTED_EDGE ( 'NONE', *, *, #2578, .F. ) ;
#3329 = VERTEX_POINT ( 'NONE', #2808 ) ;
#3330 = UNCERTAINTY_MEASURE_WITH_UNIT (LENGTH_MEASURE( 1.000000000000000082E-05 ), #5444, 'distance_accuracy_value', 'NONE');
#3331 = CARTESIAN_POINT ( 'NONE',  ( -4.049999999999999822, 2.799999999999999822, 2.250000000000000444 ) ) ;
#3332 = SURFACE_STYLE_FILL_AREA ( #487 ) ;
#3333 = EDGE_CURVE ( 'NONE', #6208, #2761, #9152, .T. ) ;
#3334 = SURFACE_SIDE_STYLE ('',( #8210 ) ) ;
#3335 = EDGE_LOOP ( 'NONE', ( #7594, #14, #112, #5881 ) ) ;
#3336 = STYLED_ITEM ( 'NONE', ( #7807 ), #8421 ) ;
#3337 = CARTESIAN_POINT ( 'NONE',  ( 6.000000000029100278, -2.299999999979629894, 3.250000000000000444 ) ) ;
#3338 = ORIENTED_EDGE ( 'NONE', *, *, #5732, .T. ) ;
#3339 = PRESENTATION_STYLE_ASSIGNMENT (( #2019 ) ) ;
#3340 = DIRECTION ( 'NONE',  ( 0.000000000000000000, 0.000000000000000000, -1.000000000000000000 ) ) ;
#3341 = DIRECTION ( 'NONE',  ( -1.000000000000000000, 0.000000000000000000, 0.000000000000000000 ) ) ;
#3342 = CARTESIAN_POINT ( 'NONE',  ( -6.500000000000001776, 2.799999999999999822, 0.000000000000000000 ) ) ;
#3343 = VERTEX_POINT ( 'NONE', #3280 ) ;
#3344 = CARTESIAN_POINT ( 'NONE',  ( -6.000000000029100278, -2.200000000000000178, 0.000000000000000000 ) ) ;
#3345 = CARTESIAN_POINT ( 'NONE',  ( 3.649999999999999911, 2.050345047162350109, 1.000000000000000000 ) ) ;
#3346 = CARTESIAN_POINT ( 'NONE',  ( -1.824999999999999956, -2.199999999979629806, 1.100000000000000089 ) ) ;
#3347 = STYLED_ITEM ( 'NONE', ( #5638 ), #6091 ) ;
#3348 = PRESENTATION_STYLE_ASSIGNMENT (( #499 ) ) ;
#3349 = DIRECTION ( 'NONE',  ( 1.000000000000000000, 0.000000000000000000, -0.000000000000000000 ) ) ;
#3350 = SURFACE_STYLE_USAGE ( .BOTH. , #1983 ) ;
#3351 =( LENGTH_UNIT ( ) NAMED_UNIT ( * ) SI_UNIT ( .MILLI., .METRE. ) );
#3352 = VERTEX_POINT ( 'NONE', #6767 ) ;
#3353 = CARTESIAN_POINT ( 'NONE',  ( 6.008521061221450132, -2.203302719417256750, 5.461381300126911142 ) ) ;
#3354 = UNCERTAINTY_MEASURE_WITH_UNIT (LENGTH_MEASURE( 1.000000000000000082E-05 ), #8305, 'distance_accuracy_value', 'NONE');
#3355 = CARTESIAN_POINT ( 'NONE',  ( 5.957735026948062895, 2.257735026898591624, 1.042264973081036050 ) ) ;
#3356 = ORIENTED_EDGE ( 'NONE', *, *, #161, .F. ) ;
#3357 = AXIS2_PLACEMENT_3D ( 'NONE', #2931, #7914, #5650 ) ;
#3358 = FILL_AREA_STYLE ('',( #9188 ) ) ;
#3359 = DIRECTION ( 'NONE',  ( 1.000000000000000000, 0.000000000000000000, 0.000000000000000000 ) ) ;
#3360 = SURFACE_SIDE_STYLE ('',( #3267 ) ) ;
#3361 = MECHANICAL_DESIGN_GEOMETRIC_PRESENTATION_REPRESENTATION (  '', ( #8463 ), #2914 ) ;
#3362 = EDGE_CURVE ( 'NONE', #8193, #2319, #3927, .T. ) ;
#3363 = SURFACE_STYLE_USAGE ( .BOTH. , #1300 ) ;
#3364 = CARTESIAN_POINT ( 'NONE',  ( 3.000000000000000000, 0.000000000000000000, -3.000000000000000000 ) ) ;
#3365 = EDGE_LOOP ( 'NONE', ( #8863, #1568, #6792, #3328 ) ) ;
#3366 =( NAMED_UNIT ( * ) PLANE_ANGLE_UNIT ( ) SI_UNIT ( $, .RADIAN. ) );
#3367 = ORIENTED_EDGE ( 'NONE', *, *, #4482, .F. ) ;
#3368 = ORIENTED_EDGE ( 'NONE', *, *, #6868, .T. ) ;
#3369 = VECTOR ( 'NONE', #4220, 1000.000000000000000 ) ;
#3370 = AXIS2_PLACEMENT_3D ( 'NONE', #4552, #7418, #7997 ) ;
#3371 = EDGE_CURVE ( 'NONE', #4515, #9030, #3177, .T. ) ;
#3372 = UNCERTAINTY_MEASURE_WITH_UNIT (LENGTH_MEASURE( 1.000000000000000082E-05 ), #9045, 'distance_accuracy_value', 'NONE');
#3373 = UNCERTAINTY_MEASURE_WITH_UNIT (LENGTH_MEASURE( 1.000000000000000082E-05 ), #6956, 'distance_accuracy_value', 'NONE');
#3374 = ORIENTED_EDGE ( 'NONE', *, *, #5387, .F. ) ;
#3375 = EDGE_CURVE ( 'NONE', #3595, #8667, #8344, .T. ) ;
#3376 =( LENGTH_UNIT ( ) NAMED_UNIT ( * ) SI_UNIT ( .MILLI., .METRE. ) );
#3377 = SURFACE_STYLE_FILL_AREA ( #696 ) ;
#3378 =( NAMED_UNIT ( * ) PLANE_ANGLE_UNIT ( ) SI_UNIT ( $, .RADIAN. ) );
#3379 =( GEOMETRIC_REPRESENTATION_CONTEXT ( 3 ) GLOBAL_UNCERTAINTY_ASSIGNED_CONTEXT ( ( #4850 ) ) GLOBAL_UNIT_ASSIGNED_CONTEXT ( ( #9055, #3378, #1807 ) ) REPRESENTATION_CONTEXT ( 'NONE', 'WORKASPACE' ) );
#3380 = COLOUR_RGB ( '',0.2862745098039215508, 0.2862745098039215508, 0.2862745098039215508 ) ;
#3381 = ORIENTED_EDGE ( 'NONE', *, *, #6824, .F. ) ;
#3382 = FILL_AREA_STYLE_COLOUR ( '', #2461 ) ;
#3383 = ORIENTED_EDGE ( 'NONE', *, *, #4451, .T. ) ;
#3384 = DIRECTION ( 'NONE',  ( -0.000000000000000000, -1.000000000000000000, -0.000000000000000000 ) ) ;
#3385 = VECTOR ( 'NONE', #5816, 1000.000000000000114 ) ;
#3386 = EDGE_CURVE ( 'NONE', #236, #5092, #5698, .T. ) ;
#3387 = CIRCLE ( 'NONE', #5925, 0.1000000000000002554 ) ;
#3388 = CARTESIAN_POINT ( 'NONE',  ( 5.991030663955239532, 2.233062582872592738, 1.124905498140213789 ) ) ;
#3389 = PRESENTATION_STYLE_ASSIGNMENT (( #1232 ) ) ;
#3390 = LINE ( 'NONE', #9065, #4259 ) ;
#3391 =( LENGTH_UNIT ( ) NAMED_UNIT ( * ) SI_UNIT ( .MILLI., .METRE. ) );
#3392 =( BOUNDED_SURFACE ( )  B_SPLINE_SURFACE ( 3, 3, ( 
 ( #2680, #4931, #9262, #1916 ),
 ( #628, #2733, #7665, #2068 ),
 ( #8456, #2021, #6341, #6960 ),
 ( #4071, #577, #528, #3388 ) ),
 .UNSPECIFIED., .F., .F., .F. ) 
 B_SPLINE_SURFACE_WITH_KNOTS ( ( 4, 4 ),
 ( 4, 4 ),
 ( 0.000000000000000000, 1.000000000000000000 ),
 ( 0.000000000000000000, 1.000000000000000000 ),
 .UNSPECIFIED. ) 
 GEOMETRIC_REPRESENTATION_ITEM ( )  RATIONAL_B_SPLINE_SURFACE ( (
 ( 1.000000000000000000, 0.3333333333333256543, 0.3333333333333256543, 1.000000000000000000),
 ( 0.9245018060306355867, 0.3081672686768714420, 0.3081672686768714420, 0.9245018060306355867),
 ( 0.9245018060306355867, 0.3081672686768714420, 0.3081672686768714420, 0.9245018060306355867),
 ( 1.000000000000000000, 0.3333333333333256543, 0.3333333333333256543, 1.000000000000000000) ) ) 
 REPRESENTATION_ITEM ( '' )  SURFACE ( )  );
#3393 = ORIENTED_EDGE ( 'NONE', *, *, #4003, .F. ) ;
#3394 = COLOUR_RGB ( '',0.7450980392156862919, 0.7372549019607843590, 0.7294117647058823151 ) ;
#3395 = DIRECTION ( 'NONE',  ( 0.000000000000000000, 0.000000000000000000, 1.000000000000000000 ) ) ;
#3396 = DIRECTION ( 'NONE',  ( 0.000000000000000000, 0.000000000000000000, -1.000000000000000000 ) ) ;
#3397 = STYLED_ITEM ( 'NONE', ( #2745 ), #8051 ) ;
#3398 = CARTESIAN_POINT ( 'NONE',  ( -4.049999999999999822, -2.799999999999999822, 1.100000000000000089 ) ) ;
#3399 = ADVANCED_FACE ( 'NONE', ( #368 ), #2570, .F. ) ;
#3400 = CLOSED_SHELL ( 'NONE', ( #4052, #3605, #8991, #8673, #220, #8868, #7162, #1194, #8709, #7073, #4098, #1752, #5713, #5723, #757, #3498, #6376, #344, #6905, #1871, #4192, #785, #6537, #7596, #2110, #2942, #8730, #2929, #3244, #7570, #1642, #8823, #8200, #7220, #2237, #7561, #2556, #1745, #2069, #2277, #331, #2291, #8322, #7214, #1712, #8602, #6435, #7007, #2050, #4575, #82, #3953, #1377, #460, #515, #4886, #2813, #6056, #7334, #3855, #1479, #2861, #6473, #1385, #7863, #4391, #2619, #3668, #1845, #4683, #7582, #173, #5310, #1218, #6091, #3073, #2279, #7744, #233, #9235, #5288, #1265, #4749, #5614, #9189, #950, #7639, #2800, #4339, #7170, #3138, #4972, #1489, #3399, #394, #1299, #6280, #5568, #1370, #4590, #6880, #2919, #8892, #2701 ) ) ;
#3401 = PRESENTATION_STYLE_ASSIGNMENT (( #6971 ) ) ;
#3402 = AXIS2_PLACEMENT_3D ( 'NONE', #8597, #4357, #7272 ) ;
#3403 = LINE ( 'NONE', #8509, #7188 ) ;
#3404 =( LENGTH_UNIT ( ) NAMED_UNIT ( * ) SI_UNIT ( .MILLI., .METRE. ) );
#3405 = CARTESIAN_POINT ( 'NONE',  ( 5.900000000029099745, -2.199999999979629806, 5.400000000000000355 ) ) ;
#3406 = FACE_OUTER_BOUND ( 'NONE', #1787, .T. ) ;
#3407 = VERTEX_POINT ( 'NONE', #5662 ) ;
#3408 = CARTESIAN_POINT ( 'NONE',  ( 5.900000000029098857, -2.199999999979629806, 5.399999999999999467 ) ) ;
#3409 = FILL_AREA_STYLE_COLOUR ( '', #93 ) ;
#3410 = SURFACE_SIDE_STYLE ('',( #1206 ) ) ;
#3411 = SURFACE_SIDE_STYLE ('',( #2711 ) ) ;
#3412 = AXIS2_PLACEMENT_3D ( 'NONE', #8103, #3560, #2398 ) ;
#3413 = DIRECTION ( 'NONE',  ( 0.000000000000000000, -1.000000000000000000, -0.000000000000000000 ) ) ;
#3414 =( NAMED_UNIT ( * ) PLANE_ANGLE_UNIT ( ) SI_UNIT ( $, .RADIAN. ) );
#3415 = EDGE_LOOP ( 'NONE', ( #7134, #8503, #4379, #4696 ) ) ;
#3416 = LINE ( 'NONE', #1213, #5591 ) ;
#3417 = CONTEXT_DEPENDENT_SHAPE_REPRESENTATION ( #463, #3505 ) ;
#3418 = ORIENTED_EDGE ( 'NONE', *, *, #3877, .T. ) ;
#3419 = ORIENTED_EDGE ( 'NONE', *, *, #6315, .T. ) ;
#3420 = COLOUR_RGB ( '',0.7450980392156862919, 0.7372549019607843590, 0.7294117647058823151 ) ;
#3421 = COLOUR_RGB ( '',0.7450980392156862919, 0.7372549019607843590, 0.7294117647058823151 ) ;
#3422 = FILL_AREA_STYLE ('',( #7175 ) ) ;
#3423 = CARTESIAN_POINT ( 'NONE',  ( 3.250000000000000888, -2.799999999999999822, 2.250000000000000444 ) ) ;
#3424 = ORIENTED_EDGE ( 'NONE', *, *, #6491, .T. ) ;
#3425 = PLANE ( 'NONE',  #6704 ) ;
#3426 = VECTOR ( 'NONE', #6643, 1000.000000000000000 ) ;
#3427 =( NAMED_UNIT ( * ) PLANE_ANGLE_UNIT ( ) SI_UNIT ( $, .RADIAN. ) );
#3428 = ORIENTED_EDGE ( 'NONE', *, *, #2250, .F. ) ;
#3429 = CARTESIAN_POINT ( 'NONE',  ( -4.049999999999999822, -1.300690094324699952, 2.250000000000000444 ) ) ;
#3430 = ORIENTED_EDGE ( 'NONE', *, *, #4505, .F. ) ;
#3431 =( GEOMETRIC_REPRESENTATION_CONTEXT ( 3 ) GLOBAL_UNCERTAINTY_ASSIGNED_CONTEXT ( ( #659 ) ) GLOBAL_UNIT_ASSIGNED_CONTEXT ( ( #7372, #4503, #6634 ) ) REPRESENTATION_CONTEXT ( 'NONE', 'WORKASPACE' ) );
#3432 = LINE ( 'NONE', #6197, #8108 ) ;
#3433 = EDGE_CURVE ( 'NONE', #3152, #3069, #6285, .T. ) ;
#3434 = CYLINDRICAL_SURFACE ( 'NONE', #132, 0.5999999999999998668 ) ;
#3435 = EDGE_CURVE ( 'NONE', #5229, #9056, #1356, .T. ) ;
#3436 = STYLED_ITEM ( 'NONE', ( #674 ), #4098 ) ;
#3437 = SURFACE_STYLE_FILL_AREA ( #5677 ) ;
#3438 =( GEOMETRIC_REPRESENTATION_CONTEXT ( 3 ) GLOBAL_UNCERTAINTY_ASSIGNED_CONTEXT ( ( #4208 ) ) GLOBAL_UNIT_ASSIGNED_CONTEXT ( ( #828, #6701, #5851 ) ) REPRESENTATION_CONTEXT ( 'NONE', 'WORKASPACE' ) );
#3439 = CARTESIAN_POINT ( 'NONE',  ( -2.950000000014549872, -2.199999999979629806, 5.500000000000000888 ) ) ;
#3440 = VECTOR ( 'NONE', #298, 1000.000000000000000 ) ;
#3441 = SURFACE_STYLE_FILL_AREA ( #6395 ) ;
#3442 = EDGE_LOOP ( 'NONE', ( #4911, #1753, #4712, #8529 ) ) ;
#3443 = CARTESIAN_POINT ( 'NONE',  ( -3.250000000000000444, -1.300690094324699952, 1.000000000000000000 ) ) ;
#3444 = CARTESIAN_POINT ( 'NONE',  ( 3.249999999999999556, 2.299999999979629894, 0.000000000000000000 ) ) ;
#3445 = EDGE_CURVE ( 'NONE', #4531, #7299, #737, .T. ) ;
#3446 = SURFACE_SIDE_STYLE ('',( #6924 ) ) ;
#3447 = VERTEX_POINT ( 'NONE', #6330 ) ;
#3448 = VECTOR ( 'NONE', #3491, 1000.000000000000000 ) ;
#3449 = PLANE ( 'NONE',  #6142 ) ;
#3450 = COLOUR_RGB ( '',0.7450980392156862919, 0.7372549019607843590, 0.7294117647058823151 ) ;
#3451 = PLANE ( 'NONE',  #1183 ) ;
#3452 = DIRECTION ( 'NONE',  ( -1.000000000000000000, -0.000000000000000000, -0.000000000000000000 ) ) ;
#3453 = PLANE ( 'NONE',  #7353 ) ;
#3454 = FILL_AREA_STYLE_COLOUR ( '', #4702 ) ;
#3455 = CARTESIAN_POINT ( 'NONE',  ( 3.049999999999999822, -0.2000000000000000389, -3.000000000000000000 ) ) ;
#3456 = ORIENTED_EDGE ( 'NONE', *, *, #5886, .T. ) ;
#3457 = SURFACE_STYLE_FILL_AREA ( #6979 ) ;
#3458 = PRESENTATION_LAYER_ASSIGNMENT (  '', '', ( #4027 ) ) ;
#3459 = ADVANCED_FACE ( 'NONE', ( #1957 ), #756, .T. ) ;
#3460 = UNCERTAINTY_MEASURE_WITH_UNIT (LENGTH_MEASURE( 1.000000000000000082E-05 ), #2786, 'distance_accuracy_value', 'NONE');
#3461 = EDGE_CURVE ( 'NONE', #3069, #2319, #6617, .T. ) ;
#3462 =( LENGTH_UNIT ( ) NAMED_UNIT ( * ) SI_UNIT ( .MILLI., .METRE. ) );
#3463 = VECTOR ( 'NONE', #3797, 1000.000000000000000 ) ;
#3464 = ORIENTED_EDGE ( 'NONE', *, *, #5678, .T. ) ;
#3465 = FILL_AREA_STYLE ('',( #9091 ) ) ;
#3466 = CARTESIAN_POINT ( 'NONE',  ( -6.500000000000000888, 2.200000000000000178, 6.000000000000000000 ) ) ;
#3467 = FILL_AREA_STYLE_COLOUR ( '', #4883 ) ;
#3468 = VECTOR ( 'NONE', #5854, 1000.000000000000000 ) ;
#3469 = CARTESIAN_POINT ( 'NONE',  ( -3.250000000000000444, -2.299999999979629894, 0.000000000000000000 ) ) ;
#3470 = CARTESIAN_POINT ( 'NONE',  ( -5.900000000000000355, 1.399999999999999911, 5.400000000000000355 ) ) ;
#3471 = ORIENTED_EDGE ( 'NONE', *, *, #3362, .T. ) ;
#3472 = EDGE_CURVE ( 'NONE', #2664, #9030, #5048, .T. ) ;
#3473 = DIRECTION ( 'NONE',  ( -1.193253363971189941E-16, -1.000000000000000000, 0.000000000000000000 ) ) ;
#3474 = AXIS2_PLACEMENT_3D ( 'NONE', #830, #3698, #6573 ) ;
#3475 = ITEM_DEFINED_TRANSFORMATION ( 'NONE', 'NONE', #4013,  #5962 ) ;
#3476 = ORIENTED_EDGE ( 'NONE', *, *, #1217, .T. ) ;
#3477 = ORIENTED_EDGE ( 'NONE', *, *, #5363, .T. ) ;
#3478 = DIRECTION ( 'NONE',  ( -0.000000000000000000, -0.000000000000000000, -1.000000000000000000 ) ) ;
#3479 = AXIS2_PLACEMENT_3D ( 'NONE', #783, #7356, #5139 ) ;
#3480 = UNCERTAINTY_MEASURE_WITH_UNIT (LENGTH_MEASURE( 1.000000000000000082E-05 ), #9031, 'distance_accuracy_value', 'NONE');
#3481 = UNCERTAINTY_MEASURE_WITH_UNIT (LENGTH_MEASURE( 1.000000000000000082E-05 ), #4874, 'distance_accuracy_value', 'NONE');
#3482 = ORIENTED_EDGE ( 'NONE', *, *, #183, .F. ) ;
#3483 = DIRECTION ( 'NONE',  ( -0.000000000000000000, 0.000000000000000000, -1.000000000000000000 ) ) ;
#3484 = CARTESIAN_POINT ( 'NONE',  ( -5.800000000029100100, -2.799999999999999822, 2.250000000000000444 ) ) ;
#3485 = ORIENTED_EDGE ( 'NONE', *, *, #8810, .F. ) ;
#3486 = FACE_OUTER_BOUND ( 'NONE', #8934, .T. ) ;
#3487 = PRESENTATION_LAYER_ASSIGNMENT (  '', '', ( #3323 ) ) ;
#3488 = EDGE_LOOP ( 'NONE', ( #4969, #6009, #1158, #8752, #6440, #2079, #4782, #8694 ) ) ;
#3489 = CARTESIAN_POINT ( 'NONE',  ( -3.250000000000000444, -2.799999999999999822, 1.000000000000000000 ) ) ;
#3490 = LINE ( 'NONE', #7705, #457 ) ;
#3491 = DIRECTION ( 'NONE',  ( 0.000000000000000000, 0.000000000000000000, -1.000000000000000000 ) ) ;
#3492 =( NAMED_UNIT ( * ) SI_UNIT ( $, .STERADIAN. ) SOLID_ANGLE_UNIT ( ) );
#3493 = VECTOR ( 'NONE', #7815, 1000.000000000000000 ) ;
#3494 = CIRCLE ( 'NONE', #330, 0.1000000000000002831 ) ;
#3495 = SURFACE_SIDE_STYLE ('',( #1234 ) ) ;
#3496 = VERTEX_POINT ( 'NONE', #175 ) ;
#3497 = DIRECTION ( 'NONE',  ( 0.000000000000000000, 0.000000000000000000, -1.000000000000000000 ) ) ;
#3498 = ADVANCED_FACE ( 'NONE', ( #262 ), #4441, .F. ) ;
#3499 = LINE ( 'NONE', #3444, #5879 ) ;
#3500 = DIRECTION ( 'NONE',  ( -3.175210755296170372E-16, 2.222647528707319063E-16, -1.000000000000000000 ) ) ;
#3501 = CARTESIAN_POINT ( 'NONE',  ( 0.000000000000000000, -2.299999999979629894, 2.250000000000000444 ) ) ;
#3502 = VERTEX_POINT ( 'NONE', #5941 ) ;
#3503 = SURFACE_SIDE_STYLE ('',( #5078 ) ) ;
#3504 = CARTESIAN_POINT ( 'NONE',  ( 5.900000000029100633, -2.244721359529625815, 1.010557280900008292 ) ) ;
#3505 = PRODUCT_DEFINITION_SHAPE ( 'NONE', 'NONE',  #9306 ) ;
#3506 =( GEOMETRIC_REPRESENTATION_CONTEXT ( 3 ) GLOBAL_UNCERTAINTY_ASSIGNED_CONTEXT ( ( #977 ) ) GLOBAL_UNIT_ASSIGNED_CONTEXT ( ( #1396, #8024, #8582 ) ) REPRESENTATION_CONTEXT ( 'NONE', 'WORKASPACE' ) );
#3507 = SURFACE_STYLE_FILL_AREA ( #1473 ) ;
#3508 =( NAMED_UNIT ( * ) PLANE_ANGLE_UNIT ( ) SI_UNIT ( $, .RADIAN. ) );
#3509 = FACE_OUTER_BOUND ( 'NONE', #4337, .T. ) ;
#3510 = VERTEX_POINT ( 'NONE', #7402 ) ;
#3511 = CARTESIAN_POINT ( 'NONE',  ( -4.049999999999999822, 1.300690094324699730, 1.000000000000000000 ) ) ;
#3512 = CONTEXT_DEPENDENT_SHAPE_REPRESENTATION ( #5239, #5140 ) ;
#3513 = MECHANICAL_DESIGN_GEOMETRIC_PRESENTATION_REPRESENTATION (  '', ( #1101 ), #6968 ) ;
#3514 = ORIENTED_EDGE ( 'NONE', *, *, #8821, .F. ) ;
#3515 = VERTEX_POINT ( 'NONE', #8797 ) ;
#3516 = MECHANICAL_DESIGN_GEOMETRIC_PRESENTATION_REPRESENTATION (  '', ( #7562 ), #8171 ) ;
#3517 = CARTESIAN_POINT ( 'NONE',  ( -2.950000000000000178, 0.000000000000000000, 4.750000000000000000 ) ) ;
#3518 = AXIS2_PLACEMENT_3D ( 'NONE', #1935, #8423, #1195 ) ;
#3519 = VECTOR ( 'NONE', #3768, 1000.000000000000000 ) ;
#3520 = CARTESIAN_POINT ( 'NONE',  ( -0.8500000000000004219, -8.300000000000000711, 4.750000000000000000 ) ) ;
#3521 = CARTESIAN_POINT ( 'NONE',  ( 5.900086743521481658, -2.299999999989815080, 5.126379046881691437 ) ) ;
#3522 = SURFACE_STYLE_FILL_AREA ( #2867 ) ;
#3523 = PRESENTATION_LAYER_ASSIGNMENT (  '', '', ( #7562 ) ) ;
#3524 = CARTESIAN_POINT ( 'NONE',  ( 5.900086743521505639, -2.799999999999999822, 5.126379046881682555 ) ) ;
#3525 = ORIENTED_EDGE ( 'NONE', *, *, #7137, .T. ) ;
#3526 = AXIS2_PLACEMENT_3D ( 'NONE', #3616, #5629, #6488 ) ;
#3527 = CARTESIAN_POINT ( 'NONE',  ( -3.117763191482009866, -2.099999999979630161, 3.008881595726450087 ) ) ;
#3528 = DIRECTION ( 'NONE',  ( 0.000000000000000000, 0.000000000000000000, -1.000000000000000000 ) ) ;
#3529 = MECHANICAL_DESIGN_GEOMETRIC_PRESENTATION_REPRESENTATION (  '', ( #5467 ), #1427 ) ;
#3530 = PLANE ( 'NONE',  #2107 ) ;
#3531 = FILL_AREA_STYLE_COLOUR ( '', #5756 ) ;
#3532 = ORIENTED_EDGE ( 'NONE', *, *, #9255, .T. ) ;
#3533 = PRESENTATION_STYLE_ASSIGNMENT (( #3584 ) ) ;
#3534 = LINE ( 'NONE', #5067, #7434 ) ;
#3535 =( GEOMETRIC_REPRESENTATION_CONTEXT ( 3 ) GLOBAL_UNCERTAINTY_ASSIGNED_CONTEXT ( ( #4653 ) ) GLOBAL_UNIT_ASSIGNED_CONTEXT ( ( #421, #3283, #8189 ) ) REPRESENTATION_CONTEXT ( 'NONE', 'WORKASPACE' ) );
#3536 = VECTOR ( 'NONE', #4124, 1000.000000000000000 ) ;
#3537 = EDGE_CURVE ( 'NONE', #3407, #8914, #2322, .T. ) ;
#3538 = EDGE_CURVE ( 'NONE', #1533, #4924, #8128, .T. ) ;
#3539 = DIRECTION ( 'NONE',  ( -1.000000000000000000, -0.000000000000000000, 0.000000000000000000 ) ) ;
#3540 = FILL_AREA_STYLE_COLOUR ( '', #5552 ) ;
#3541 = CARTESIAN_POINT ( 'NONE',  ( 0.000000000000000000, -2.299999999979629894, 2.250000000000000444 ) ) ;
#3542 = LINE ( 'NONE', #7019, #6086 ) ;
#3543 = ORIENTED_EDGE ( 'NONE', *, *, #7088, .F. ) ;
#3544 = CARTESIAN_POINT ( 'NONE',  ( 5.904368729029563667, -2.248839264927096959, 5.493309800894468076 ) ) ;
#3545 = UNCERTAINTY_MEASURE_WITH_UNIT (LENGTH_MEASURE( 1.000000000000000082E-05 ), #8000, 'distance_accuracy_value', 'NONE');
#3546 = LINE ( 'NONE', #7867, #49 ) ;
#3547 = EDGE_LOOP ( 'NONE', ( #2972, #1937, #2569, #7681 ) ) ;
#3548 = STYLED_ITEM ( 'NONE', ( #7907 ), #1281 ) ;
#3549 = CIRCLE ( 'NONE', #2040, 0.1000000000000000472 ) ;
#3550 = EDGE_CURVE ( 'NONE', #1944, #8543, #5853, .T. ) ;
#3551 = EDGE_CURVE ( 'NONE', #3975, #2771, #8071, .T. ) ;
#3552 = DIRECTION ( 'NONE',  ( 0.8192319205190408127, 0.5734623443633279916, -3.875838667619849496E-16 ) ) ;
#3553 = CARTESIAN_POINT ( 'NONE',  ( 5.900000000029099745, 2.199999999979629806, 0.000000000000000000 ) ) ;
#3554 = CARTESIAN_POINT ( 'NONE',  ( 5.957735026948062007, -2.257735026898592068, 1.042264973081037382 ) ) ;
#3555 = DIRECTION ( 'NONE',  ( 0.000000000000000000, 0.000000000000000000, -1.000000000000000000 ) ) ;
#3556 =( NAMED_UNIT ( * ) PLANE_ANGLE_UNIT ( ) SI_UNIT ( $, .RADIAN. ) );
#3557 = COLOUR_RGB ( '',0.7450980392156862919, 0.7372549019607843590, 0.7294117647058823151 ) ;
#3558 = SURFACE_STYLE_FILL_AREA ( #4245 ) ;
#3559 = CARTESIAN_POINT ( 'NONE',  ( -5.799191034166415015, 2.357966438283593202, 5.442030276237607822 ) ) ;
#3560 = DIRECTION ( 'NONE',  ( -1.000000000000000000, 0.000000000000000000, 0.000000000000000000 ) ) ;
#3561 = VERTEX_POINT ( 'NONE', #2364 ) ;
#3562 = COLOUR_RGB ( '',0.7450980392156862919, 0.7372549019607843590, 0.7294117647058823151 ) ;
#3563 = FACE_OUTER_BOUND ( 'NONE', #70, .T. ) ;
#3564 = MECHANICAL_DESIGN_GEOMETRIC_PRESENTATION_REPRESENTATION (  '', ( #567 ), #1304 ) ;
#3565 = EDGE_CURVE ( 'NONE', #3352, #4161, #8126, .T. ) ;
#3566 = ORIENTED_EDGE ( 'NONE', *, *, #7580, .F. ) ;
#3567 = VERTEX_POINT ( 'NONE', #5096 ) ;
#3568 = SURFACE_STYLE_USAGE ( .BOTH. , #5576 ) ;
#3569 = UNCERTAINTY_MEASURE_WITH_UNIT (LENGTH_MEASURE( 1.000000000000000082E-05 ), #6268, 'distance_accuracy_value', 'NONE');
#3570 = LINE ( 'NONE', #8675, #1789 ) ;
#3571 = SURFACE_SIDE_STYLE ('',( #3377 ) ) ;
#3572 = ORIENTED_EDGE ( 'NONE', *, *, #1583, .T. ) ;
#3573 = EDGE_CURVE ( 'NONE', #2451, #1896, #4489, .T. ) ;
#3574 = FILL_AREA_STYLE_COLOUR ( '', #3670 ) ;
#3575 = ORIENTED_EDGE ( 'NONE', *, *, #2753, .T. ) ;
#3576 = VECTOR ( 'NONE', #8504, 1000.000000000000000 ) ;
#3577 = CARTESIAN_POINT ( 'NONE',  ( -5.900000000029099745, -2.199999999979629806, 5.400000000000000355 ) ) ;
#3578 = COLOUR_RGB ( '',0.8313725490196077761, 0.8313725490196077761, 0.8313725490196077761 ) ;
#3579 = CYLINDRICAL_SURFACE ( 'NONE', #4894, 0.9221700196400074434 ) ;
#3580 = DIRECTION ( 'NONE',  ( 1.000000000000000000, 0.000000000000000000, 0.000000000000000000 ) ) ;
#3581 = LINE ( 'NONE', #7901, #3385 ) ;
#3582 = FILL_AREA_STYLE_COLOUR ( '', #7378 ) ;
#3583 = ORIENTED_EDGE ( 'NONE', *, *, #356, .F. ) ;
#3584 = SURFACE_STYLE_USAGE ( .BOTH. , #7151 ) ;
#3585 = DIRECTION ( 'NONE',  ( 0.000000000000000000, 0.000000000000000000, -1.000000000000000000 ) ) ;
#3586 = VERTEX_POINT ( 'NONE', #7217 ) ;
#3587 = PRESENTATION_LAYER_ASSIGNMENT (  '', '', ( #7633 ) ) ;
#3588 =( NAMED_UNIT ( * ) SI_UNIT ( $, .STERADIAN. ) SOLID_ANGLE_UNIT ( ) );
#3589 =( NAMED_UNIT ( * ) PLANE_ANGLE_UNIT ( ) SI_UNIT ( $, .RADIAN. ) );
#3590 = CARTESIAN_POINT ( 'NONE',  ( 3.250000000000000444, 1.300690094324699730, 1.000000000000000000 ) ) ;
#3591 =( NAMED_UNIT ( * ) SI_UNIT ( $, .STERADIAN. ) SOLID_ANGLE_UNIT ( ) );
#3592 = CARTESIAN_POINT ( 'NONE',  ( -6.000000000029100278, 2.799999999999999822, 3.442489127153390172 ) ) ;
#3593 = CARTESIAN_POINT ( 'NONE',  ( -3.250000000000000444, 0.1000000000000000056, -2.799999999999999378 ) ) ;
#3594 = COLOUR_RGB ( '',0.7294117647058823151, 0.5176470588235293491, 0.3058823529411764941 ) ;
#3595 = VERTEX_POINT ( 'NONE', #3651 ) ;
#3596 = FACE_OUTER_BOUND ( 'NONE', #6295, .T. ) ;
#3597 = VERTEX_POINT ( 'NONE', #1527 ) ;
#3598 = PRESENTATION_LAYER_ASSIGNMENT (  '', '', ( #2376 ) ) ;
#3599 = LINE ( 'NONE', #2978, #5523 ) ;
#3600 = STYLED_ITEM ( 'NONE', ( #2632 ), #2800 ) ;
#3601 =( GEOMETRIC_REPRESENTATION_CONTEXT ( 3 ) GLOBAL_UNCERTAINTY_ASSIGNED_CONTEXT ( ( #4105 ) ) GLOBAL_UNIT_ASSIGNED_CONTEXT ( ( #4114, #6865, #9110 ) ) REPRESENTATION_CONTEXT ( 'NONE', 'WORKASPACE' ) );
#3602 = SURFACE_STYLE_FILL_AREA ( #4198 ) ;
#3603 = VECTOR ( 'NONE', #4218, 1000.000000000000000 ) ;
#3604 = ORIENTED_EDGE ( 'NONE', *, *, #1992, .T. ) ;
#3605 = ADVANCED_FACE ( 'NONE', ( #75 ), #2949, .T. ) ;
#3606 = ORIENTED_EDGE ( 'NONE', *, *, #6353, .T. ) ;
#3607 = ORIENTED_EDGE ( 'NONE', *, *, #6134, .F. ) ;
#3608 = MECHANICAL_DESIGN_GEOMETRIC_PRESENTATION_REPRESENTATION (  '', ( #6762 ), #1496 ) ;
#3609 = PLANE ( 'NONE',  #5693 ) ;
#3610 = VECTOR ( 'NONE', #3483, 1000.000000000000000 ) ;
#3611 = ADVANCED_FACE ( 'NONE', ( #1205 ), #4674, .F. ) ;
#3612 = COLOUR_RGB ( '',0.7450980392156862919, 0.7372549019607843590, 0.7294117647058823151 ) ;
#3613 = CARTESIAN_POINT ( 'NONE',  ( -5.875094501888884047, -2.233062582872593627, 1.008969336073859857 ) ) ;
#3614 = LINE ( 'NONE', #3656, #8348 ) ;
#3615 = VERTEX_POINT ( 'NONE', #8891 ) ;
#3616 = CARTESIAN_POINT ( 'NONE',  ( -5.900000000029099745, -2.200000000000000178, 5.400000000000000355 ) ) ;
#3617 = ORIENTED_EDGE ( 'NONE', *, *, #927, .F. ) ;
#3618 = DIRECTION ( 'NONE',  ( 0.000000000000000000, 0.000000000000000000, -1.000000000000000000 ) ) ;
#3619 = CARTESIAN_POINT ( 'NONE',  ( -5.904368729029564555, 2.248839264927096959, 1.006690199105533035 ) ) ;
#3620 = EDGE_CURVE ( 'NONE', #5023, #5561, #6008, .T. ) ;
#3621 = DIRECTION ( 'NONE',  ( 0.000000000000000000, 0.000000000000000000, -1.000000000000000000 ) ) ;
#3622 = SURFACE_STYLE_USAGE ( .BOTH. , #2963 ) ;
#3623 = VERTEX_POINT ( 'NONE', #510 ) ;
#3624 = VECTOR ( 'NONE', #9237, 1000.000000000000114 ) ;
#3625 = LINE ( 'NONE', #7113, #3576 ) ;
#3626 = CARTESIAN_POINT ( 'NONE',  ( 5.900086743527171329, 2.799999999999999822, 5.126379046879570467 ) ) ;
#3627 = ORIENTED_EDGE ( 'NONE', *, *, #1855, .F. ) ;
#3628 =( NAMED_UNIT ( * ) SI_UNIT ( $, .STERADIAN. ) SOLID_ANGLE_UNIT ( ) );
#3629 = FILL_AREA_STYLE ('',( #763 ) ) ;
#3630 = FACE_OUTER_BOUND ( 'NONE', #5623, .T. ) ;
#3631 = CARTESIAN_POINT ( 'NONE',  ( 6.000000000029100278, -2.199999999979629806, 0.000000000000000000 ) ) ;
#3632 = DIRECTION ( 'NONE',  ( 0.000000000000000000, 0.000000000000000000, 1.000000000000000000 ) ) ;
#3633 = ORIENTED_EDGE ( 'NONE', *, *, #4980, .T. ) ;
#3634 = DIRECTION ( 'NONE',  ( 0.000000000000000000, 1.000000000000000000, 0.000000000000000000 ) ) ;
#3635 = DIRECTION ( 'NONE',  ( 0.000000000000000000, 0.000000000000000000, -1.000000000000000000 ) ) ;
#3636 = VECTOR ( 'NONE', #2878, 1000.000000000000000 ) ;
#3637 = FILL_AREA_STYLE ('',( #769 ) ) ;
#3638 = CARTESIAN_POINT ( 'NONE',  ( 3.117763191479100193, -2.099999999979630161, 4.917763191452909410 ) ) ;
#3639 = LINE ( 'NONE', #7293, #1509 ) ;
#3640 = SURFACE_SIDE_STYLE ('',( #3507 ) ) ;
#3641 = MECHANICAL_DESIGN_GEOMETRIC_PRESENTATION_REPRESENTATION (  '', ( #657 ), #6499 ) ;
#3642 = CARTESIAN_POINT ( 'NONE',  ( 6.000000000029100278, -2.199999999979629806, 2.250000000000000444 ) ) ;
#3643 = SURFACE_STYLE_USAGE ( .BOTH. , #1392 ) ;
#3644 = VERTEX_POINT ( 'NONE', #3263 ) ;
#3645 = VERTEX_POINT ( 'NONE', #2458 ) ;
#3646 = STYLED_ITEM ( 'NONE', ( #3308 ), #344 ) ;
#3647 = ORIENTED_EDGE ( 'NONE', *, *, #726, .F. ) ;
#3648 = VECTOR ( 'NONE', #5345, 1000.000000000000114 ) ;
#3649 = ORIENTED_EDGE ( 'NONE', *, *, #3362, .F. ) ;
#3650 = DIRECTION ( 'NONE',  ( 0.000000000000000000, 1.000000000000000000, -0.000000000000000000 ) ) ;
#3651 = CARTESIAN_POINT ( 'NONE',  ( -0.2500000000000000000, 0.2000000000000000111, 2.000000000000000000 ) ) ;
#3652 = PRODUCT_DEFINITION_SHAPE ( 'NONE', 'NONE',  #8246 ) ;
#3653 = EDGE_CURVE ( 'NONE', #6336, #2418, #6124, .T. ) ;
#3654 = PRESENTATION_STYLE_ASSIGNMENT (( #5714 ) ) ;
#3655 = AXIS2_PLACEMENT_3D ( 'NONE', #4993, #7160, #3635 ) ;
#3656 = CARTESIAN_POINT ( 'NONE',  ( 6.000000000029100278, 2.299999999979629894, 0.000000000000000000 ) ) ;
#3657 = CARTESIAN_POINT ( 'NONE',  ( 4.049999999999999822, 1.300690094324699730, 2.250000000000000444 ) ) ;
#3658 = ORIENTED_EDGE ( 'NONE', *, *, #4520, .T. ) ;
#3659 = EDGE_LOOP ( 'NONE', ( #4960, #3015, #1203, #5706, #7894, #6438, #1953, #5045, #3456, #3957, #4212, #2985, #2064, #7364, #5284, #3326, #6182, #3911, #6328, #5574, #8022, #892, #9270, #9087, #4619, #6533 ) ) ;
#3660 = SURFACE_STYLE_FILL_AREA ( #6390 ) ;
#3661 =( NAMED_UNIT ( * ) PLANE_ANGLE_UNIT ( ) SI_UNIT ( $, .RADIAN. ) );
#3662 = SURFACE_STYLE_USAGE ( .BOTH. , #4266 ) ;
#3663 = SURFACE_STYLE_FILL_AREA ( #43 ) ;
#3664 = CARTESIAN_POINT ( 'NONE',  ( -5.875094501888885823, -2.233062582872590518, 5.491030663926141919 ) ) ;
#3665 = ORIENTED_EDGE ( 'NONE', *, *, #5719, .F. ) ;
#3666 = LINE ( 'NONE', #8088, #8661 ) ;
#3667 = PRESENTATION_STYLE_ASSIGNMENT (( #2882 ) ) ;
#3668 = ADVANCED_FACE ( 'NONE', ( #7588 ), #8987, .F. ) ;
#3669 = EDGE_CURVE ( 'NONE', #793, #8266, #2656, .T. ) ;
#3670 = COLOUR_RGB ( '',0.7450980392156862919, 0.7372549019607843590, 0.7294117647058823151 ) ;
#3671 = FILL_AREA_STYLE_COLOUR ( '', #74 ) ;
#3672 = FILL_AREA_STYLE ('',( #5773 ) ) ;
#3673 = CARTESIAN_POINT ( 'NONE',  ( -5.900000000029099745, -2.199999999979629806, 2.250000000000000444 ) ) ;
#3674 = DIRECTION ( 'NONE',  ( 0.000000000000000000, -0.000000000000000000, -1.000000000000000000 ) ) ;
#3675 = CARTESIAN_POINT ( 'NONE',  ( -5.900000000029100633, 2.244721359529625815, 1.010557280900008514 ) ) ;
#3676 = VERTEX_POINT ( 'NONE', #7079 ) ;
#3677 = SURFACE_STYLE_USAGE ( .BOTH. , #2182 ) ;
#3678 = CIRCLE ( 'NONE', #972, 0.1000000000000000472 ) ;
#3679 = LINE ( 'NONE', #5125, #8302 ) ;
#3680 = VECTOR ( 'NONE', #5104, 1000.000000000000000 ) ;
#3681 = COLOUR_RGB ( '',0.8313725490196077761, 0.8313725490196077761, 0.8313725490196077761 ) ;
#3682 = FACE_OUTER_BOUND ( 'NONE', #7835, .T. ) ;
#3683 = CARTESIAN_POINT ( 'NONE',  ( -5.981304907480781807, -2.257735026898592512, 5.434165146386241041 ) ) ;
#3684 = MECHANICAL_DESIGN_GEOMETRIC_PRESENTATION_REPRESENTATION (  '', ( #6077 ), #1128 ) ;
#3685 = LINE ( 'NONE', #5222, #4817 ) ;
#3686 = CARTESIAN_POINT ( 'NONE',  ( 6.000000000029100278, -2.799999999999999822, 3.442489127153390172 ) ) ;
#3687 = CIRCLE ( 'NONE', #1572, 0.1000000000000000472 ) ;
#3688 = DIRECTION ( 'NONE',  ( 0.000000000000000000, 0.000000000000000000, 1.000000000000000000 ) ) ;
#3689 = ORIENTED_EDGE ( 'NONE', *, *, #5760, .T. ) ;
#3690 = CARTESIAN_POINT ( 'NONE',  ( -5.903302719466728909, 2.261381300106537040, 5.508521061192352519 ) ) ;
#3691 = ORIENTED_EDGE ( 'NONE', *, *, #7051, .F. ) ;
#3692 = CARTESIAN_POINT ( 'NONE',  ( 6.000000000029100278, -2.799999999999999822, 3.442489127153390616 ) ) ;
#3693 = PRESENTATION_STYLE_ASSIGNMENT (( #5707 ) ) ;
#3694 = STYLED_ITEM ( 'NONE', ( #3401 ), #1265 ) ;
#3695 = ORIENTED_EDGE ( 'NONE', *, *, #3472, .T. ) ;
#3696 = ORIENTED_EDGE ( 'NONE', *, *, #2236, .T. ) ;
#3697 =( NAMED_UNIT ( * ) PLANE_ANGLE_UNIT ( ) SI_UNIT ( $, .RADIAN. ) );
#3698 = DIRECTION ( 'NONE',  ( -0.000000000000000000, 1.000000000000000000, -0.000000000000000000 ) ) ;
#3699 = VECTOR ( 'NONE', #2425, 1000.000000000000000 ) ;
#3700 = CARTESIAN_POINT ( 'NONE',  ( -0.5000000000000005551, -8.800000000000000711, 4.750000000000000888 ) ) ;
#3701 = LINE ( 'NONE', #4349, #2901 ) ;
#3702 = DIRECTION ( 'NONE',  ( 1.000000000000000000, 2.386506727942370021E-16, 0.000000000000000000 ) ) ;
#3703 = ORIENTED_EDGE ( 'NONE', *, *, #2250, .T. ) ;
#3704 = ORIENTED_EDGE ( 'NONE', *, *, #8140, .T. ) ;
#3705 =( GEOMETRIC_REPRESENTATION_CONTEXT ( 3 ) GLOBAL_UNCERTAINTY_ASSIGNED_CONTEXT ( ( #6074 ) ) GLOBAL_UNIT_ASSIGNED_CONTEXT ( ( #7645, #2100, #2046 ) ) REPRESENTATION_CONTEXT ( 'NONE', 'WORKASPACE' ) );
#3706 = UNCERTAINTY_MEASURE_WITH_UNIT (LENGTH_MEASURE( 1.000000000000000082E-05 ), #1833, 'distance_accuracy_value', 'NONE');
#3707 = FACE_OUTER_BOUND ( 'NONE', #7458, .T. ) ;
#3708 =( LENGTH_UNIT ( ) NAMED_UNIT ( * ) SI_UNIT ( .MILLI., .METRE. ) );
#3709 = CYLINDRICAL_SURFACE ( 'NONE', #3826, 0.1000000000000002554 ) ;
#3710 = SURFACE_SIDE_STYLE ('',( #2965 ) ) ;
#3711 = EDGE_CURVE ( 'NONE', #7785, #970, #553, .T. ) ;
#3712 =( GEOMETRIC_REPRESENTATION_CONTEXT ( 3 ) GLOBAL_UNCERTAINTY_ASSIGNED_CONTEXT ( ( #485 ) ) GLOBAL_UNIT_ASSIGNED_CONTEXT ( ( #7984, #5147, #8762 ) ) REPRESENTATION_CONTEXT ( 'NONE', 'WORKASPACE' ) );
#3713 = DIRECTION ( 'NONE',  ( -0.7071067811865475727, 0.000000000000000000, -0.7071067811865475727 ) ) ;
#3714 = VECTOR ( 'NONE', #8013, 1000.000000000000000 ) ;
#3715 = FACE_OUTER_BOUND ( 'NONE', #3275, .T. ) ;
#3716 =( LENGTH_UNIT ( ) NAMED_UNIT ( * ) SI_UNIT ( .MILLI., .METRE. ) );
#3717 =( LENGTH_UNIT ( ) NAMED_UNIT ( * ) SI_UNIT ( .MILLI., .METRE. ) );
#3718 = DIRECTION ( 'NONE',  ( 1.000000000000000000, 0.000000000000000000, 0.000000000000000000 ) ) ;
#3719 = ADVANCED_FACE ( 'NONE', ( #8383 ), #2709, .F. ) ;
#3720 = ORIENTED_EDGE ( 'NONE', *, *, #4595, .T. ) ;
#3721 = CARTESIAN_POINT ( 'NONE',  ( -5.800000000029099212, 2.200000000000000178, 6.000000000000000000 ) ) ;
#3722 = DIRECTION ( 'NONE',  ( -0.000000000000000000, 1.000000000000000000, 0.000000000000000000 ) ) ;
#3723 = SURFACE_STYLE_USAGE ( .BOTH. , #5786 ) ;
#3724 = CARTESIAN_POINT ( 'NONE',  ( -2.600000000000000533, -8.800000000000000711, 4.750000000000000888 ) ) ;
#3725 = LINE ( 'NONE', #5981, #1484 ) ;
#3726 = CARTESIAN_POINT ( 'NONE',  ( -5.900000000029099745, -2.244721359529625371, 1.010557280900008514 ) ) ;
#3727 = CARTESIAN_POINT ( 'NONE',  ( -3.250000000000000444, 1.300690094324699952, 0.5000000000000000000 ) ) ;
#3728 = EDGE_CURVE ( 'NONE', #2195, #3329, #5606, .T. ) ;
#3729 = ORIENTED_EDGE ( 'NONE', *, *, #4595, .F. ) ;
#3730 = VECTOR ( 'NONE', #6927, 1000.000000000000000 ) ;
#3731 = FILL_AREA_STYLE ('',( #4573 ) ) ;
#3732 = ORIENTED_EDGE ( 'NONE', *, *, #2910, .F. ) ;
#3733 = CIRCLE ( 'NONE', #2695, 0.1000000000000000472 ) ;
#3734 = EDGE_LOOP ( 'NONE', ( #5390, #4856, #9044, #6319 ) ) ;
#3735 = AXIS2_PLACEMENT_3D ( 'NONE', #2331, #2765, #4681 ) ;
#3736 = PRESENTATION_STYLE_ASSIGNMENT (( #3077 ) ) ;
#3737 =( GEOMETRIC_REPRESENTATION_CONTEXT ( 3 ) GLOBAL_UNCERTAINTY_ASSIGNED_CONTEXT ( ( #6483 ) ) GLOBAL_UNIT_ASSIGNED_CONTEXT ( ( #5457, #6165, #9021 ) ) REPRESENTATION_CONTEXT ( 'NONE', 'WORKASPACE' ) );
#3738 =( GEOMETRIC_REPRESENTATION_CONTEXT ( 3 ) GLOBAL_UNCERTAINTY_ASSIGNED_CONTEXT ( ( #2571 ) ) GLOBAL_UNIT_ASSIGNED_CONTEXT ( ( #662, #4968, #5121 ) ) REPRESENTATION_CONTEXT ( 'NONE', 'WORKASPACE' ) );
#3739 = DIRECTION ( 'NONE',  ( -1.000000000000000000, 0.000000000000000000, 0.000000000000000000 ) ) ;
#3740 = DIRECTION ( 'NONE',  ( -0.000000000000000000, 0.000000000000000000, 1.000000000000000000 ) ) ;
#3741 = CARTESIAN_POINT ( 'NONE',  ( -6.000000000029100278, -2.299999999989815080, 3.442489127153391060 ) ) ;
#3742 = COLOUR_RGB ( '',0.7450980392156862919, 0.7372549019607843590, 0.7294117647058823151 ) ;
#3743 = SURFACE_SIDE_STYLE ('',( #2328 ) ) ;
#3744 = COLOUR_RGB ( '',0.2862745098039215508, 0.2862745098039215508, 0.2862745098039215508 ) ;
#3745 = VERTEX_POINT ( 'NONE', #4288 ) ;
#3746 = EDGE_LOOP ( 'NONE', ( #5799, #5314, #8390, #3767, #6656, #4571, #9242, #3209 ) ) ;
#3747 = VECTOR ( 'NONE', #3, 1000.000000000000000 ) ;
#3748 = CARTESIAN_POINT ( 'NONE',  ( 5.906948992674672994, -2.312167334379927386, 5.454088753711017645 ) ) ;
#3749 = VECTOR ( 'NONE', #8901, 1000.000000000000000 ) ;
#3750 =( NAMED_UNIT ( * ) SI_UNIT ( $, .STERADIAN. ) SOLID_ANGLE_UNIT ( ) );
#3751 = FILL_AREA_STYLE ('',( #5764 ) ) ;
#3752 = PRESENTATION_STYLE_ASSIGNMENT (( #2913 ) ) ;
#3753 = LINE ( 'NONE', #4502, #782 ) ;
#3754 = AXIS2_PLACEMENT_3D ( 'NONE', #4210, #9253, #9105 ) ;
#3755 = ORIENTED_EDGE ( 'NONE', *, *, #5916, .T. ) ;
#3756 =( NAMED_UNIT ( * ) SI_UNIT ( $, .STERADIAN. ) SOLID_ANGLE_UNIT ( ) );
#3757 = COLOUR_RGB ( '',0.7450980392156862919, 0.7372549019607843590, 0.7294117647058823151 ) ;
#3758 = ORIENTED_EDGE ( 'NONE', *, *, #4469, .T. ) ;
#3759 = DIRECTION ( 'NONE',  ( 0.000000000000000000, 0.000000000000000000, 1.000000000000000000 ) ) ;
#3760 =( LENGTH_UNIT ( ) NAMED_UNIT ( * ) SI_UNIT ( .MILLI., .METRE. ) );
#3761 = EDGE_CURVE ( 'NONE', #8178, #1070, #7164, .T. ) ;
#3762 = AXIS2_PLACEMENT_3D ( 'NONE', #2592, #301, #3349 ) ;
#3763 = EDGE_CURVE ( 'NONE', #8716, #8221, #7026, .T. ) ;
#3764 = DIRECTION ( 'NONE',  ( -1.000000000000000000, -0.000000000000000000, -0.000000000000000000 ) ) ;
#3765 = SURFACE_STYLE_USAGE ( .BOTH. , #4321 ) ;
#3766 = DIRECTION ( 'NONE',  ( 0.000000000000000000, 0.000000000000000000, 1.000000000000000000 ) ) ;
#3767 = ORIENTED_EDGE ( 'NONE', *, *, #2999, .F. ) ;
#3768 = DIRECTION ( 'NONE',  ( -1.000000000000000000, -0.000000000000000000, 0.000000000000000000 ) ) ;
#3769 = DIRECTION ( 'NONE',  ( 1.000000000000000000, 0.000000000000000000, 0.000000000000000000 ) ) ;
#3770 = EDGE_CURVE ( 'NONE', #8379, #534, #8477, .T. ) ;
#3771 = PRESENTATION_STYLE_ASSIGNMENT (( #8838 ) ) ;
#3772 = DIRECTION ( 'NONE',  ( 0.000000000000000000, 7.228014483236695569E-16, 1.000000000000000000 ) ) ;
#3773 = DIRECTION ( 'NONE',  ( -0.000000000000000000, -1.000000000000000000, 0.000000000000000000 ) ) ;
#3774 =( LENGTH_UNIT ( ) NAMED_UNIT ( * ) SI_UNIT ( .MILLI., .METRE. ) );
#3775 = SURFACE_STYLE_FILL_AREA ( #2535 ) ;
#3776 = CARTESIAN_POINT ( 'NONE',  ( -5.900000000000000355, 2.200000000000000178, 5.400000000000000355 ) ) ;
#3777 = VECTOR ( 'NONE', #5585, 1000.000000000000114 ) ;
#3778 = ORIENTED_EDGE ( 'NONE', *, *, #7862, .F. ) ;
#3779 = LINE ( 'NONE', #1611, #7933 ) ;
#3780 = DIRECTION ( 'NONE',  ( 0.000000000000000000, 1.000000000000000000, -0.000000000000000000 ) ) ;
#3781 = ORIENTED_EDGE ( 'NONE', *, *, #3371, .T. ) ;
#3782 = EDGE_CURVE ( 'NONE', #4203, #312, #3639, .T. ) ;
#3783 =( LENGTH_UNIT ( ) NAMED_UNIT ( * ) SI_UNIT ( .MILLI., .METRE. ) );
#3784 = DIRECTION ( 'NONE',  ( 0.000000000000000000, -0.000000000000000000, 1.000000000000000000 ) ) ;
#3785 = PLANE ( 'NONE',  #2210 ) ;
#3786 = FACE_OUTER_BOUND ( 'NONE', #3746, .T. ) ;
#3787 = DIRECTION ( 'NONE',  ( 0.000000000000000000, 0.000000000000000000, 1.000000000000000000 ) ) ;
#3788 = VECTOR ( 'NONE', #6576, 1000.000000000000000 ) ;
#3789 = CARTESIAN_POINT ( 'NONE',  ( -6.000000000029100278, 2.299999999979629894, 2.250000000000000444 ) ) ;
#3790 = VERTEX_POINT ( 'NONE', #3724 ) ;
#3791 = EDGE_LOOP ( 'NONE', ( #2716, #3969, #1660, #1013 ) ) ;
#3792 = EDGE_CURVE ( 'NONE', #5849, #8946, #3685, .T. ) ;
#3793 =( NAMED_UNIT ( * ) SI_UNIT ( $, .STERADIAN. ) SOLID_ANGLE_UNIT ( ) );
#3794 = UNCERTAINTY_MEASURE_WITH_UNIT (LENGTH_MEASURE( 1.000000000000000082E-05 ), #8033, 'distance_accuracy_value', 'NONE');
#3795 = AXIS2_PLACEMENT_3D ( 'NONE', #7169, #6521, #68 ) ;
#3796 = CARTESIAN_POINT ( 'NONE',  ( -5.800000000029100100, -2.299999999979629894, 5.163708333923990423 ) ) ;
#3797 = DIRECTION ( 'NONE',  ( 1.000000000000000000, 0.000000000000000000, -0.000000000000000000 ) ) ;
#3798 = PRESENTATION_STYLE_ASSIGNMENT (( #8139 ) ) ;
#3799 =( NAMED_UNIT ( * ) SI_UNIT ( $, .STERADIAN. ) SOLID_ANGLE_UNIT ( ) );
#3800 = COLOUR_RGB ( '',0.7450980392156862919, 0.7372549019607843590, 0.7294117647058823151 ) ;
#3801 = ORIENTED_EDGE ( 'NONE', *, *, #2280, .T. ) ;
#3802 = SURFACE_STYLE_FILL_AREA ( #7329 ) ;
#3803 = VECTOR ( 'NONE', #7569, 1000.000000000000000 ) ;
#3804 = FILL_AREA_STYLE_COLOUR ( '', #1418 ) ;
#3805 =( NAMED_UNIT ( * ) PLANE_ANGLE_UNIT ( ) SI_UNIT ( $, .RADIAN. ) );
#3806 = ORIENTED_EDGE ( 'NONE', *, *, #5422, .T. ) ;
#3807 = CARTESIAN_POINT ( 'NONE',  ( 3.000000000014550139, 2.199999999979629806, 1.100000000000000089 ) ) ;
#3808 = CARTESIAN_POINT ( 'NONE',  ( -0.8499999999999999778, -8.300000000000000711, 4.750000000000000000 ) ) ;
#3809 = LINE ( 'NONE', #8784, #6049 ) ;
#3810 = DIRECTION ( 'NONE',  ( 0.000000000000000000, -0.000000000000000000, -1.000000000000000000 ) ) ;
#3811 = VECTOR ( 'NONE', #4351, 1000.000000000000000 ) ;
#3812 = EDGE_CURVE ( 'NONE', #6903, #6678, #914, .T. ) ;
#3813 = FILL_AREA_STYLE_COLOUR ( '', #3744 ) ;
#3814 = CARTESIAN_POINT ( 'NONE',  ( -5.900000000029099745, -2.199999999979629806, 1.000000000000000000 ) ) ;
#3815 =( LENGTH_UNIT ( ) NAMED_UNIT ( * ) SI_UNIT ( .MILLI., .METRE. ) );
#3816 = FILL_AREA_STYLE_COLOUR ( '', #141 ) ;
#3817 = CARTESIAN_POINT ( 'NONE',  ( 3.250000000000000444, 2.199999999979629806, 1.000000000000000000 ) ) ;
#3818 = DIRECTION ( 'NONE',  ( -0.7071067811865474617, 0.000000000000000000, -0.7071067811865474617 ) ) ;
#3819 = DIRECTION ( 'NONE',  ( -1.000000000000000000, 0.000000000000000000, 7.930164461608259947E-17 ) ) ;
#3820 = ORIENTED_EDGE ( 'NONE', *, *, #2140, .F. ) ;
#3821 = DIRECTION ( 'NONE',  ( 1.000000000000000000, 0.000000000000000000, -0.000000000000000000 ) ) ;
#3822 = PRODUCT_DEFINITION ( 'UNKNOWN', '', #5214, #7605 ) ;
#3823 = VERTEX_POINT ( 'NONE', #5267 ) ;
#3824 = LINE ( 'NONE', #3956, #660 ) ;
#3825 = EDGE_CURVE ( 'NONE', #8636, #4000, #4475, .T. ) ;
#3826 = AXIS2_PLACEMENT_3D ( 'NONE', #1668, #1113, #8860 ) ;
#3827 = EDGE_CURVE ( 'NONE', #1173, #7092, #3112, .T. ) ;
#3828 = ORIENTED_EDGE ( 'NONE', *, *, #6500, .F. ) ;
#3829 =( NAMED_UNIT ( * ) PLANE_ANGLE_UNIT ( ) SI_UNIT ( $, .RADIAN. ) );
#3830 = AXIS2_PLACEMENT_3D ( 'NONE', #7947, #5730, #7760 ) ;
#3831 = CARTESIAN_POINT ( 'NONE',  ( -6.250000000014550139, -2.200000000000000178, 3.250000000000000444 ) ) ;
#3832 = DIRECTION ( 'NONE',  ( 0.000000000000000000, 0.000000000000000000, -1.000000000000000000 ) ) ;
#3833 = CARTESIAN_POINT ( 'NONE',  ( 5.900000000029099745, 2.199999999979629806, 5.400000000000000355 ) ) ;
#3834 = EDGE_CURVE ( 'NONE', #6913, #7002, #2729, .T. ) ;
#3835 =( NAMED_UNIT ( * ) PLANE_ANGLE_UNIT ( ) SI_UNIT ( $, .RADIAN. ) );
#3836 = APPLICATION_PROTOCOL_DEFINITION ( 'draft international standard', 'automotive_design', 1998, #2007 ) ;
#3837 = VERTEX_POINT ( 'NONE', #2405 ) ;
#3838 = ORIENTED_EDGE ( 'NONE', *, *, #4580, .T. ) ;
#3839 = UNCERTAINTY_MEASURE_WITH_UNIT (LENGTH_MEASURE( 1.000000000000000082E-05 ), #8972, 'distance_accuracy_value', 'NONE');
#3840 = FILL_AREA_STYLE ('',( #7413 ) ) ;
#3841 = UNCERTAINTY_MEASURE_WITH_UNIT (LENGTH_MEASURE( 1.000000000000000082E-05 ), #8303, 'distance_accuracy_value', 'NONE');
#3842 = CARTESIAN_POINT ( 'NONE',  ( -3.250000000000000444, -2.799999999999999822, 1.100000000000000089 ) ) ;
#3843 =( LENGTH_UNIT ( ) NAMED_UNIT ( * ) SI_UNIT ( .MILLI., .METRE. ) );
#3844 = CARTESIAN_POINT ( 'NONE',  ( -5.991030663955241309, -2.233062582872589186, 1.124905498140212012 ) ) ;
#3845 = SURFACE_STYLE_FILL_AREA ( #5250 ) ;
#3846 = EDGE_CURVE ( 'NONE', #7102, #6474, #8152, .T. ) ;
#3847 =( LENGTH_UNIT ( ) NAMED_UNIT ( * ) SI_UNIT ( .MILLI., .METRE. ) );
#3848 = ORIENTED_EDGE ( 'NONE', *, *, #6840, .T. ) ;
#3849 = PRESENTATION_LAYER_ASSIGNMENT (  '', '', ( #5944 ) ) ;
#3850 =( NAMED_UNIT ( * ) PLANE_ANGLE_UNIT ( ) SI_UNIT ( $, .RADIAN. ) );
#3851 = COLOUR_RGB ( '',0.7450980392156862919, 0.7372549019607843590, 0.7294117647058823151 ) ;
#3852 = DIRECTION ( 'NONE',  ( -0.5734623443633278805, 0.8192319205190407017, 0.000000000000000000 ) ) ;
#3853 = DIRECTION ( 'NONE',  ( 1.000000000000000000, 0.000000000000000000, 0.000000000000000000 ) ) ;
#3854 = CARTESIAN_POINT ( 'NONE',  ( -6.500000000000001776, 2.200000000000000178, 3.250000000000000888 ) ) ;
#3855 = ADVANCED_FACE ( 'NONE', ( #1513 ), #2224, .T. ) ;
#3856 = ORIENTED_EDGE ( 'NONE', *, *, #5363, .F. ) ;
#3857 = FILL_AREA_STYLE ('',( #994 ) ) ;
#3858 = CARTESIAN_POINT ( 'NONE',  ( -5.800000000029100100, 2.799999999999999822, 3.321173431502630446 ) ) ;
#3859 =( GEOMETRIC_REPRESENTATION_CONTEXT ( 3 ) GLOBAL_UNCERTAINTY_ASSIGNED_CONTEXT ( ( #8516 ) ) GLOBAL_UNIT_ASSIGNED_CONTEXT ( ( #6057, #4743, #1040 ) ) REPRESENTATION_CONTEXT ( 'NONE', 'WORKASPACE' ) );
#3860 =( GEOMETRIC_REPRESENTATION_CONTEXT ( 3 ) GLOBAL_UNCERTAINTY_ASSIGNED_CONTEXT ( ( #8442 ) ) GLOBAL_UNIT_ASSIGNED_CONTEXT ( ( #6502, #3589, #2081 ) ) REPRESENTATION_CONTEXT ( 'NONE', 'WORKASPACE' ) );
#3861 =( LENGTH_UNIT ( ) NAMED_UNIT ( * ) SI_UNIT ( .MILLI., .METRE. ) );
#3862 = LINE ( 'NONE', #3160, #444 ) ;
#3863 = CARTESIAN_POINT ( 'NONE',  ( 5.989442719129090875, -2.244721359529624927, 5.400000000000000355 ) ) ;
#3864 = LINE ( 'NONE', #5268, #8769 ) ;
#3865 = SURFACE_STYLE_FILL_AREA ( #1653 ) ;
#3866 = AXIS2_PLACEMENT_3D ( 'NONE', #5649, #4236, #8515 ) ;
#3867 = VERTEX_POINT ( 'NONE', #8713 ) ;
#3868 = DIRECTION ( 'NONE',  ( 0.000000000000000000, 0.000000000000000000, 1.000000000000000000 ) ) ;
#3869 = PRESENTATION_STYLE_ASSIGNMENT (( #6613 ) ) ;
#3870 = LINE ( 'NONE', #1612, #5282 ) ;
#3871 = COLOUR_RGB ( '',0.7450980392156862919, 0.7372549019607843590, 0.7294117647058823151 ) ;
#3872 = COLOUR_RGB ( '',0.7450980392156862919, 0.7372549019607843590, 0.7294117647058823151 ) ;
#3873 = LINE ( 'NONE', #5234, #8829 ) ;
#3874 = SURFACE_SIDE_STYLE ('',( #3123 ) ) ;
#3875 = SURFACE_STYLE_FILL_AREA ( #4582 ) ;
#3876 = PRESENTATION_LAYER_ASSIGNMENT (  '', '', ( #7938 ) ) ;
#3877 = EDGE_CURVE ( 'NONE', #9025, #1841, #8062, .T. ) ;
#3878 = CARTESIAN_POINT ( 'NONE',  ( 5.800000000029100100, -2.799999999999999822, 2.250000000000000444 ) ) ;
#3879 = LINE ( 'NONE', #8990, #6255 ) ;
#3880 = PRESENTATION_LAYER_ASSIGNMENT (  '', '', ( #1188 ) ) ;
#3881 = DIRECTION ( 'NONE',  ( 1.000000000000000000, 0.000000000000000000, 0.000000000000000000 ) ) ;
#3882 = ORIENTED_EDGE ( 'NONE', *, *, #1432, .T. ) ;
#3883 = ORIENTED_EDGE ( 'NONE', *, *, #4392, .T. ) ;
#3884 = CARTESIAN_POINT ( 'NONE',  ( 5.954088753740114370, -2.312167334379925610, 5.406948992645579821 ) ) ;
#3885 = EDGE_CURVE ( 'NONE', #609, #6208, #4524, .T. ) ;
#3886 = UNCERTAINTY_MEASURE_WITH_UNIT (LENGTH_MEASURE( 1.000000000000000082E-05 ), #3462, 'distance_accuracy_value', 'NONE');
#3887 = STYLED_ITEM ( 'NONE', ( #8019 ), #4723 ) ;
#3888 = CARTESIAN_POINT ( 'NONE',  ( 5.900086743527171329, 2.799999999999999822, 5.126379046879570467 ) ) ;
#3889 = LINE ( 'NONE', #7512, #5873 ) ;
#3890 = ORIENTED_EDGE ( 'NONE', *, *, #8147, .T. ) ;
#3891 = STYLED_ITEM ( 'NONE', ( #7927 ), #2919 ) ;
#3892 = EDGE_CURVE ( 'NONE', #401, #5999, #5174, .T. ) ;
#3893 = DIRECTION ( 'NONE',  ( 0.5121093168028647558, 0.000000000000000000, -0.8589202801446145230 ) ) ;
#3894 = EDGE_CURVE ( 'NONE', #5046, #8078, #2271, .T. ) ;
#3895 = SURFACE_STYLE_FILL_AREA ( #8866 ) ;
#3896 = PRESENTATION_STYLE_ASSIGNMENT (( #3939 ) ) ;
#3897 = SURFACE_STYLE_USAGE ( .BOTH. , #1920 ) ;
#3898 = VERTEX_POINT ( 'NONE', #4805 ) ;
#3899 = LINE ( 'NONE', #341, #9070 ) ;
#3900 = CARTESIAN_POINT ( 'NONE',  ( -3.250000000000000444, 0.2000000000000000111, 2.000000000000000000 ) ) ;
#3901 = DIRECTION ( 'NONE',  ( 0.5734623443633283246, 0.8192319205190404796, -0.000000000000000000 ) ) ;
#3902 = AXIS2_PLACEMENT_3D ( 'NONE', #6480, #693, #2722 ) ;
#3903 = LINE ( 'NONE', #6787, #7481 ) ;
#3904 = CARTESIAN_POINT ( 'NONE',  ( 3.250000000000000444, -2.799999999999999822, 1.000000000000000000 ) ) ;
#3905 = PRESENTATION_LAYER_ASSIGNMENT (  '', '', ( #6645 ) ) ;
#3906 = FILL_AREA_STYLE_COLOUR ( '', #2934 ) ;
#3907 = DIRECTION ( 'NONE',  ( 0.000000000000000000, -1.000000000000000000, 0.000000000000000000 ) ) ;
#3908 = DIRECTION ( 'NONE',  ( 1.000000000000000000, 0.000000000000000000, -0.000000000000000000 ) ) ;
#3909 = DIRECTION ( 'NONE',  ( 0.000000000000000000, 0.000000000000000000, 1.000000000000000000 ) ) ;
#3910 = FILL_AREA_STYLE ('',( #6791 ) ) ;
#3911 = ORIENTED_EDGE ( 'NONE', *, *, #9244, .T. ) ;
#3912 = UNCERTAINTY_MEASURE_WITH_UNIT (LENGTH_MEASURE( 1.000000000000000082E-05 ), #8234, 'distance_accuracy_value', 'NONE');
#3913 = CARTESIAN_POINT ( 'NONE',  ( -5.934165146415342207, 2.257735026898592068, 1.018695092548315140 ) ) ;
#3914 = SURFACE_STYLE_USAGE ( .BOTH. , #4530 ) ;
#3915 = ORIENTED_EDGE ( 'NONE', *, *, #2641, .T. ) ;
#3916 = CARTESIAN_POINT ( 'NONE',  ( -4.049999999999999822, 2.299999999979629894, 0.000000000000000000 ) ) ;
#3917 = CARTESIAN_POINT ( 'NONE',  ( 5.957735026948064672, -2.257735026898591624, 1.042264973081036050 ) ) ;
#3918 =( NAMED_UNIT ( * ) SI_UNIT ( $, .STERADIAN. ) SOLID_ANGLE_UNIT ( ) );
#3919 = APPLICATION_CONTEXT ( 'automotive_design' ) ;
#3920 = ORIENTED_EDGE ( 'NONE', *, *, #8492, .F. ) ;
#3921 = SURFACE_STYLE_FILL_AREA ( #4587 ) ;
#3922 = APPLICATION_PROTOCOL_DEFINITION ( 'draft international standard', 'automotive_design', 1998, #6686 ) ;
#3923 = VERTEX_POINT ( 'NONE', #5456 ) ;
#3924 = EDGE_LOOP ( 'NONE', ( #707, #6225, #3418, #8310 ) ) ;
#3925 = EDGE_CURVE ( 'NONE', #4156, #63, #3248, .T. ) ;
#3926 = PLANE ( 'NONE',  #6454 ) ;
#3927 = LINE ( 'NONE', #9046, #2252 ) ;
#3928 = UNCERTAINTY_MEASURE_WITH_UNIT (LENGTH_MEASURE( 1.000000000000000082E-05 ), #4206, 'distance_accuracy_value', 'NONE');
#3929 = SURFACE_STYLE_USAGE ( .BOTH. , #6094 ) ;
#3930 = LINE ( 'NONE', #2335, #1286 ) ;
#3931 = SURFACE_STYLE_FILL_AREA ( #7556 ) ;
#3932 = DIRECTION ( 'NONE',  ( 0.000000000000000000, 1.000000000000000000, 0.000000000000000000 ) ) ;
#3933 = MECHANICAL_DESIGN_GEOMETRIC_PRESENTATION_REPRESENTATION (  '', ( #8879 ), #7528 ) ;
#3934 = EDGE_CURVE ( 'NONE', #9098, #7792, #1191, .T. ) ;
#3935 = STYLED_ITEM ( 'NONE', ( #6278 ), #6424 ) ;
#3936 = FACE_OUTER_BOUND ( 'NONE', #1905, .T. ) ;
#3937 =( NAMED_UNIT ( * ) SI_UNIT ( $, .STERADIAN. ) SOLID_ANGLE_UNIT ( ) );
#3938 = CARTESIAN_POINT ( 'NONE',  ( -5.900000000029099745, 2.199999999979630250, 1.099999999999999423 ) ) ;
#3939 = SURFACE_STYLE_USAGE ( .BOTH. , #1677 ) ;
#3940 = DIRECTION ( 'NONE',  ( 1.000000000000000000, 0.000000000000000000, 0.000000000000000000 ) ) ;
#3941 = EDGE_LOOP ( 'NONE', ( #6260, #7988, #826, #8460 ) ) ;
#3942 = LINE ( 'NONE', #8320, #7869 ) ;
#3943 = CIRCLE ( 'NONE', #1686, 0.1000000000000002554 ) ;
#3944 = ADVANCED_FACE ( 'NONE', ( #397 ), #6834, .T. ) ;
#3945 = CARTESIAN_POINT ( 'NONE',  ( -2.949999999999996181, -2.799999999999999822, 4.750000000000000000 ) ) ;
#3946 = CARTESIAN_POINT ( 'NONE',  ( 2.950000000000001066, 2.299999999979629894, 0.000000000000000000 ) ) ;
#3947 = PLANE ( 'NONE',  #3762 ) ;
#3948 = PLANE ( 'NONE',  #296 ) ;
#3949 = SURFACE_STYLE_USAGE ( .BOTH. , #6166 ) ;
#3950 = DIRECTION ( 'NONE',  ( -1.000000000000000000, -0.000000000000000000, 0.000000000000000000 ) ) ;
#3951 = EDGE_LOOP ( 'NONE', ( #7757, #8804, #1442, #1868 ) ) ;
#3952 = CARTESIAN_POINT ( 'NONE',  ( 5.800000000029100100, 2.799999999999999822, 3.321173431502630446 ) ) ;
#3953 = ADVANCED_FACE ( 'NONE', ( #2645 ), #3947, .F. ) ;
#3954 = EDGE_CURVE ( 'NONE', #4924, #6518, #1878, .T. ) ;
#3955 = CARTESIAN_POINT ( 'NONE',  ( -5.957735026948062895, 2.257735026898592068, 1.042264973081036050 ) ) ;
#3956 = CARTESIAN_POINT ( 'NONE',  ( -2.950000000000000178, -2.799999999999999822, 2.250000000000000444 ) ) ;
#3957 = ORIENTED_EDGE ( 'NONE', *, *, #5421, .T. ) ;
#3958 = DIRECTION ( 'NONE',  ( 0.000000000000000000, 0.000000000000000000, 1.000000000000000000 ) ) ;
#3959 = DIRECTION ( 'NONE',  ( 0.000000000000000000, 0.000000000000000000, 1.000000000000000000 ) ) ;
#3960 = SURFACE_STYLE_FILL_AREA ( #1104 ) ;
#3961 = AXIS2_PLACEMENT_3D ( 'NONE', #6821, #6011, #6051 ) ;
#3962 = ORIENTED_EDGE ( 'NONE', *, *, #8192, .F. ) ;
#3963 = LINE ( 'NONE', #6131, #940 ) ;
#3964 = AXIS2_PLACEMENT_3D ( 'NONE', #3094, #6095, #1024 ) ;
#3965 = SHAPE_DEFINITION_REPRESENTATION ( #3652, #92 ) ;
#3966 = PRESENTATION_LAYER_ASSIGNMENT (  '', '', ( #6221 ) ) ;
#3967 = ORIENTED_EDGE ( 'NONE', *, *, #1432, .F. ) ;
#3968 = CIRCLE ( 'NONE', #4428, 0.1000000000000002554 ) ;
#3969 = ORIENTED_EDGE ( 'NONE', *, *, #3782, .F. ) ;
#3970 = UNCERTAINTY_MEASURE_WITH_UNIT (LENGTH_MEASURE( 1.000000000000000082E-05 ), #5495, 'distance_accuracy_value', 'NONE');
#3971 = COLOUR_RGB ( '',0.8313725490196077761, 0.8313725490196077761, 0.8313725490196077761 ) ;
#3972 = CARTESIAN_POINT ( 'NONE',  ( -6.000000000029100278, 1.000000000000000000, 0.000000000000000000 ) ) ;
#3973 = CARTESIAN_POINT ( 'NONE',  ( -5.800000000029100100, -2.799999999999999822, 0.000000000000000000 ) ) ;
#3974 = CARTESIAN_POINT ( 'NONE',  ( 5.900000000029099745, -2.199999999979629806, 2.250000000000000444 ) ) ;
#3975 = VERTEX_POINT ( 'NONE', #9073 ) ;
#3976 = ORIENTED_EDGE ( 'NONE', *, *, #4633, .F. ) ;
#3977 = CARTESIAN_POINT ( 'NONE',  ( -6.000000000029100278, 0.000000000000000000, 2.250000000000000888 ) ) ;
#3978 = STYLED_ITEM ( 'NONE', ( #7632 ), #7863 ) ;
#3979 = CARTESIAN_POINT ( 'NONE',  ( 5.875094501888885823, 2.233062582872592294, 5.491030663926140143 ) ) ;
#3980 = CARTESIAN_POINT ( 'NONE',  ( 6.500000000000001776, 2.799999999999999822, 3.250000000000000888 ) ) ;
#3981 = DIRECTION ( 'NONE',  ( 0.000000000000000000, 0.000000000000000000, -1.000000000000000000 ) ) ;
#3982 = VECTOR ( 'NONE', #7146, 1000.000000000000000 ) ;
#3983 = ORIENTED_EDGE ( 'NONE', *, *, #5835, .F. ) ;
#3984 = EDGE_CURVE ( 'NONE', #3586, #2004, #6066, .T. ) ;
#3985 = DIRECTION ( 'NONE',  ( -1.000000000000000000, -0.000000000000000000, -0.000000000000000000 ) ) ;
#3986 = CYLINDRICAL_SURFACE ( 'NONE', #7893, 0.1000000000000000472 ) ;
#3987 = VECTOR ( 'NONE', #969, 1000.000000000000000 ) ;
#3988 = EDGE_CURVE ( 'NONE', #2195, #8590, #8877, .T. ) ;
#3989 = SURFACE_SIDE_STYLE ('',( #8370 ) ) ;
#3990 = ADVANCED_BREP_SHAPE_REPRESENTATION ( '', ( #1281, #5962 ), #3266 ) ;
#3991 = LINE ( 'NONE', #6881, #6605 ) ;
#3992 = SURFACE_SIDE_STYLE ('',( #1880 ) ) ;
#3993 = SURFACE_STYLE_FILL_AREA ( #3910 ) ;
#3994 = ORIENTED_EDGE ( 'NONE', *, *, #7571, .F. ) ;
#3995 = CARTESIAN_POINT ( 'NONE',  ( 6.044659952723583807, -2.146138961327065164, 5.455718880800481507 ) ) ;
#3996 = UNCERTAINTY_MEASURE_WITH_UNIT (LENGTH_MEASURE( 1.000000000000000082E-05 ), #6151, 'distance_accuracy_value', 'NONE');
#3997 = SURFACE_SIDE_STYLE ('',( #7583 ) ) ;
#3998 = CARTESIAN_POINT ( 'NONE',  ( 5.981304907480782695, 2.257735026898592068, 1.065834853613758071 ) ) ;
#3999 = PRESENTATION_LAYER_ASSIGNMENT (  '', '', ( #6869 ) ) ;
#4000 = VERTEX_POINT ( 'NONE', #2082 ) ;
#4001 = PLANE ( 'NONE',  #6126 ) ;
#4002 = SURFACE_STYLE_FILL_AREA ( #6080 ) ;
#4003 = EDGE_CURVE ( 'NONE', #2075, #7155, #714, .T. ) ;
#4004 = COLOUR_RGB ( '',0.2862745098039215508, 0.2862745098039215508, 0.2862745098039215508 ) ;
#4005 = SURFACE_SIDE_STYLE ('',( #8813 ) ) ;
#4006 = DIRECTION ( 'NONE',  ( 0.000000000000000000, -0.000000000000000000, 1.000000000000000000 ) ) ;
#4007 = DIRECTION ( 'NONE',  ( -1.000000000000000000, -0.000000000000000000, 0.000000000000000000 ) ) ;
#4008 = PRESENTATION_LAYER_ASSIGNMENT (  '', '', ( #5819 ) ) ;
#4009 = ORIENTED_EDGE ( 'NONE', *, *, #2981, .F. ) ;
#4010 = CARTESIAN_POINT ( 'NONE',  ( 5.900000000029099745, 2.199999999999999734, 5.400000000000000355 ) ) ;
#4011 = DIRECTION ( 'NONE',  ( 1.000000000000000000, 0.000000000000000000, 0.000000000000000000 ) ) ;
#4012 = ORIENTED_EDGE ( 'NONE', *, *, #3846, .F. ) ;
#4013 = AXIS2_PLACEMENT_3D ( 'NONE', #178, #744, #5754 ) ;
#4014 = ORIENTED_EDGE ( 'NONE', *, *, #5387, .T. ) ;
#4015 = PRESENTATION_LAYER_ASSIGNMENT (  '', '', ( #2829 ) ) ;
#4016 = UNCERTAINTY_MEASURE_WITH_UNIT (LENGTH_MEASURE( 1.000000000000000082E-05 ), #646, 'distance_accuracy_value', 'NONE');
#4017 = PRESENTATION_STYLE_ASSIGNMENT (( #2830 ) ) ;
#4018 = MECHANICAL_DESIGN_GEOMETRIC_PRESENTATION_REPRESENTATION (  '', ( #3436 ), #1021 ) ;
#4019 = CARTESIAN_POINT ( 'NONE',  ( -6.000000000029100278, -2.299999999979629894, 0.000000000000000000 ) ) ;
#4020 = DIRECTION ( 'NONE',  ( -0.000000000000000000, 0.000000000000000000, -1.000000000000000000 ) ) ;
#4021 = PLANE ( 'NONE',  #2020 ) ;
#4022 =( GEOMETRIC_REPRESENTATION_CONTEXT ( 3 ) GLOBAL_UNCERTAINTY_ASSIGNED_CONTEXT ( ( #7040 ) ) GLOBAL_UNIT_ASSIGNED_CONTEXT ( ( #3783, #3697, #5184 ) ) REPRESENTATION_CONTEXT ( 'NONE', 'WORKASPACE' ) );
#4023 = STYLED_ITEM ( 'NONE', ( #253 ), #2050 ) ;
#4024 = FILL_AREA_STYLE ('',( #5540 ) ) ;
#4025 = ORIENTED_EDGE ( 'NONE', *, *, #2504, .F. ) ;
#4026 = STYLED_ITEM ( 'NONE', ( #8947 ), #2861 ) ;
#4027 = STYLED_ITEM ( 'NONE', ( #8308 ), #2277 ) ;
#4028 = CARTESIAN_POINT ( 'NONE',  ( 6.057966438333060921, 2.099191034116946852, 5.442030276237611375 ) ) ;
#4029 = FILL_AREA_STYLE_COLOUR ( '', #7808 ) ;
#4030 = CARTESIAN_POINT ( 'NONE',  ( -5.900000000029099745, 1.099999999989810018, 5.500000000000000888 ) ) ;
#4031 = CARTESIAN_POINT ( 'NONE',  ( 4.049999999999999822, -2.799999999999999822, 2.250000000000000444 ) ) ;
#4032 =( GEOMETRIC_REPRESENTATION_CONTEXT ( 3 ) GLOBAL_UNCERTAINTY_ASSIGNED_CONTEXT ( ( #5953 ) ) GLOBAL_UNIT_ASSIGNED_CONTEXT ( ( #4694, #917, #167 ) ) REPRESENTATION_CONTEXT ( 'NONE', 'WORKASPACE' ) );
#4033 = ORIENTED_EDGE ( 'NONE', *, *, #6063, .T. ) ;
#4034 = CARTESIAN_POINT ( 'NONE',  ( 5.800000000029100100, -2.799999999999999822, 3.321173431502630446 ) ) ;
#4035 = DIRECTION ( 'NONE',  ( 0.000000000000000000, 0.000000000000000000, 1.000000000000000000 ) ) ;
#4036 = MECHANICAL_DESIGN_GEOMETRIC_PRESENTATION_REPRESENTATION (  '', ( #7054 ), #3001 ) ;
#4037 = VERTEX_POINT ( 'NONE', #6351 ) ;
#4038 = CIRCLE ( 'NONE', #5998, 0.5999999999999998668 ) ;
#4039 = PRESENTATION_LAYER_ASSIGNMENT (  '', '', ( #7349 ) ) ;
#4040 = EDGE_CURVE ( 'NONE', #3923, #1100, #4082, .T. ) ;
#4041 = DIRECTION ( 'NONE',  ( 0.000000000000000000, 0.000000000000000000, 1.000000000000000000 ) ) ;
#4042 = DIRECTION ( 'NONE',  ( 0.000000000000000000, 0.000000000000000000, -1.000000000000000000 ) ) ;
#4043 = DIRECTION ( 'NONE',  ( -0.000000000000000000, 1.000000000000000000, 0.000000000000000000 ) ) ;
#4044 = PLANE ( 'NONE',  #4626 ) ;
#4045 = SURFACE_STYLE_USAGE ( .BOTH. , #6212 ) ;
#4046 = AXIS2_PLACEMENT_3D ( 'NONE', #2471, #5335, #6809 ) ;
#4047 = SURFACE_STYLE_USAGE ( .BOTH. , #587 ) ;
#4048 = LINE ( 'NONE', #3202, #6546 ) ;
#4049 = ORIENTED_EDGE ( 'NONE', *, *, #5254, .T. ) ;
#4050 = AXIS2_PLACEMENT_3D ( 'NONE', #4676, #1704, #317 ) ;
#4051 = CARTESIAN_POINT ( 'NONE',  ( 5.955718880829584450, 2.146138961327064276, 0.9553400473055202458 ) ) ;
#4052 = ADVANCED_FACE ( 'NONE', ( #7762 ), #9179, .T. ) ;
#4053 = VECTOR ( 'NONE', #7787, 1000.000000000000000 ) ;
#4054 = ORIENTED_EDGE ( 'NONE', *, *, #3763, .F. ) ;
#4055 = DIRECTION ( 'NONE',  ( 0.000000000000000000, 0.000000000000000000, -1.000000000000000000 ) ) ;
#4056 = DIRECTION ( 'NONE',  ( 0.000000000000000000, 0.000000000000000000, -1.000000000000000000 ) ) ;
#4057 = DIRECTION ( 'NONE',  ( -3.175210755296169386E-16, -2.222647528707316105E-16, -1.000000000000000000 ) ) ;
#4058 = AXIS2_PLACEMENT_3D ( 'NONE', #5567, #3552, #1430 ) ;
#4059 = DIRECTION ( 'NONE',  ( -1.000000000000000000, 0.000000000000000000, 7.930164461608259947E-17 ) ) ;
#4060 = ORIENTED_EDGE ( 'NONE', *, *, #2119, .F. ) ;
#4061 = SURFACE_SIDE_STYLE ('',( #4821 ) ) ;
#4062 = CONTEXT_DEPENDENT_SHAPE_REPRESENTATION ( #4760, #6432 ) ;
#4063 = EDGE_CURVE ( 'NONE', #5652, #4726, #1240, .T. ) ;
#4064 = VERTEX_POINT ( 'NONE', #4131 ) ;
#4065 = ORIENTED_EDGE ( 'NONE', *, *, #1395, .T. ) ;
#4066 = EDGE_LOOP ( 'NONE', ( #2278, #2234, #7211, #580 ) ) ;
#4067 = CARTESIAN_POINT ( 'NONE',  ( 5.900000000029099745, 2.299999999979629894, 2.250000000000000444 ) ) ;
#4068 = ORIENTED_EDGE ( 'NONE', *, *, #7163, .F. ) ;
#4069 = EDGE_CURVE ( 'NONE', #690, #6459, #9273, .T. ) ;
#4070 = COLOUR_RGB ( '',0.7294117647058823151, 0.5176470588235293491, 0.3058823529411764941 ) ;
#4071 = CARTESIAN_POINT ( 'NONE',  ( 5.875094501888885823, 2.233062582872589186, 1.008969336073858303 ) ) ;
#4072 = PRESENTATION_STYLE_ASSIGNMENT (( #7107 ) ) ;
#4073 = PRESENTATION_STYLE_ASSIGNMENT (( #1233 ) ) ;
#4074 = LINE ( 'NONE', #7058, #7836 ) ;
#4075 = LINE ( 'NONE', #533, #2223 ) ;
#4076 = EDGE_LOOP ( 'NONE', ( #3691, #825, #923, #5539 ) ) ;
#4077 = DIRECTION ( 'NONE',  ( 0.7071067811865480168, 0.000000000000000000, -0.7071067811865470176 ) ) ;
#4078 = FACE_OUTER_BOUND ( 'NONE', #2883, .T. ) ;
#4079 = CIRCLE ( 'NONE', #9032, 0.1000000000000002554 ) ;
#4080 = CARTESIAN_POINT ( 'NONE',  ( -4.049999999999999822, 2.299999999979629894, 2.250000000000000444 ) ) ;
#4081 = FACE_OUTER_BOUND ( 'NONE', #8069, .T. ) ;
#4082 = LINE ( 'NONE', #7066, #7373 ) ;
#4083 = DIRECTION ( 'NONE',  ( 1.000000000000000000, 0.000000000000000000, 0.000000000000000000 ) ) ;
#4084 =( NAMED_UNIT ( * ) PLANE_ANGLE_UNIT ( ) SI_UNIT ( $, .RADIAN. ) );
#4085 = ORIENTED_EDGE ( 'NONE', *, *, #3954, .T. ) ;
#4086 = CARTESIAN_POINT ( 'NONE',  ( 5.955718880829579120, -2.146138961327063388, 5.544659952694486194 ) ) ;
#4087 = UNCERTAINTY_MEASURE_WITH_UNIT (LENGTH_MEASURE( 1.000000000000000082E-05 ), #338, 'distance_accuracy_value', 'NONE');
#4088 = STYLED_ITEM ( 'NONE', ( #9181 ), #460 ) ;
#4089 = EDGE_LOOP ( 'NONE', ( #5718, #5028, #7325, #8557 ) ) ;
#4090 = VECTOR ( 'NONE', #8517, 1000.000000000000000 ) ;
#4091 = DIRECTION ( 'NONE',  ( 1.000000000000000000, 0.000000000000000000, 0.000000000000000000 ) ) ;
#4092 = LINE ( 'NONE', #554, #6462 ) ;
#4093 =( NAMED_UNIT ( * ) SI_UNIT ( $, .STERADIAN. ) SOLID_ANGLE_UNIT ( ) );
#4094 = PRODUCT_RELATED_PRODUCT_CATEGORY ( 'part', '', ( #8672 ) ) ;
#4095 = ORIENTED_EDGE ( 'NONE', *, *, #7279, .T. ) ;
#4096 = EDGE_CURVE ( 'NONE', #793, #5612, #3403, .T. ) ;
#4097 = DIRECTION ( 'NONE',  ( -1.000000000000000000, 0.000000000000000000, 0.000000000000000000 ) ) ;
#4098 = ADVANCED_FACE ( 'NONE', ( #585 ), #3451, .T. ) ;
#4099 = ORIENTED_EDGE ( 'NONE', *, *, #2440, .F. ) ;
#4100 = ORIENTED_EDGE ( 'NONE', *, *, #856, .T. ) ;
#4101 = VECTOR ( 'NONE', #6733, 1000.000000000000000 ) ;
#4102 = SURFACE_SIDE_STYLE ('',( #611 ) ) ;
#4103 = STYLED_ITEM ( 'NONE', ( #6195 ), #7170 ) ;
#4104 = CARTESIAN_POINT ( 'NONE',  ( 5.900000000029098857, -2.299999999979629894, 5.400000000000000355 ) ) ;
#4105 = UNCERTAINTY_MEASURE_WITH_UNIT (LENGTH_MEASURE( 1.000000000000000082E-05 ), #4114, 'distance_accuracy_value', 'NONE');
#4106 = ADVANCED_BREP_SHAPE_REPRESENTATION ( '', ( #1363, #5962 ), #1908 ) ;
#4107 = ORIENTED_EDGE ( 'NONE', *, *, #5592, .T. ) ;
#4108 = DIRECTION ( 'NONE',  ( 0.000000000000000000, -0.000000000000000000, 1.000000000000000000 ) ) ;
#4109 = LINE ( 'NONE', #1403, #1590 ) ;
#4110 = VECTOR ( 'NONE', #4917, 1000.000000000000000 ) ;
#4111 = COLOUR_RGB ( '',0.7450980392156862919, 0.7372549019607843590, 0.7294117647058823151 ) ;
#4112 = ORIENTED_EDGE ( 'NONE', *, *, #5270, .F. ) ;
#4113 = FACE_OUTER_BOUND ( 'NONE', #4866, .T. ) ;
#4114 =( LENGTH_UNIT ( ) NAMED_UNIT ( * ) SI_UNIT ( .MILLI., .METRE. ) );
#4115 = PRESENTATION_LAYER_ASSIGNMENT (  '', '', ( #4880 ) ) ;
#4116 = SURFACE_STYLE_USAGE ( .BOTH. , #525 ) ;
#4117 = AXIS2_PLACEMENT_3D ( 'NONE', #3252, #6932, #3309 ) ;
#4118 = VECTOR ( 'NONE', #7853, 1000.000000000000000 ) ;
#4119 = PLANE ( 'NONE',  #7447 ) ;
#4120 = EDGE_CURVE ( 'NONE', #6459, #3567, #2658, .T. ) ;
#4121 = DIRECTION ( 'NONE',  ( -0.000000000000000000, 1.000000000000000000, 0.000000000000000000 ) ) ;
#4122 = ORIENTED_EDGE ( 'NONE', *, *, #6555, .T. ) ;
#4123 = SURFACE_STYLE_USAGE ( .BOTH. , #6452 ) ;
#4124 = DIRECTION ( 'NONE',  ( 1.000000000000000000, -0.000000000000000000, -0.000000000000000000 ) ) ;
#4125 = STYLED_ITEM ( 'NONE', ( #1190 ), #1218 ) ;
#4126 = AXIS2_PLACEMENT_3D ( 'NONE', #4752, #2552, #5410 ) ;
#4127 = ORIENTED_EDGE ( 'NONE', *, *, #8595, .T. ) ;
#4128 = DIRECTION ( 'NONE',  ( 1.000000000000000000, 0.000000000000000000, 0.000000000000000000 ) ) ;
#4129 = CARTESIAN_POINT ( 'NONE',  ( 2.949999999999999734, -2.799999999999999822, 2.250000000000000444 ) ) ;
#4130 =( GEOMETRIC_REPRESENTATION_CONTEXT ( 3 ) GLOBAL_UNCERTAINTY_ASSIGNED_CONTEXT ( ( #9278 ) ) GLOBAL_UNIT_ASSIGNED_CONTEXT ( ( #7228, #6492, #41 ) ) REPRESENTATION_CONTEXT ( 'NONE', 'WORKASPACE' ) );
#4131 = CARTESIAN_POINT ( 'NONE',  ( 3.250000000000000888, -1.300690094324699952, 0.5000000000000000000 ) ) ;
#4132 = AXIS2_PLACEMENT_3D ( 'NONE', #1448, #741, #8034 ) ;
#4133 = LINE ( 'NONE', #5558, #2397 ) ;
#4134 = CARTESIAN_POINT ( 'NONE',  ( 6.000000000029100278, 2.799999999999999822, 3.440418332022770365 ) ) ;
#4135 = ORIENTED_EDGE ( 'NONE', *, *, #1813, .F. ) ;
#4136 = DIRECTION ( 'NONE',  ( 0.000000000000000000, 0.000000000000000000, -1.000000000000000000 ) ) ;
#4137 = FILL_AREA_STYLE ('',( #9131 ) ) ;
#4138 = AXIS2_PLACEMENT_3D ( 'NONE', #3470, #558, #4819 ) ;
#4139 =( NAMED_UNIT ( * ) PLANE_ANGLE_UNIT ( ) SI_UNIT ( $, .RADIAN. ) );
#4140 = DIRECTION ( 'NONE',  ( -0.000000000000000000, 0.000000000000000000, 1.000000000000000000 ) ) ;
#4141 = SURFACE_STYLE_FILL_AREA ( #2842 ) ;
#4142 = PRESENTATION_STYLE_ASSIGNMENT (( #4291 ) ) ;
#4143 = CIRCLE ( 'NONE', #4605, 0.1000000000000002554 ) ;
#4144 = CYLINDRICAL_SURFACE ( 'NONE', #8360, 0.1000000000000000472 ) ;
#4145 = VERTEX_POINT ( 'NONE', #3092 ) ;
#4146 = DIRECTION ( 'NONE',  ( 0.000000000000000000, -1.000000000000000000, 0.000000000000000000 ) ) ;
#4147 = VECTOR ( 'NONE', #3718, 1000.000000000000000 ) ;
#4148 = ORIENTED_EDGE ( 'NONE', *, *, #285, .F. ) ;
#4149 = ORIENTED_EDGE ( 'NONE', *, *, #5442, .F. ) ;
#4150 = MECHANICAL_DESIGN_GEOMETRIC_PRESENTATION_REPRESENTATION (  '', ( #6876 ), #4459 ) ;
#4151 = CARTESIAN_POINT ( 'NONE',  ( 5.954088753740119699, 2.312167334379927386, 5.406948992645572716 ) ) ;
#4152 = CARTESIAN_POINT ( 'NONE',  ( 4.049999999999999822, -2.799999999999999822, 0.5000000000000000000 ) ) ;
#4153 = ADVANCED_FACE ( 'NONE', ( #5420 ), #5521, .T. ) ;
#4154 = STYLED_ITEM ( 'NONE', ( #1510 ), #1479 ) ;
#4155 = UNCERTAINTY_MEASURE_WITH_UNIT (LENGTH_MEASURE( 1.000000000000000082E-05 ), #5509, 'distance_accuracy_value', 'NONE');
#4156 = VERTEX_POINT ( 'NONE', #6273 ) ;
#4157 =( GEOMETRIC_REPRESENTATION_CONTEXT ( 3 ) GLOBAL_UNCERTAINTY_ASSIGNED_CONTEXT ( ( #2375 ) ) GLOBAL_UNIT_ASSIGNED_CONTEXT ( ( #402, #9084, #9129 ) ) REPRESENTATION_CONTEXT ( 'NONE', 'WORKASPACE' ) );
#4158 =( NAMED_UNIT ( * ) PLANE_ANGLE_UNIT ( ) SI_UNIT ( $, .RADIAN. ) );
#4159 = EDGE_LOOP ( 'NONE', ( #7851, #7192, #1643, #5994, #7745 ) ) ;
#4160 = DIRECTION ( 'NONE',  ( 0.000000000000000000, 0.000000000000000000, -1.000000000000000000 ) ) ;
#4161 = VERTEX_POINT ( 'NONE', #6943 ) ;
#4162 = CARTESIAN_POINT ( 'NONE',  ( -4.049999999999999822, -2.299999999979629894, 2.250000000000000444 ) ) ;
#4163 =( GEOMETRIC_REPRESENTATION_CONTEXT ( 3 ) GLOBAL_UNCERTAINTY_ASSIGNED_CONTEXT ( ( #4869 ) ) GLOBAL_UNIT_ASSIGNED_CONTEXT ( ( #3760, #151, #2176 ) ) REPRESENTATION_CONTEXT ( 'NONE', 'WORKASPACE' ) );
#4164 = EDGE_CURVE ( 'NONE', #7923, #8624, #6718, .T. ) ;
#4165 = VECTOR ( 'NONE', #540, 1000.000000000000000 ) ;
#4166 = PRODUCT_DEFINITION_FORMATION_WITH_SPECIFIED_SOURCE ( 'ANY', '', #8672, .NOT_KNOWN. ) ;
#4167 = SURFACE_SIDE_STYLE ('',( #1409 ) ) ;
#4168 = PRESENTATION_LAYER_ASSIGNMENT (  '', '', ( #8226 ) ) ;
#4169 = PRESENTATION_LAYER_ASSIGNMENT (  '', '', ( #4023 ) ) ;
#4170 = CARTESIAN_POINT ( 'NONE',  ( -5.800000000029100100, 2.200000000000000178, 5.500000000000000888 ) ) ;
#4171 = CARTESIAN_POINT ( 'NONE',  ( 5.800000000029100100, 2.799999999999999822, 3.321173431502630446 ) ) ;
#4172 = ORIENTED_EDGE ( 'NONE', *, *, #4589, .F. ) ;
#4173 = CARTESIAN_POINT ( 'NONE',  ( -6.000000000029100278, 2.299999999979629894, 2.250000000000000444 ) ) ;
#4174 = LINE ( 'NONE', #1530, #185 ) ;
#4175 = CIRCLE ( 'NONE', #5988, 0.1000000000000002554 ) ;
#4176 = CYLINDRICAL_SURFACE ( 'NONE', #8050, 0.1000000000000002554 ) ;
#4177 = EDGE_CURVE ( 'NONE', #1827, #5089, #1760, .T. ) ;
#4178 = PRESENTATION_LAYER_ASSIGNMENT (  '', '', ( #8107 ) ) ;
#4179 = VECTOR ( 'NONE', #1738, 1000.000000000000000 ) ;
#4180 = PRESENTATION_LAYER_ASSIGNMENT (  '', '', ( #297 ) ) ;
#4181 = CARTESIAN_POINT ( 'NONE',  ( 6.250000000014550139, -2.500000000000000000, 3.250000000000000444 ) ) ;
#4182 = CARTESIAN_POINT ( 'NONE',  ( -3.250000000000000444, 0.000000000000000000, 5.500000000000000000 ) ) ;
#4183 = FILL_AREA_STYLE ('',( #8373 ) ) ;
#4184 =( NAMED_UNIT ( * ) SI_UNIT ( $, .STERADIAN. ) SOLID_ANGLE_UNIT ( ) );
#4185 = CARTESIAN_POINT ( 'NONE',  ( 5.900000000029098857, -2.199999999979629806, 5.399999999999999467 ) ) ;
#4186 = ORIENTED_EDGE ( 'NONE', *, *, #6019, .T. ) ;
#4187 =( GEOMETRIC_REPRESENTATION_CONTEXT ( 3 ) GLOBAL_UNCERTAINTY_ASSIGNED_CONTEXT ( ( #5532 ) ) GLOBAL_UNIT_ASSIGNED_CONTEXT ( ( #5789, #1515, #7533 ) ) REPRESENTATION_CONTEXT ( 'NONE', 'WORKASPACE' ) );
#4188 =( NAMED_UNIT ( * ) PLANE_ANGLE_UNIT ( ) SI_UNIT ( $, .RADIAN. ) );
#4189 = VECTOR ( 'NONE', #2774, 999.9999999999998863 ) ;
#4190 = UNCERTAINTY_MEASURE_WITH_UNIT (LENGTH_MEASURE( 1.000000000000000082E-05 ), #2199, 'distance_accuracy_value', 'NONE');
#4191 = VECTOR ( 'NONE', #1761, 1000.000000000000000 ) ;
#4192 = ADVANCED_FACE ( 'NONE', ( #6180 ), #8136, .F. ) ;
#4193 = STYLED_ITEM ( 'NONE', ( #2831 ), #3138 ) ;
#4194 = CARTESIAN_POINT ( 'NONE',  ( 2.950000000000000178, -2.799999999999999822, 4.750000000000000000 ) ) ;
#4195 = AXIS2_PLACEMENT_3D ( 'NONE', #1735, #4041, #448 ) ;
#4196 =( NAMED_UNIT ( * ) SI_UNIT ( $, .STERADIAN. ) SOLID_ANGLE_UNIT ( ) );
#4197 = PRESENTATION_STYLE_ASSIGNMENT (( #7732 ) ) ;
#4198 = FILL_AREA_STYLE ('',( #7777 ) ) ;
#4199 = CARTESIAN_POINT ( 'NONE',  ( -5.800000000029100100, -2.200000000000000178, 6.000000000000000000 ) ) ;
#4200 = ORIENTED_EDGE ( 'NONE', *, *, #1033, .F. ) ;
#4201 = FILL_AREA_STYLE_COLOUR ( '', #8297 ) ;
#4202 = COLOUR_RGB ( '',0.2862745098039215508, 0.2862745098039215508, 0.2862745098039215508 ) ;
#4203 = VERTEX_POINT ( 'NONE', #6156 ) ;
#4204 = ORIENTED_EDGE ( 'NONE', *, *, #3375, .F. ) ;
#4205 = SURFACE_STYLE_FILL_AREA ( #1400 ) ;
#4206 =( LENGTH_UNIT ( ) NAMED_UNIT ( * ) SI_UNIT ( .MILLI., .METRE. ) );
#4207 = LINE ( 'NONE', #4152, #4263 ) ;
#4208 = UNCERTAINTY_MEASURE_WITH_UNIT (LENGTH_MEASURE( 1.000000000000000082E-05 ), #828, 'distance_accuracy_value', 'NONE');
#4209 = ORIENTED_EDGE ( 'NONE', *, *, #8798, .T. ) ;
#4210 = CARTESIAN_POINT ( 'NONE',  ( -3.250000000000000444, -2.199999999979629806, 1.100000000000000089 ) ) ;
#4211 = SURFACE_STYLE_USAGE ( .BOTH. , #5669 ) ;
#4212 = ORIENTED_EDGE ( 'NONE', *, *, #5124, .T. ) ;
#4213 = EDGE_CURVE ( 'NONE', #1899, #551, #9014, .T. ) ;
#4214 = VERTEX_POINT ( 'NONE', #1971 ) ;
#4215 = DIRECTION ( 'NONE',  ( 0.000000000000000000, -0.000000000000000000, 1.000000000000000000 ) ) ;
#4216 = LINE ( 'NONE', #781, #6447 ) ;
#4217 = DIRECTION ( 'NONE',  ( 0.000000000000000000, -1.000000000000000000, -0.000000000000000000 ) ) ;
#4218 = DIRECTION ( 'NONE',  ( -0.000000000000000000, 0.000000000000000000, -1.000000000000000000 ) ) ;
#4219 = STYLED_ITEM ( 'NONE', ( #7231 ), #8453 ) ;
#4220 = DIRECTION ( 'NONE',  ( -0.000000000000000000, -1.000000000000000000, -0.000000000000000000 ) ) ;
#4221 = LINE ( 'NONE', #6396, #5273 ) ;
#4222 = EDGE_LOOP ( 'NONE', ( #3778, #2026, #3004, #3967 ) ) ;
#4223 = DIRECTION ( 'NONE',  ( 1.000000000000000000, 0.000000000000000000, 0.000000000000000000 ) ) ;
#4224 = DIRECTION ( 'NONE',  ( 0.3494548253495050050, 0.000000000000000000, 0.9369532139012849425 ) ) ;
#4225 = ORIENTED_EDGE ( 'NONE', *, *, #7098, .F. ) ;
#4226 = EDGE_CURVE ( 'NONE', #5046, #1802, #6963, .T. ) ;
#4227 = PRESENTATION_LAYER_ASSIGNMENT (  '', '', ( #2738 ) ) ;
#4228 = VECTOR ( 'NONE', #7321, 1000.000000000000000 ) ;
#4229 = PRESENTATION_STYLE_ASSIGNMENT (( #4275 ) ) ;
#4230 = SURFACE_STYLE_USAGE ( .BOTH. , #8465 ) ;
#4231 = CARTESIAN_POINT ( 'NONE',  ( 0.5499999999999989342, -8.299999999999998934, 2.250000000000000444 ) ) ;
#4232 =( NAMED_UNIT ( * ) SI_UNIT ( $, .STERADIAN. ) SOLID_ANGLE_UNIT ( ) );
#4233 = CARTESIAN_POINT ( 'NONE',  ( -3.250000000000000444, 0.2000000000000000111, 0.000000000000000000 ) ) ;
#4234 = EDGE_CURVE ( 'NONE', #5652, #4214, #4075, .T. ) ;
#4235 = VERTEX_POINT ( 'NONE', #9117 ) ;
#4236 = DIRECTION ( 'NONE',  ( 0.000000000000000000, 0.000000000000000000, 1.000000000000000000 ) ) ;
#4237 = PRODUCT ( '4_3', '4_3', '', ( #1754 ) ) ;
#4238 =( NAMED_UNIT ( * ) SI_UNIT ( $, .STERADIAN. ) SOLID_ANGLE_UNIT ( ) );
#4239 = FILL_AREA_STYLE_COLOUR ( '', #6275 ) ;
#4240 = SURFACE_SIDE_STYLE ('',( #1993 ) ) ;
#4241 = CARTESIAN_POINT ( 'NONE',  ( -5.957735026948062007, -2.257735026898592068, 5.457735026918962618 ) ) ;
#4242 = ADVANCED_FACE ( 'NONE', ( #459 ), #2415, .T. ) ;
#4243 = FILL_AREA_STYLE ('',( #8523 ) ) ;
#4244 = EDGE_CURVE ( 'NONE', #822, #3615, #1829, .T. ) ;
#4245 = FILL_AREA_STYLE ('',( #5483 ) ) ;
#4246 = CARTESIAN_POINT ( 'NONE',  ( -5.957735026948063783, 2.281304907431314088, 5.434165146386241041 ) ) ;
#4247 = DIRECTION ( 'NONE',  ( -1.000000000000000000, 0.000000000000000000, 0.000000000000000000 ) ) ;
#4248 = ORIENTED_EDGE ( 'NONE', *, *, #8809, .T. ) ;
#4249 =( NAMED_UNIT ( * ) PLANE_ANGLE_UNIT ( ) SI_UNIT ( $, .RADIAN. ) );
#4250 = ORIENTED_EDGE ( 'NONE', *, *, #7259, .F. ) ;
#4251 = ORIENTED_EDGE ( 'NONE', *, *, #2447, .T. ) ;
#4252 = FILL_AREA_STYLE_COLOUR ( '', #7203 ) ;
#4253 = PRESENTATION_STYLE_ASSIGNMENT (( #7837 ) ) ;
#4254 = VECTOR ( 'NONE', #6505, 1000.000000000000000 ) ;
#4255 = EDGE_CURVE ( 'NONE', #7559, #4924, #5317, .T. ) ;
#4256 = CARTESIAN_POINT ( 'NONE',  ( 5.800000000029100988, 2.299999999979629894, 3.321173431502630446 ) ) ;
#4257 = SURFACE_STYLE_FILL_AREA ( #7890 ) ;
#4258 = ORIENTED_EDGE ( 'NONE', *, *, #5431, .F. ) ;
#4259 = VECTOR ( 'NONE', #9216, 1000.000000000000000 ) ;
#4260 = ORIENTED_EDGE ( 'NONE', *, *, #7121, .F. ) ;
#4261 = COLOUR_RGB ( '',0.7450980392156862919, 0.7372549019607843590, 0.7294117647058823151 ) ;
#4262 =( LENGTH_UNIT ( ) NAMED_UNIT ( * ) SI_UNIT ( .MILLI., .METRE. ) );
#4263 = VECTOR ( 'NONE', #2667, 1000.000000000000000 ) ;
#4264 = LINE ( 'NONE', #6246, #3239 ) ;
#4265 = COLOUR_RGB ( '',0.7294117647058823151, 0.5176470588235293491, 0.3058823529411764941 ) ;
#4266 = SURFACE_SIDE_STYLE ('',( #5865 ) ) ;
#4267 = FACE_OUTER_BOUND ( 'NONE', #2016, .T. ) ;
#4268 = ORIENTED_EDGE ( 'NONE', *, *, #3235, .F. ) ;
#4269 = FILL_AREA_STYLE ('',( #7852 ) ) ;
#4270 = LINE ( 'NONE', #5820, #4118 ) ;
#4271 = COLOUR_RGB ( '',0.7450980392156862919, 0.7372549019607843590, 0.7294117647058823151 ) ;
#4272 = ORIENTED_EDGE ( 'NONE', *, *, #6595, .F. ) ;
#4273 = VECTOR ( 'NONE', #3066, 1000.000000000000000 ) ;
#4274 = AXIS2_PLACEMENT_3D ( 'NONE', #1646, #2304, #5169 ) ;
#4275 = SURFACE_STYLE_USAGE ( .BOTH. , #5954 ) ;
#4276 = SURFACE_SIDE_STYLE ('',( #2784 ) ) ;
#4277 = DIRECTION ( 'NONE',  ( -1.000000000000000000, 0.000000000000000000, -0.000000000000000000 ) ) ;
#4278 = EDGE_CURVE ( 'NONE', #8359, #2409, #6173, .T. ) ;
#4279 = COLOUR_RGB ( '',0.7294117647058823151, 0.5176470588235293491, 0.3058823529411764941 ) ;
#4280 = ORIENTED_EDGE ( 'NONE', *, *, #3934, .T. ) ;
#4281 = CARTESIAN_POINT ( 'NONE',  ( 0.000000000000000000, -2.299999999979629894, 2.250000000000000444 ) ) ;
#4282 = UNCERTAINTY_MEASURE_WITH_UNIT (LENGTH_MEASURE( 1.000000000000000082E-05 ), #2027, 'distance_accuracy_value', 'NONE');
#4283 = DIRECTION ( 'NONE',  ( 1.000000000000000000, 0.000000000000000000, 0.000000000000000000 ) ) ;
#4284 =( BOUNDED_SURFACE ( )  B_SPLINE_SURFACE ( 3, 3, ( 
 ( #8312, #7423, #8958, #7614 ),
 ( #2534, #8141, #1814, #492 ),
 ( #1176, #991, #4693, #1770 ),
 ( #3979, #2579, #4028, #8826 ) ),
 .UNSPECIFIED., .F., .F., .F. ) 
 B_SPLINE_SURFACE_WITH_KNOTS ( ( 4, 4 ),
 ( 4, 4 ),
 ( 0.000000000000000000, 1.000000000000000000 ),
 ( 0.000000000000000000, 1.000000000000000000 ),
 .UNSPECIFIED. ) 
 GEOMETRIC_REPRESENTATION_ITEM ( )  RATIONAL_B_SPLINE_SURFACE ( (
 ( 1.000000000000000000, 0.3333333333333334259, 0.3333333333333334259, 1.000000000000000000),
 ( 0.9245018060306380292, 0.3081672686768794356, 0.3081672686768794356, 0.9245018060306380292),
 ( 0.9245018060306380292, 0.3081672686768794356, 0.3081672686768794356, 0.9245018060306380292),
 ( 1.000000000000000000, 0.3333333333333334259, 0.3333333333333334259, 1.000000000000000000) ) ) 
 REPRESENTATION_ITEM ( '' )  SURFACE ( )  );
#4285 = VERTEX_POINT ( 'NONE', #1059 ) ;
#4286 = EDGE_CURVE ( 'NONE', #2192, #7092, #8966, .T. ) ;
#4287 = SURFACE_STYLE_FILL_AREA ( #858 ) ;
#4288 = CARTESIAN_POINT ( 'NONE',  ( 2.950000000000000178, -0.2000000000000000389, -3.000000000000000000 ) ) ;
#4289 = DIRECTION ( 'NONE',  ( 0.000000000000000000, 0.000000000000000000, 1.000000000000000000 ) ) ;
#4290 = CARTESIAN_POINT ( 'NONE',  ( -3.117763191482009866, -2.299999999979629894, 4.917763191452910299 ) ) ;
#4291 = SURFACE_STYLE_USAGE ( .BOTH. , #5703 ) ;
#4292 = DIRECTION ( 'NONE',  ( -1.000000000000000000, 0.000000000000000000, 7.930164461608259947E-17 ) ) ;
#4293 =( NAMED_UNIT ( * ) PLANE_ANGLE_UNIT ( ) SI_UNIT ( $, .RADIAN. ) );
#4294 = VERTEX_POINT ( 'NONE', #7445 ) ;
#4295 =( GEOMETRIC_REPRESENTATION_CONTEXT ( 3 ) GLOBAL_UNCERTAINTY_ASSIGNED_CONTEXT ( ( #7122 ) ) GLOBAL_UNIT_ASSIGNED_CONTEXT ( ( #511, #7369, #4093 ) ) REPRESENTATION_CONTEXT ( 'NONE', 'WORKASPACE' ) );
#4296 = VECTOR ( 'NONE', #2865, 1000.000000000000000 ) ;
#4297 = ORIENTED_EDGE ( 'NONE', *, *, #7051, .T. ) ;
#4298 = VERTEX_POINT ( 'NONE', #3692 ) ;
#4299 = CARTESIAN_POINT ( 'NONE',  ( 5.900000000029099745, 2.299999999979629894, 2.250000000000000444 ) ) ;
#4300 = UNCERTAINTY_MEASURE_WITH_UNIT (LENGTH_MEASURE( 1.000000000000000082E-05 ), #524, 'distance_accuracy_value', 'NONE');
#4301 = COLOUR_RGB ( '',0.7450980392156862919, 0.7372549019607843590, 0.7294117647058823151 ) ;
#4302 = CARTESIAN_POINT ( 'NONE',  ( -5.800000000029100100, -2.299999999999999822, 6.000000000000000000 ) ) ;
#4303 = ORIENTED_EDGE ( 'NONE', *, *, #3827, .T. ) ;
#4304 = DIRECTION ( 'NONE',  ( -0.000000000000000000, -0.000000000000000000, 1.000000000000000000 ) ) ;
#4305 = ORIENTED_EDGE ( 'NONE', *, *, #7963, .F. ) ;
#4306 = COLOUR_RGB ( '',0.7450980392156862919, 0.7372549019607843590, 0.7294117647058823151 ) ;
#4307 = DIRECTION ( 'NONE',  ( 4.440892098500620245E-16, 0.000000000000000000, 1.000000000000000000 ) ) ;
#4308 = FILL_AREA_STYLE ('',( #85 ) ) ;
#4309 = EDGE_CURVE ( 'NONE', #7365, #5225, #3779, .T. ) ;
#4310 = LINE ( 'NONE', #2162, #4485 ) ;
#4311 = MECHANICAL_DESIGN_GEOMETRIC_PRESENTATION_REPRESENTATION (  '', ( #5517 ), #3860 ) ;
#4312 = MECHANICAL_DESIGN_GEOMETRIC_PRESENTATION_REPRESENTATION (  '', ( #2828 ), #4157 ) ;
#4313 = DIRECTION ( 'NONE',  ( 0.000000000000000000, 0.000000000000000000, 1.000000000000000000 ) ) ;
#4314 = ORIENTED_EDGE ( 'NONE', *, *, #8612, .T. ) ;
#4315 = COLOUR_RGB ( '',0.7450980392156862919, 0.7372549019607843590, 0.7294117647058823151 ) ;
#4316 = DIRECTION ( 'NONE',  ( 0.000000000000000000, 0.000000000000000000, 1.000000000000000000 ) ) ;
#4317 = VECTOR ( 'NONE', #2789, 1000.000000000000000 ) ;
#4318 = AXIS2_PLACEMENT_3D ( 'NONE', #8217, #7475, #1723 ) ;
#4319 = CARTESIAN_POINT ( 'NONE',  ( -5.800000000029100100, -2.200000000000000178, 6.000000000000000000 ) ) ;
#4320 = SURFACE_SIDE_STYLE ('',( #2886 ) ) ;
#4321 = SURFACE_SIDE_STYLE ('',( #2214 ) ) ;
#4322 = CARTESIAN_POINT ( 'NONE',  ( -5.900000000029099745, 2.299999999979629894, 2.250000000000000444 ) ) ;
#4323 = ORIENTED_EDGE ( 'NONE', *, *, #7453, .F. ) ;
#4324 = CARTESIAN_POINT ( 'NONE',  ( -5.900000000029099745, 2.199999999979629806, 1.100000000000000089 ) ) ;
#4325 = CARTESIAN_POINT ( 'NONE',  ( -6.000000000029100278, -2.799999999999999822, 0.000000000000000000 ) ) ;
#4326 = VECTOR ( 'NONE', #2948, 1000.000000000000000 ) ;
#4327 = VECTOR ( 'NONE', #6653, 1000.000000000000000 ) ;
#4328 = PLANE ( 'NONE',  #3279 ) ;
#4329 = CARTESIAN_POINT ( 'NONE',  ( 0.05000000000000002359, -0.2000000000000000111, -3.000000000000000000 ) ) ;
#4330 = LINE ( 'NONE', #3686, #1345 ) ;
#4331 = COLOUR_RGB ( '',0.7450980392156862919, 0.7372549019607843590, 0.7294117647058823151 ) ;
#4332 =( LENGTH_UNIT ( ) NAMED_UNIT ( * ) SI_UNIT ( .MILLI., .METRE. ) );
#4333 = CARTESIAN_POINT ( 'NONE',  ( -4.875000000000000000, -2.200000000000000178, 5.400000000000000355 ) ) ;
#4334 = DIRECTION ( 'NONE',  ( 0.000000000000000000, 0.000000000000000000, 1.000000000000000000 ) ) ;
#4335 = PRESENTATION_LAYER_ASSIGNMENT (  '', '', ( #3887 ) ) ;
#4336 = DIRECTION ( 'NONE',  ( 0.000000000000000000, -0.000000000000000000, -1.000000000000000000 ) ) ;
#4337 = EDGE_LOOP ( 'NONE', ( #4107, #8436, #2918, #4935 ) ) ;
#4338 = VECTOR ( 'NONE', #7439, 1000.000000000000000 ) ;
#4339 = ADVANCED_FACE ( 'NONE', ( #4434 ), #8023, .T. ) ;
#4340 = ORIENTED_EDGE ( 'NONE', *, *, #4164, .T. ) ;
#4341 = MECHANICAL_DESIGN_GEOMETRIC_PRESENTATION_REPRESENTATION (  '', ( #7961 ), #5396 ) ;
#4342 = DIRECTION ( 'NONE',  ( 1.000000000000000000, -0.000000000000000000, 0.000000000000000000 ) ) ;
#4343 = COLOUR_RGB ( '',0.2862745098039215508, 0.2862745098039215508, 0.2862745098039215508 ) ;
#4344 =( GEOMETRIC_REPRESENTATION_CONTEXT ( 3 ) GLOBAL_UNCERTAINTY_ASSIGNED_CONTEXT ( ( #5712 ) ) GLOBAL_UNIT_ASSIGNED_CONTEXT ( ( #7238, #852, #1122 ) ) REPRESENTATION_CONTEXT ( 'NONE', 'WORKASPACE' ) );
#4345 = CARTESIAN_POINT ( 'NONE',  ( -3.250000000000000444, -2.299999999979629894, 1.100000000000000089 ) ) ;
#4346 = SURFACE_STYLE_USAGE ( .BOTH. , #32 ) ;
#4347 = EDGE_CURVE ( 'NONE', #7071, #2945, #3733, .T. ) ;
#4348 = EDGE_CURVE ( 'NONE', #2300, #1909, #920, .T. ) ;
#4349 = CARTESIAN_POINT ( 'NONE',  ( -6.500000000000000888, -2.200000000000000178, 6.000000000000000000 ) ) ;
#4350 = ORIENTED_EDGE ( 'NONE', *, *, #5422, .F. ) ;
#4351 = DIRECTION ( 'NONE',  ( 0.000000000000000000, 0.000000000000000000, -1.000000000000000000 ) ) ;
#4352 = VERTEX_POINT ( 'NONE', #6568 ) ;
#4353 = CARTESIAN_POINT ( 'NONE',  ( -1.550000000000000266, -8.300000000000000711, 4.750000000000000888 ) ) ;
#4354 = SURFACE_STYLE_USAGE ( .BOTH. , #7801 ) ;
#4355 = PRESENTATION_LAYER_ASSIGNMENT (  '', '', ( #908 ) ) ;
#4356 = DIRECTION ( 'NONE',  ( 0.000000000000000000, 0.000000000000000000, -1.000000000000000000 ) ) ;
#4357 = DIRECTION ( 'NONE',  ( -0.000000000000000000, -0.000000000000000000, -1.000000000000000000 ) ) ;
#4358 = PLANE ( 'NONE',  #8247 ) ;
#4359 = CARTESIAN_POINT ( 'NONE',  ( -0.2500000000000000000, -0.2000000000000000111, 0.000000000000000000 ) ) ;
#4360 = DIRECTION ( 'NONE',  ( -0.000000000000000000, 1.000000000000000000, 0.000000000000000000 ) ) ;
#4361 = EDGE_CURVE ( 'NONE', #3790, #3975, #257, .T. ) ;
#4362 = DIRECTION ( 'NONE',  ( 0.000000000000000000, 0.000000000000000000, 1.000000000000000000 ) ) ;
#4363 = CARTESIAN_POINT ( 'NONE',  ( 5.900000000029099745, -2.199999999979629806, 5.400000000000000355 ) ) ;
#4364 = ORIENTED_EDGE ( 'NONE', *, *, #4781, .F. ) ;
#4365 = PRESENTATION_LAYER_ASSIGNMENT (  '', '', ( #3336 ) ) ;
#4366 =( LENGTH_UNIT ( ) NAMED_UNIT ( * ) SI_UNIT ( .MILLI., .METRE. ) );
#4367 = PRESENTATION_STYLE_ASSIGNMENT (( #6503 ) ) ;
#4368 = CARTESIAN_POINT ( 'NONE',  ( 6.500000000000000888, 2.200000000000000178, 6.000000000000000000 ) ) ;
#4369 = PLANE ( 'NONE',  #7387 ) ;
#4370 = ORIENTED_EDGE ( 'NONE', *, *, #2663, .F. ) ;
#4371 =( LENGTH_UNIT ( ) NAMED_UNIT ( * ) SI_UNIT ( .MILLI., .METRE. ) );
#4372 = CYLINDRICAL_SURFACE ( 'NONE', #5924, 0.1000000000000002554 ) ;
#4373 = DIRECTION ( 'NONE',  ( 0.000000000000000000, 0.000000000000000000, -1.000000000000000000 ) ) ;
#4374 = DIRECTION ( 'NONE',  ( 1.000000000000000000, -0.000000000000000000, -0.000000000000000000 ) ) ;
#4375 =( NAMED_UNIT ( * ) SI_UNIT ( $, .STERADIAN. ) SOLID_ANGLE_UNIT ( ) );
#4376 = DIRECTION ( 'NONE',  ( 0.000000000000000000, -1.000000000000000000, 0.000000000000000000 ) ) ;
#4377 = FACE_OUTER_BOUND ( 'NONE', #7798, .T. ) ;
#4378 =( LENGTH_UNIT ( ) NAMED_UNIT ( * ) SI_UNIT ( .MILLI., .METRE. ) );
#4379 = ORIENTED_EDGE ( 'NONE', *, *, #8540, .F. ) ;
#4380 = FACE_OUTER_BOUND ( 'NONE', #3290, .T. ) ;
#4381 = ORIENTED_EDGE ( 'NONE', *, *, #9036, .F. ) ;
#4382 = FILL_AREA_STYLE_COLOUR ( '', #2530 ) ;
#4383 = SURFACE_STYLE_USAGE ( .BOTH. , #5797 ) ;
#4384 = ORIENTED_EDGE ( 'NONE', *, *, #1313, .F. ) ;
#4385 =( GEOMETRIC_REPRESENTATION_CONTEXT ( 3 ) GLOBAL_UNCERTAINTY_ASSIGNED_CONTEXT ( ( #4087 ) ) GLOBAL_UNIT_ASSIGNED_CONTEXT ( ( #338, #1037, #4793 ) ) REPRESENTATION_CONTEXT ( 'NONE', 'WORKASPACE' ) );
#4386 = VERTEX_POINT ( 'NONE', #1520 ) ;
#4387 = COLOUR_RGB ( '',0.7450980392156862919, 0.7372549019607843590, 0.7294117647058823151 ) ;
#4388 = PRESENTATION_STYLE_ASSIGNMENT (( #1525 ) ) ;
#4389 = PLANE ( 'NONE',  #8682 ) ;
#4390 = PRODUCT ( '2', '2', '', ( #6708 ) ) ;
#4391 = ADVANCED_FACE ( 'NONE', ( #8663 ), #2121, .T. ) ;
#4392 = EDGE_CURVE ( 'NONE', #8543, #9025, #4175, .T. ) ;
#4393 =( NAMED_UNIT ( * ) PLANE_ANGLE_UNIT ( ) SI_UNIT ( $, .RADIAN. ) );
#4394 = VECTOR ( 'NONE', #4672, 1000.000000000000114 ) ;
#4395 =( NAMED_UNIT ( * ) PLANE_ANGLE_UNIT ( ) SI_UNIT ( $, .RADIAN. ) );
#4396 = CARTESIAN_POINT ( 'NONE',  ( -5.900000000029099745, -2.199999999979629806, 5.400000000000000355 ) ) ;
#4397 = ORIENTED_EDGE ( 'NONE', *, *, #8239, .F. ) ;
#4398 = FACE_OUTER_BOUND ( 'NONE', #5660, .T. ) ;
#4399 = VERTEX_POINT ( 'NONE', #1175 ) ;
#4400 = ORIENTED_EDGE ( 'NONE', *, *, #5388, .T. ) ;
#4401 = FILL_AREA_STYLE ('',( #1535 ) ) ;
#4402 = EDGE_CURVE ( 'NONE', #4156, #4585, #4310, .T. ) ;
#4403 = APPLICATION_CONTEXT ( 'automotive_design' ) ;
#4404 = FACE_OUTER_BOUND ( 'NONE', #5636, .T. ) ;
#4405 = DIRECTION ( 'NONE',  ( -0.4082482904638590204, -0.8164965809277260345, -0.4082482904638670140 ) ) ;
#4407 = PRESENTATION_LAYER_ASSIGNMENT (  '', '', ( #4103 ) ) ;
#4406 = LINE ( 'NONE', #4551, #9271 ) ;
#4408 = FILL_AREA_STYLE_COLOUR ( '', #967 ) ;
#4409 = ORIENTED_EDGE ( 'NONE', *, *, #4809, .F. ) ;
#4410 = ADVANCED_FACE ( 'NONE', ( #5367 ), #7541, .T. ) ;
#4411 = COLOUR_RGB ( '',0.8313725490196077761, 0.8313725490196077761, 0.8313725490196077761 ) ;
#4412 = SURFACE_STYLE_USAGE ( .BOTH. , #238 ) ;
#4413 = SURFACE_SIDE_STYLE ('',( #2885 ) ) ;
#4414 = CARTESIAN_POINT ( 'NONE',  ( 5.800000000029100100, 3.441945830445349852, 6.000000000000000000 ) ) ;
#4415 =( NAMED_UNIT ( * ) SI_UNIT ( $, .STERADIAN. ) SOLID_ANGLE_UNIT ( ) );
#4416 = SURFACE_STYLE_FILL_AREA ( #2035 ) ;
#4417 = ORIENTED_EDGE ( 'NONE', *, *, #2313, .T. ) ;
#4418 = STYLED_ITEM ( 'NONE', ( #7320 ), #213 ) ;
#4419 =( LENGTH_UNIT ( ) NAMED_UNIT ( * ) SI_UNIT ( .MILLI., .METRE. ) );
#4420 = PRESENTATION_LAYER_ASSIGNMENT (  '', '', ( #1118 ) ) ;
#4421 =( NAMED_UNIT ( * ) SI_UNIT ( $, .STERADIAN. ) SOLID_ANGLE_UNIT ( ) );
#4422 = CIRCLE ( 'NONE', #4579, 0.5999999999999999778 ) ;
#4423 = CIRCLE ( 'NONE', #2631, 0.1000000000000002554 ) ;
#4424 = CARTESIAN_POINT ( 'NONE',  ( 6.000000000029100278, -2.799999999999999822, 0.000000000000000000 ) ) ;
#4425 = CARTESIAN_POINT ( 'NONE',  ( -5.957735026948063783, -2.257735026898590291, 5.457735026918964394 ) ) ;
#4426 = MECHANICAL_DESIGN_GEOMETRIC_PRESENTATION_REPRESENTATION (  '', ( #2189 ), #8181 ) ;
#4427 = CARTESIAN_POINT ( 'NONE',  ( 5.800000000029100100, 2.200000000000000178, 3.250000000000000444 ) ) ;
#4428 = AXIS2_PLACEMENT_3D ( 'NONE', #4363, #4890, #1332 ) ;
#4429 = PRESENTATION_STYLE_ASSIGNMENT (( #1475 ) ) ;
#4430 = CARTESIAN_POINT ( 'NONE',  ( 6.000000000029100278, 2.299999999979629894, 3.440418332022769921 ) ) ;
#4431 = FILL_AREA_STYLE ('',( #6870 ) ) ;
#4432 = EDGE_LOOP ( 'NONE', ( #1810, #4919, #918, #180 ) ) ;
#4433 = CARTESIAN_POINT ( 'NONE',  ( -2.250000000000001332, -8.300000000000000711, 2.250000000000000444 ) ) ;
#4434 = FACE_OUTER_BOUND ( 'NONE', #5428, .T. ) ;
#4435 = SURFACE_STYLE_FILL_AREA ( #2991 ) ;
#4436 =( GEOMETRIC_REPRESENTATION_CONTEXT ( 3 ) GLOBAL_UNCERTAINTY_ASSIGNED_CONTEXT ( ( #7176 ) ) GLOBAL_UNIT_ASSIGNED_CONTEXT ( ( #6256, #1877, #7857 ) ) REPRESENTATION_CONTEXT ( 'NONE', 'WORKASPACE' ) );
#4437 = AXIS2_PLACEMENT_3D ( 'NONE', #6458, #7766, #677 ) ;
#4438 = ORIENTED_EDGE ( 'NONE', *, *, #1255, .T. ) ;
#4439 = VERTEX_POINT ( 'NONE', #965 ) ;
#4440 = DIRECTION ( 'NONE',  ( -1.000000000000000000, -0.000000000000000000, 0.000000000000000000 ) ) ;
#4441 = PLANE ( 'NONE',  #3479 ) ;
#4442 = CLOSED_SHELL ( 'NONE', ( #4562, #2713, #8984, #2374, #5605, #4903, #8119, #213 ) ) ;
#4443 = AXIS2_PLACEMENT_3D ( 'NONE', #8292, #4536, #363 ) ;
#4444 = SURFACE_SIDE_STYLE ('',( #76 ) ) ;
#4445 = FILL_AREA_STYLE ('',( #8761 ) ) ;
#4446 = DIRECTION ( 'NONE',  ( 1.000000000000000000, 0.000000000000000000, 0.000000000000000000 ) ) ;
#4447 = LINE ( 'NONE', #3789, #4875 ) ;
#4448 = VERTEX_POINT ( 'NONE', #8795 ) ;
#4449 = EDGE_LOOP ( 'NONE', ( #4958, #4272, #6186, #3003 ) ) ;
#4450 = DIRECTION ( 'NONE',  ( 0.000000000000000000, -0.000000000000000000, 1.000000000000000000 ) ) ;
#4451 = EDGE_CURVE ( 'NONE', #790, #1095, #8242, .T. ) ;
#4452 = STYLED_ITEM ( 'NONE', ( #5260 ), #8935 ) ;
#4453 = UNCERTAINTY_MEASURE_WITH_UNIT (LENGTH_MEASURE( 1.000000000000000082E-05 ), #3322, 'distance_accuracy_value', 'NONE');
#4454 = DIRECTION ( 'NONE',  ( -1.000000000000000000, 0.000000000000000000, 0.000000000000000000 ) ) ;
#4455 = FACE_OUTER_BOUND ( 'NONE', #7419, .T. ) ;
#4456 = DIRECTION ( 'NONE',  ( -0.000000000000000000, -1.000000000000000000, -0.000000000000000000 ) ) ;
#4457 = STYLED_ITEM ( 'NONE', ( #3533 ), #9189 ) ;
#4458 = SURFACE_STYLE_USAGE ( .BOTH. , #1588 ) ;
#4459 =( GEOMETRIC_REPRESENTATION_CONTEXT ( 3 ) GLOBAL_UNCERTAINTY_ASSIGNED_CONTEXT ( ( #419 ) ) GLOBAL_UNIT_ASSIGNED_CONTEXT ( ( #472, #6274, #6181 ) ) REPRESENTATION_CONTEXT ( 'NONE', 'WORKASPACE' ) );
#4460 = STYLED_ITEM ( 'NONE', ( #2115 ), #5232 ) ;
#4461 = PLANE ( 'NONE',  #6073 ) ;
#4462 = DIRECTION ( 'NONE',  ( 1.000000000000000000, 0.000000000000000000, 0.000000000000000000 ) ) ;
#4463 = AXIS2_PLACEMENT_3D ( 'NONE', #7965, #163, #8712 ) ;
#4464 = CARTESIAN_POINT ( 'NONE',  ( -2.950000000000000178, -2.099999999979630161, 4.750000000000000888 ) ) ;
#4465 = DIRECTION ( 'NONE',  ( 0.000000000000000000, -1.000000000000000000, 0.000000000000000000 ) ) ;
#4466 = DIRECTION ( 'NONE',  ( 1.000000000000000000, -0.000000000000000000, -0.000000000000000000 ) ) ;
#4467 = ORIENTED_EDGE ( 'NONE', *, *, #3792, .F. ) ;
#4468 = FILL_AREA_STYLE_COLOUR ( '', #7016 ) ;
#4469 = EDGE_CURVE ( 'NONE', #3923, #8753, #3873, .T. ) ;
#4470 = STYLED_ITEM ( 'NONE', ( #1987 ), #5615 ) ;
#4471 = EDGE_CURVE ( 'NONE', #4399, #804, #8159, .T. ) ;
#4472 =( GEOMETRIC_REPRESENTATION_CONTEXT ( 3 ) GLOBAL_UNCERTAINTY_ASSIGNED_CONTEXT ( ( #370 ) ) GLOBAL_UNIT_ASSIGNED_CONTEXT ( ( #221, #33, #128 ) ) REPRESENTATION_CONTEXT ( 'NONE', 'WORKASPACE' ) );
#4473 = STYLED_ITEM ( 'NONE', ( #3869 ), #4339 ) ;
#4474 = FILL_AREA_STYLE ('',( #3906 ) ) ;
#4475 = LINE ( 'NONE', #252, #1375 ) ;
#4476 = CARTESIAN_POINT ( 'NONE',  ( -3.049999999999999822, 0.2000000000000000111, -3.000000000000000000 ) ) ;
#4477 =( NAMED_UNIT ( * ) PLANE_ANGLE_UNIT ( ) SI_UNIT ( $, .RADIAN. ) );
#4478 = LINE ( 'NONE', #7616, #1351 ) ;
#4479 = ORIENTED_EDGE ( 'NONE', *, *, #4992, .T. ) ;
#4480 = VECTOR ( 'NONE', #7518, 1000.000000000000000 ) ;
#4481 = ORIENTED_EDGE ( 'NONE', *, *, #3763, .T. ) ;
#4482 = EDGE_CURVE ( 'NONE', #8349, #4531, #1006, .T. ) ;
#4483 = CARTESIAN_POINT ( 'NONE',  ( -5.900000000029099745, -2.199999999979629806, 1.100000000000000089 ) ) ;
#4484 = CARTESIAN_POINT ( 'NONE',  ( 2.950000000000000178, 0.2000000000000000111, -3.000000000000000000 ) ) ;
#4485 = VECTOR ( 'NONE', #5015, 1000.000000000000000 ) ;
#4486 = ORIENTED_EDGE ( 'NONE', *, *, #6450, .T. ) ;
#4487 = VECTOR ( 'NONE', #5198, 1000.000000000000000 ) ;
#4488 = DIRECTION ( 'NONE',  ( 2.386506727942370021E-16, -1.000000000000000000, 0.000000000000000000 ) ) ;
#4489 = LINE ( 'NONE', #8629, #11 ) ;
#4490 = FILL_AREA_STYLE_COLOUR ( '', #4912 ) ;
#4491 = CARTESIAN_POINT ( 'NONE',  ( -1.175000000014549961, 2.199999999979629806, 1.000000000000000000 ) ) ;
#4492 = FILL_AREA_STYLE ('',( #268 ) ) ;
#4493 = SURFACE_STYLE_USAGE ( .BOTH. , #3743 ) ;
#4494 = VECTOR ( 'NONE', #1251, 1000.000000000000000 ) ;
#4495 =( LENGTH_UNIT ( ) NAMED_UNIT ( * ) SI_UNIT ( .MILLI., .METRE. ) );
#4496 = ORIENTED_EDGE ( 'NONE', *, *, #9100, .F. ) ;
#4497 = ORIENTED_EDGE ( 'NONE', *, *, #1601, .F. ) ;
#4498 = AXIS2_PLACEMENT_3D ( 'NONE', #5248, #4501, #6669 ) ;
#4499 = VECTOR ( 'NONE', #1161, 1000.000000000000000 ) ;
#4500 = DIRECTION ( 'NONE',  ( 0.000000000000000000, -0.000000000000000000, 1.000000000000000000 ) ) ;
#4501 = DIRECTION ( 'NONE',  ( 0.000000000000000000, 1.000000000000000000, 0.000000000000000000 ) ) ;
#4502 = CARTESIAN_POINT ( 'NONE',  ( 6.500000000000000888, -2.500000000000000000, 3.250000000000000444 ) ) ;
#4503 =( NAMED_UNIT ( * ) PLANE_ANGLE_UNIT ( ) SI_UNIT ( $, .RADIAN. ) );
#4504 = COLOUR_RGB ( '',0.7450980392156862919, 0.7372549019607843590, 0.7294117647058823151 ) ;
#4505 = EDGE_CURVE ( 'NONE', #3515, #6267, #6032, .T. ) ;
#4506 = CARTESIAN_POINT ( 'NONE',  ( -2.949999999999999734, 2.799999999999999822, 1.000000000000000000 ) ) ;
#4507 = PRESENTATION_LAYER_ASSIGNMENT (  '', '', ( #6318 ) ) ;
#4508 = ORIENTED_EDGE ( 'NONE', *, *, #963, .F. ) ;
#4509 = CARTESIAN_POINT ( 'NONE',  ( -6.000000000029100278, 2.299999999979629894, 2.250000000000000444 ) ) ;
#4510 = PRODUCT_RELATED_PRODUCT_CATEGORY ( 'part', '', ( #9200 ) ) ;
#4511 = CARTESIAN_POINT ( 'NONE',  ( -3.250000000000000444, -2.799999999999999822, 2.250000000000000444 ) ) ;
#4512 = COLOUR_RGB ( '',0.7450980392156862919, 0.7372549019607843590, 0.7294117647058823151 ) ;
#4513 = LINE ( 'NONE', #1083, #527 ) ;
#4514 = FACE_OUTER_BOUND ( 'NONE', #4689, .T. ) ;
#4515 = VERTEX_POINT ( 'NONE', #2456 ) ;
#4516 = ADVANCED_FACE ( 'NONE', ( #4621 ), #1994, .T. ) ;
#4517 = PRESENTATION_STYLE_ASSIGNMENT (( #8146 ) ) ;
#4518 = ADVANCED_FACE ( 'NONE', ( #8479 ), #6417, .T. ) ;
#4519 = DIRECTION ( 'NONE',  ( -1.000000000000000000, -0.000000000000000000, 0.000000000000000000 ) ) ;
#4520 = EDGE_CURVE ( 'NONE', #1792, #2761, #6602, .T. ) ;
#4521 =( NAMED_UNIT ( * ) PLANE_ANGLE_UNIT ( ) SI_UNIT ( $, .RADIAN. ) );
#4522 = EDGE_CURVE ( 'NONE', #9056, #5195, #2188, .T. ) ;
#4523 = DIRECTION ( 'NONE',  ( -1.000000000000000000, -0.000000000000000000, 0.000000000000000000 ) ) ;
#4524 = LINE ( 'NONE', #2308, #1071 ) ;
#4525 = DIRECTION ( 'NONE',  ( -1.000000000000000000, 0.000000000000000000, 0.000000000000000000 ) ) ;
#4526 = VERTEX_POINT ( 'NONE', #3638 ) ;
#4527 = COLOUR_RGB ( '',0.7450980392156862919, 0.7372549019607843590, 0.7294117647058823151 ) ;
#4528 = ORIENTED_EDGE ( 'NONE', *, *, #7448, .T. ) ;
#4529 = DIRECTION ( 'NONE',  ( 1.000000000000000000, -0.000000000000000000, 0.000000000000000000 ) ) ;
#4530 = SURFACE_SIDE_STYLE ('',( #8845 ) ) ;
#4531 = VERTEX_POINT ( 'NONE', #8655 ) ;
#4532 = LINE ( 'NONE', #6572, #1927 ) ;
#4533 = CARTESIAN_POINT ( 'NONE',  ( 5.875094501888885823, 2.233062582872593183, 5.491030663926141919 ) ) ;
#4534 = EDGE_CURVE ( 'NONE', #6144, #4037, #1512, .T. ) ;
#4535 = CARTESIAN_POINT ( 'NONE',  ( 3.250000000000000444, -2.299999999979629894, 0.000000000000000000 ) ) ;
#4536 = DIRECTION ( 'NONE',  ( -1.000000000000000000, 0.000000000000000000, 7.930164461608259947E-17 ) ) ;
#4537 = VERTEX_POINT ( 'NONE', #6321 ) ;
#4538 =( NAMED_UNIT ( * ) SI_UNIT ( $, .STERADIAN. ) SOLID_ANGLE_UNIT ( ) );
#4539 = DIRECTION ( 'NONE',  ( 1.000000000000000000, 0.000000000000000000, 0.000000000000000000 ) ) ;
#4540 = ORIENTED_EDGE ( 'NONE', *, *, #5905, .F. ) ;
#4541 = ORIENTED_EDGE ( 'NONE', *, *, #2580, .F. ) ;
#4542 = CARTESIAN_POINT ( 'NONE',  ( 5.808158727511061770, -2.366934131628235516, 5.424094889548318754 ) ) ;
#4543 = UNCERTAINTY_MEASURE_WITH_UNIT (LENGTH_MEASURE( 1.000000000000000082E-05 ), #3023, 'distance_accuracy_value', 'NONE');
#4544 = VECTOR ( 'NONE', #6372, 1000.000000000000000 ) ;
#4545 = CARTESIAN_POINT ( 'NONE',  ( -5.800000000029100100, 2.299999999979629894, 0.000000000000000000 ) ) ;
#4546 = CARTESIAN_POINT ( 'NONE',  ( -5.800000000029100100, 3.441945830445349852, 6.000000000000000000 ) ) ;
#4547 = LINE ( 'NONE', #3093, #1640 ) ;
#4548 = FILL_AREA_STYLE ('',( #6813 ) ) ;
#4549 =( NAMED_UNIT ( * ) PLANE_ANGLE_UNIT ( ) SI_UNIT ( $, .RADIAN. ) );
#4550 = EDGE_LOOP ( 'NONE', ( #1608, #6758, #5529, #8488 ) ) ;
#4551 = CARTESIAN_POINT ( 'NONE',  ( 3.250000000000000444, 0.2000000000000000111, -2.799999999999999822 ) ) ;
#4552 = CARTESIAN_POINT ( 'NONE',  ( -0.1500000000000009936, -8.300000000000000711, 4.750000000000000000 ) ) ;
#4553 = ORIENTED_EDGE ( 'NONE', *, *, #1744, .T. ) ;
#4554 = DIRECTION ( 'NONE',  ( -1.000000000000000000, 0.000000000000000000, 0.000000000000000000 ) ) ;
#4555 = FILL_AREA_STYLE_COLOUR ( '', #1626 ) ;
#4556 = DIRECTION ( 'NONE',  ( 0.000000000000000000, 1.000000000000000000, 0.000000000000000000 ) ) ;
#4557 = ORIENTED_EDGE ( 'NONE', *, *, #6353, .F. ) ;
#4558 =( NAMED_UNIT ( * ) SI_UNIT ( $, .STERADIAN. ) SOLID_ANGLE_UNIT ( ) );
#4559 = CARTESIAN_POINT ( 'NONE',  ( -5.900000000029099745, 2.199999999979629806, 2.250000000000000444 ) ) ;
#4560 =( GEOMETRIC_REPRESENTATION_CONTEXT ( 3 ) GLOBAL_UNCERTAINTY_ASSIGNED_CONTEXT ( ( #7767 ) ) GLOBAL_UNIT_ASSIGNED_CONTEXT ( ( #9286, #8352, #5435 ) ) REPRESENTATION_CONTEXT ( 'NONE', 'WORKASPACE' ) );
#4561 = MECHANICAL_DESIGN_GEOMETRIC_PRESENTATION_REPRESENTATION (  '', ( #3208 ), #8313 ) ;
#4562 = ADVANCED_FACE ( 'NONE', ( #7346 ), #195, .T. ) ;
#4563 = CARTESIAN_POINT ( 'NONE',  ( 5.900000000029099745, 2.199999999979629806, 1.100000000000000089 ) ) ;
#4564 = CARTESIAN_POINT ( 'NONE',  ( 0.2500000000000000000, -0.2000000000000000111, 0.000000000000000000 ) ) ;
#4565 = PLANE ( 'NONE',  #7421 ) ;
#4566 = DIRECTION ( 'NONE',  ( -0.000000000000000000, 1.000000000000000000, -0.000000000000000000 ) ) ;
#4567 = CARTESIAN_POINT ( 'NONE',  ( -4.049999999999999822, 2.200000000000000178, 0.5000000000000000000 ) ) ;
#4568 =( NAMED_UNIT ( * ) PLANE_ANGLE_UNIT ( ) SI_UNIT ( $, .RADIAN. ) );
#4569 = CARTESIAN_POINT ( 'NONE',  ( -5.800000000029100100, 2.299999999979629894, 5.163708333923990423 ) ) ;
#4570 = AXIS2_PLACEMENT_3D ( 'NONE', #9128, #9026, #8469 ) ;
#4571 = ORIENTED_EDGE ( 'NONE', *, *, #3333, .T. ) ;
#4572 = PRESENTATION_LAYER_ASSIGNMENT (  '', '', ( #8628 ) ) ;
#4573 = FILL_AREA_STYLE_COLOUR ( '', #1334 ) ;
#4574 = CARTESIAN_POINT ( 'NONE',  ( -5.900000000029099745, -2.244721359529624483, 5.489442719099994150 ) ) ;
#4575 = ADVANCED_FACE ( 'NONE', ( #2866 ), #1449, .F. ) ;
#4576 = AXIS2_PLACEMENT_3D ( 'NONE', #4359, #7993, #1543 ) ;
#4577 = ORIENTED_EDGE ( 'NONE', *, *, #3984, .T. ) ;
#4578 =( GEOMETRIC_REPRESENTATION_CONTEXT ( 3 ) GLOBAL_UNCERTAINTY_ASSIGNED_CONTEXT ( ( #5695 ) ) GLOBAL_UNIT_ASSIGNED_CONTEXT ( ( #22, #3508, #5043 ) ) REPRESENTATION_CONTEXT ( 'NONE', 'WORKASPACE' ) );
#4579 = AXIS2_PLACEMENT_3D ( 'NONE', #710, #9222, #3585 ) ;
#4580 = EDGE_CURVE ( 'NONE', #6373, #6427, #1794, .T. ) ;
#4581 = PRESENTATION_STYLE_ASSIGNMENT (( #466 ) ) ;
#4582 = FILL_AREA_STYLE ('',( #8850 ) ) ;
#4583 = DIRECTION ( 'NONE',  ( 0.000000000000000000, 0.000000000000000000, -1.000000000000000000 ) ) ;
#4584 =( GEOMETRIC_REPRESENTATION_CONTEXT ( 3 ) GLOBAL_UNCERTAINTY_ASSIGNED_CONTEXT ( ( #9202 ) ) GLOBAL_UNIT_ASSIGNED_CONTEXT ( ( #5927, #7390, #2739 ) ) REPRESENTATION_CONTEXT ( 'NONE', 'WORKASPACE' ) );
#4585 = VERTEX_POINT ( 'NONE', #7130 ) ;
#4586 =( GEOMETRIC_REPRESENTATION_CONTEXT ( 3 ) GLOBAL_UNCERTAINTY_ASSIGNED_CONTEXT ( ( #8980 ) ) GLOBAL_UNIT_ASSIGNED_CONTEXT ( ( #3351, #4084, #8927 ) ) REPRESENTATION_CONTEXT ( 'NONE', 'WORKASPACE' ) );
#4587 = FILL_AREA_STYLE ('',( #7546 ) ) ;
#4588 = SHAPE_DEFINITION_REPRESENTATION ( #2975, #1695 ) ;
#4589 = EDGE_CURVE ( 'NONE', #2928, #5205, #2759, .T. ) ;
#4590 = ADVANCED_FACE ( 'NONE', ( #7919 ), #8576, .T. ) ;
#4591 = ORIENTED_EDGE ( 'NONE', *, *, #926, .T. ) ;
#4592 = EDGE_LOOP ( 'NONE', ( #4384, #1056, #7077, #1146, #4947 ) ) ;
#4593 = SURFACE_STYLE_USAGE ( .BOTH. , #8208 ) ;
#4594 = FILL_AREA_STYLE_COLOUR ( '', #1609 ) ;
#4595 = EDGE_CURVE ( 'NONE', #8178, #7844, #1437, .T. ) ;
#4596 = CARTESIAN_POINT ( 'NONE',  ( -3.250000000000000444, -0.2000000000000000389, -2.800000000000000266 ) ) ;
#4597 = PLANE ( 'NONE',  #7339 ) ;
#4598 = FILL_AREA_STYLE_COLOUR ( '', #5362 ) ;
#4599 =( GEOMETRIC_REPRESENTATION_CONTEXT ( 3 ) GLOBAL_UNCERTAINTY_ASSIGNED_CONTEXT ( ( #7866 ) ) GLOBAL_UNIT_ASSIGNED_CONTEXT ( ( #2368, #8528, #1254 ) ) REPRESENTATION_CONTEXT ( 'NONE', 'WORKASPACE' ) );
#4600 = ORIENTED_EDGE ( 'NONE', *, *, #2323, .F. ) ;
#4601 = DIRECTION ( 'NONE',  ( 0.000000000000000000, 0.000000000000000000, -1.000000000000000000 ) ) ;
#4602 = LINE ( 'NONE', #199, #3426 ) ;
#4603 = EDGE_CURVE ( 'NONE', #6890, #6913, #7209, .T. ) ;
#4604 = VECTOR ( 'NONE', #3413, 1000.000000000000000 ) ;
#4605 = AXIS2_PLACEMENT_3D ( 'NONE', #7232, #4456, #3097 ) ;
#4606 = CARTESIAN_POINT ( 'NONE',  ( 2.949999999999999734, 2.799999999999999822, 2.250000000000000444 ) ) ;
#4607 = DIRECTION ( 'NONE',  ( 0.000000000000000000, 0.000000000000000000, -1.000000000000000000 ) ) ;
#4608 = SURFACE_STYLE_USAGE ( .BOTH. , #2449 ) ;
#4609 = CARTESIAN_POINT ( 'NONE',  ( 5.900000000029099745, -2.199999999979629806, 2.250000000000000444 ) ) ;
#4610 = SURFACE_STYLE_FILL_AREA ( #2407 ) ;
#4611 = DIRECTION ( 'NONE',  ( 1.000000000000000000, 0.000000000000000000, 0.000000000000000000 ) ) ;
#4612 = STYLED_ITEM ( 'NONE', ( #5272 ), #5605 ) ;
#4613 = ORIENTED_EDGE ( 'NONE', *, *, #1324, .F. ) ;
#4614 = MECHANICAL_DESIGN_GEOMETRIC_PRESENTATION_REPRESENTATION (  '', ( #4460 ), #7473 ) ;
#4615 =( NAMED_UNIT ( * ) SI_UNIT ( $, .STERADIAN. ) SOLID_ANGLE_UNIT ( ) );
#4616 = CARTESIAN_POINT ( 'NONE',  ( -5.957735026948062007, 2.257735026898591624, 1.042264973081036938 ) ) ;
#4617 =( LENGTH_UNIT ( ) NAMED_UNIT ( * ) SI_UNIT ( .MILLI., .METRE. ) );
#4618 = PRESENTATION_LAYER_ASSIGNMENT (  '', '', ( #2220 ) ) ;
#4619 = ORIENTED_EDGE ( 'NONE', *, *, #6838, .T. ) ;
#4620 = VECTOR ( 'NONE', #4838, 1000.000000000000000 ) ;
#4621 = FACE_OUTER_BOUND ( 'NONE', #4830, .T. ) ;
#4622 = PRESENTATION_STYLE_ASSIGNMENT (( #4714 ) ) ;
#4623 = MECHANICAL_DESIGN_GEOMETRIC_PRESENTATION_REPRESENTATION (  '', ( #2226 ), #4776 ) ;
#4624 =( LENGTH_UNIT ( ) NAMED_UNIT ( * ) SI_UNIT ( .MILLI., .METRE. ) );
#4625 = MECHANICAL_DESIGN_GEOMETRIC_PRESENTATION_REPRESENTATION (  '', ( #7938 ), #1764 ) ;
#4626 = AXIS2_PLACEMENT_3D ( 'NONE', #4806, #4083, #6973 ) ;
#4627 = CARTESIAN_POINT ( 'NONE',  ( 5.800000000029100100, 2.299999999979629894, 6.000000000000000000 ) ) ;
#4628 = CARTESIAN_POINT ( 'NONE',  ( 6.000000000029100278, 0.000000000000000000, 2.250000000000000444 ) ) ;
#4629 = AXIS2_PLACEMENT_3D ( 'NONE', #4970, #5721, #7847 ) ;
#4630 = ORIENTED_EDGE ( 'NONE', *, *, #2954, .T. ) ;
#4631 =( LENGTH_UNIT ( ) NAMED_UNIT ( * ) SI_UNIT ( .MILLI., .METRE. ) );
#4632 = DIRECTION ( 'NONE',  ( 1.000000000000000000, 0.000000000000000000, 0.000000000000000000 ) ) ;
#4633 = EDGE_CURVE ( 'NONE', #4294, #4399, #6367, .T. ) ;
#4634 = ORIENTED_EDGE ( 'NONE', *, *, #1335, .F. ) ;
#4635 = AXIS2_PLACEMENT_3D ( 'NONE', #6340, #1231, #8454 ) ;
#4636 = ORIENTED_EDGE ( 'NONE', *, *, #4361, .T. ) ;
#4637 = CARTESIAN_POINT ( 'NONE',  ( 5.991030663955237756, -2.233062582872593183, 5.375094501859786433 ) ) ;
#4638 = UNCERTAINTY_MEASURE_WITH_UNIT (LENGTH_MEASURE( 1.000000000000000082E-05 ), #1295, 'distance_accuracy_value', 'NONE');
#4639 = VECTOR ( 'NONE', #4837, 1000.000000000000000 ) ;
#4640 = EDGE_CURVE ( 'NONE', #5849, #7559, #5608, .T. ) ;
#4641 = EDGE_CURVE ( 'NONE', #3615, #5378, #9239, .T. ) ;
#4642 = STYLED_ITEM ( 'NONE', ( #7488 ), #3073 ) ;
#4643 = DIRECTION ( 'NONE',  ( -0.000000000000000000, 1.000000000000000000, 0.000000000000000000 ) ) ;
#4644 = SURFACE_SIDE_STYLE ('',( #3227 ) ) ;
#4645 = CARTESIAN_POINT ( 'NONE',  ( -6.000000000029100278, 2.199999999999999734, 5.400000000000000355 ) ) ;
#4646 = SURFACE_SIDE_STYLE ('',( #5386 ) ) ;
#4647 =( LENGTH_UNIT ( ) NAMED_UNIT ( * ) SI_UNIT ( .MILLI., .METRE. ) );
#4648 = SURFACE_STYLE_USAGE ( .BOTH. , #1910 ) ;
#4649 = ORIENTED_EDGE ( 'NONE', *, *, #5374, .F. ) ;
#4650 = FILL_AREA_STYLE ('',( #5206 ) ) ;
#4651 = AXIS2_PLACEMENT_3D ( 'NONE', #2924, #3764, #7200 ) ;
#4653 = UNCERTAINTY_MEASURE_WITH_UNIT (LENGTH_MEASURE( 1.000000000000000082E-05 ), #421, 'distance_accuracy_value', 'NONE');
#4652 = VECTOR ( 'NONE', #4108, 1000.000000000000000 ) ;
#4654 = EDGE_CURVE ( 'NONE', #3597, #6890, #2190, .T. ) ;
#4655 = LINE ( 'NONE', #382, #736 ) ;
#4656 = DIRECTION ( 'NONE',  ( 0.000000000000000000, 0.000000000000000000, 1.000000000000000000 ) ) ;
#4657 = DIRECTION ( 'NONE',  ( -1.000000000000000000, -0.000000000000000000, 0.000000000000000000 ) ) ;
#4658 = CARTESIAN_POINT ( 'NONE',  ( -1.899999999999999911, -8.800000000000000711, 4.750000000000000888 ) ) ;
#4659 = ORIENTED_EDGE ( 'NONE', *, *, #4451, .F. ) ;
#4660 = STYLED_ITEM ( 'NONE', ( #4253 ), #3459 ) ;
#4661 = LINE ( 'NONE', #5972, #1425 ) ;
#4662 = LINE ( 'NONE', #7526, #336 ) ;
#4663 = FILL_AREA_STYLE ('',( #2737 ) ) ;
#4664 = VECTOR ( 'NONE', #4566, 1000.000000000000000 ) ;
#4665 = SURFACE_STYLE_USAGE ( .BOTH. , #345 ) ;
#4666 = CARTESIAN_POINT ( 'NONE',  ( 4.049999999999999822, -1.300690094324699952, 1.000000000000000000 ) ) ;
#4667 = DIRECTION ( 'NONE',  ( -1.000000000000000000, 0.000000000000000000, 7.930164461608259947E-17 ) ) ;
#4668 = FACE_OUTER_BOUND ( 'NONE', #3791, .T. ) ;
#4669 = ORIENTED_EDGE ( 'NONE', *, *, #1152, .T. ) ;
#4670 = UNCERTAINTY_MEASURE_WITH_UNIT (LENGTH_MEASURE( 1.000000000000000082E-05 ), #4495, 'distance_accuracy_value', 'NONE');
#4671 = SURFACE_STYLE_USAGE ( .BOTH. , #3997 ) ;
#4672 = DIRECTION ( 'NONE',  ( -0.9369532139013034833, 0.000000000000000000, -0.3494548253494552115 ) ) ;
#4673 = CARTESIAN_POINT ( 'NONE',  ( 2.750000000000000000, 0.2000000000000000111, 0.000000000000000000 ) ) ;
#4674 = PLANE ( 'NONE',  #764 ) ;
#4675 = PLANE ( 'NONE',  #2681 ) ;
#4676 = CARTESIAN_POINT ( 'NONE',  ( -6.500000000000000888, -1.000000000000000000, 0.000000000000000000 ) ) ;
#4677 = DIRECTION ( 'NONE',  ( -1.000000000000000000, 0.000000000000000000, 7.930164461608259947E-17 ) ) ;
#4678 = ORIENTED_EDGE ( 'NONE', *, *, #7098, .T. ) ;
#4679 = ORIENTED_EDGE ( 'NONE', *, *, #6450, .F. ) ;
#4680 = ORIENTED_EDGE ( 'NONE', *, *, #9130, .F. ) ;
#4681 = DIRECTION ( 'NONE',  ( 0.5773502691896156280, -0.5773502691896287287, 0.5773502691896329475 ) ) ;
#4682 = UNCERTAINTY_MEASURE_WITH_UNIT (LENGTH_MEASURE( 1.000000000000000082E-05 ), #807, 'distance_accuracy_value', 'NONE');
#4683 = ADVANCED_FACE ( 'NONE', ( #2229 ), #7084, .F. ) ;
#4684 = CARTESIAN_POINT ( 'NONE',  ( -5.944721359579095754, 2.199999999979629806, 5.489442719099992374 ) ) ;
#4685 = FILL_AREA_STYLE ('',( #6044 ) ) ;
#4686 = FACE_OUTER_BOUND ( 'NONE', #7832, .T. ) ;
#4687 = ORIENTED_EDGE ( 'NONE', *, *, #5270, .T. ) ;
#4688 = DIRECTION ( 'NONE',  ( 0.000000000000000000, -1.000000000000000000, -0.000000000000000000 ) ) ;
#4689 = EDGE_LOOP ( 'NONE', ( #9289, #2293, #3240, #4350 ) ) ;
#4690 = EDGE_CURVE ( 'NONE', #6254, #8766, #5081, .T. ) ;
#4691 = SURFACE_STYLE_FILL_AREA ( #626 ) ;
#4692 = COLOUR_RGB ( '',0.7450980392156862919, 0.7372549019607843590, 0.7294117647058823151 ) ;
#4693 = CARTESIAN_POINT ( 'NONE',  ( 6.044659952723579366, 2.146138961327065608, 5.455718880800484172 ) ) ;
#4694 =( LENGTH_UNIT ( ) NAMED_UNIT ( * ) SI_UNIT ( .MILLI., .METRE. ) );
#4695 = FILL_AREA_STYLE_COLOUR ( '', #1991 ) ;
#4696 = ORIENTED_EDGE ( 'NONE', *, *, #8798, .F. ) ;
#4697 =( NAMED_UNIT ( * ) SI_UNIT ( $, .STERADIAN. ) SOLID_ANGLE_UNIT ( ) );
#4698 =( NAMED_UNIT ( * ) SI_UNIT ( $, .STERADIAN. ) SOLID_ANGLE_UNIT ( ) );
#4699 = DIRECTION ( 'NONE',  ( -0.000000000000000000, -0.000000000000000000, -1.000000000000000000 ) ) ;
#4700 = CIRCLE ( 'NONE', #3357, 0.5999999999999998668 ) ;
#4701 = EDGE_CURVE ( 'NONE', #2192, #8756, #4478, .T. ) ;
#4702 = COLOUR_RGB ( '',0.7450980392156862919, 0.7372549019607843590, 0.7294117647058823151 ) ;
#4703 = DIRECTION ( 'NONE',  ( 0.000000000000000000, 0.000000000000000000, -1.000000000000000000 ) ) ;
#4704 =( LENGTH_UNIT ( ) NAMED_UNIT ( * ) SI_UNIT ( .MILLI., .METRE. ) );
#4705 = CYLINDRICAL_SURFACE ( 'NONE', #5151, 0.1000000000000000472 ) ;
#4706 = CARTESIAN_POINT ( 'NONE',  ( 0.2500000000000000000, 0.2000000000000000111, 0.000000000000000000 ) ) ;
#4707 = ORIENTED_EDGE ( 'NONE', *, *, #1246, .F. ) ;
#4708 = CARTESIAN_POINT ( 'NONE',  ( 5.961381300156007867, -2.203302719417255862, 5.508521061192354296 ) ) ;
#4709 = DIRECTION ( 'NONE',  ( 0.000000000000000000, -1.000000000000000000, -0.000000000000000000 ) ) ;
#4710 = CARTESIAN_POINT ( 'NONE',  ( -5.957735026948062895, 2.257735026898592956, 5.457735026918961729 ) ) ;
#4711 =( GEOMETRIC_REPRESENTATION_CONTEXT ( 3 ) GLOBAL_UNCERTAINTY_ASSIGNED_CONTEXT ( ( #1097 ) ) GLOBAL_UNIT_ASSIGNED_CONTEXT ( ( #5158, #490, #6915 ) ) REPRESENTATION_CONTEXT ( 'NONE', 'WORKASPACE' ) );
#4712 = ORIENTED_EDGE ( 'NONE', *, *, #7739, .T. ) ;
#4713 = SURFACE_STYLE_FILL_AREA ( #359 ) ;
#4714 = SURFACE_STYLE_USAGE ( .BOTH. , #8195 ) ;
#4715 = DIRECTION ( 'NONE',  ( -1.193253363971189941E-16, 1.000000000000000000, 0.000000000000000000 ) ) ;
#4716 = VECTOR ( 'NONE', #5255, 1000.000000000000000 ) ;
#4717 = LINE ( 'NONE', #7590, #7752 ) ;
#4718 = CARTESIAN_POINT ( 'NONE',  ( 2.949999999999999734, -2.299999999979629894, 4.750000000000000000 ) ) ;
#4719 = DIRECTION ( 'NONE',  ( 1.000000000000000000, 0.000000000000000000, -0.000000000000000000 ) ) ;
#4720 = ORIENTED_EDGE ( 'NONE', *, *, #2742, .T. ) ;
#4721 = DIRECTION ( 'NONE',  ( 1.000000000000000000, 0.000000000000000000, 0.000000000000000000 ) ) ;
#4722 = STYLED_ITEM ( 'NONE', ( #5224 ), #7813 ) ;
#4723 = ADVANCED_FACE ( 'NONE', ( #6822 ), #6608, .F. ) ;
#4724 = VERTEX_POINT ( 'NONE', #7345 ) ;
#4725 = VECTOR ( 'NONE', #6737, 1000.000000000000000 ) ;
#4726 = VERTEX_POINT ( 'NONE', #9011 ) ;
#4727 = UNCERTAINTY_MEASURE_WITH_UNIT (LENGTH_MEASURE( 1.000000000000000082E-05 ), #1693, 'distance_accuracy_value', 'NONE');
#4728 = CARTESIAN_POINT ( 'NONE',  ( -5.981304907480785360, -2.257735026898592512, 1.065834853613757183 ) ) ;
#4729 = CARTESIAN_POINT ( 'NONE',  ( -5.941959649123557341, -2.351539568527129198, 1.146981422799555617 ) ) ;
#4730 = SURFACE_SIDE_STYLE ('',( #3558 ) ) ;
#4731 =( LENGTH_UNIT ( ) NAMED_UNIT ( * ) SI_UNIT ( .MILLI., .METRE. ) );
#4732 = ORIENTED_EDGE ( 'NONE', *, *, #6729, .T. ) ;
#4733 = ORIENTED_EDGE ( 'NONE', *, *, #4640, .F. ) ;
#4734 =( GEOMETRIC_REPRESENTATION_CONTEXT ( 3 ) GLOBAL_UNCERTAINTY_ASSIGNED_CONTEXT ( ( #3255 ) ) GLOBAL_UNIT_ASSIGNED_CONTEXT ( ( #5061, #2254, #6630 ) ) REPRESENTATION_CONTEXT ( 'NONE', 'WORKASPACE' ) );
#4735 = DIRECTION ( 'NONE',  ( 0.000000000000000000, 0.000000000000000000, -1.000000000000000000 ) ) ;
#4736 = ORIENTED_EDGE ( 'NONE', *, *, #8524, .F. ) ;
#4737 = MECHANICAL_DESIGN_GEOMETRIC_PRESENTATION_REPRESENTATION (  '', ( #8786 ), #683 ) ;
#4738 = DIRECTION ( 'NONE',  ( 0.4082482904638587429, 0.8164965809277278108, 0.4082482904638640164 ) ) ;
#4739 = CARTESIAN_POINT ( 'NONE',  ( -5.900000000029099745, 1.099999999989810018, 5.400000000000000355 ) ) ;
#4740 =( NAMED_UNIT ( * ) PLANE_ANGLE_UNIT ( ) SI_UNIT ( $, .RADIAN. ) );
#4741 = STYLED_ITEM ( 'NONE', ( #5491 ), #7570 ) ;
#4742 = ORIENTED_EDGE ( 'NONE', *, *, #2930, .F. ) ;
#4743 =( NAMED_UNIT ( * ) PLANE_ANGLE_UNIT ( ) SI_UNIT ( $, .RADIAN. ) );
#4744 = DIRECTION ( 'NONE',  ( 1.000000000000000000, 2.386506727942370021E-16, 0.000000000000000000 ) ) ;
#4745 = COLOUR_RGB ( '',0.7450980392156862919, 0.7372549019607843590, 0.7294117647058823151 ) ;
#4746 = SURFACE_STYLE_FILL_AREA ( #1869 ) ;
#4747 = LINE ( 'NONE', #1925, #230 ) ;
#4748 = ORIENTED_EDGE ( 'NONE', *, *, #6308, .F. ) ;
#4749 = ADVANCED_FACE ( 'NONE', ( #206 ), #5843, .T. ) ;
#4750 = FILL_AREA_STYLE_COLOUR ( '', #4331 ) ;
#4751 = PRESENTATION_STYLE_ASSIGNMENT (( #3251 ) ) ;
#4752 = CARTESIAN_POINT ( 'NONE',  ( 3.117763191479100193, -2.299999999979629894, 4.917763191452910299 ) ) ;
#4753 = EDGE_CURVE ( 'NONE', #8193, #7365, #1865, .T. ) ;
#4754 = ORIENTED_EDGE ( 'NONE', *, *, #1323, .F. ) ;
#4755 = UNCERTAINTY_MEASURE_WITH_UNIT (LENGTH_MEASURE( 1.000000000000000082E-05 ), #8603, 'distance_accuracy_value', 'NONE');
#4756 = DIRECTION ( 'NONE',  ( 1.000000000000000000, -0.000000000000000000, 0.000000000000000000 ) ) ;
#4757 = CARTESIAN_POINT ( 'NONE',  ( 5.904368729029566332, 2.248839264927094295, 1.006690199105530814 ) ) ;
#4758 = MECHANICAL_DESIGN_GEOMETRIC_PRESENTATION_REPRESENTATION (  '', ( #4457 ), #8204 ) ;
#4759 = ORIENTED_EDGE ( 'NONE', *, *, #6818, .F. ) ;
#4760 =( REPRESENTATION_RELATIONSHIP ('NONE','NONE', #92, #6774 ) REPRESENTATION_RELATIONSHIP_WITH_TRANSFORMATION ( #8392 )SHAPE_REPRESENTATION_RELATIONSHIP( ) );
#4761 = LINE ( 'NONE', #507, #5679 ) ;
#4762 =( NAMED_UNIT ( * ) SI_UNIT ( $, .STERADIAN. ) SOLID_ANGLE_UNIT ( ) );
#4763 = MECHANICAL_DESIGN_GEOMETRIC_PRESENTATION_REPRESENTATION (  '', ( #7625 ), #723 ) ;
#4764 = CARTESIAN_POINT ( 'NONE',  ( -6.000000000029100278, -2.200000000000000178, 6.000000000000000000 ) ) ;
#4765 =( GEOMETRIC_REPRESENTATION_CONTEXT ( 3 ) GLOBAL_UNCERTAINTY_ASSIGNED_CONTEXT ( ( #2724 ) ) GLOBAL_UNIT_ASSIGNED_CONTEXT ( ( #4731, #7609, #8904 ) ) REPRESENTATION_CONTEXT ( 'NONE', 'WORKASPACE' ) );
#4766 = FACE_OUTER_BOUND ( 'NONE', #883, .T. ) ;
#4767 = DIRECTION ( 'NONE',  ( -1.000000000000000000, 0.000000000000000000, 0.000000000000000000 ) ) ;
#4768 = EDGE_CURVE ( 'NONE', #7106, #2688, #862, .T. ) ;
#4769 = LINE ( 'NONE', #6849, #4604 ) ;
#4770 = MECHANICAL_DESIGN_GEOMETRIC_PRESENTATION_REPRESENTATION (  '', ( #5819 ), #429 ) ;
#4771 = SURFACE_STYLE_FILL_AREA ( #5611 ) ;
#4772 = ORIENTED_EDGE ( 'NONE', *, *, #5254, .F. ) ;
#4773 =( LENGTH_UNIT ( ) NAMED_UNIT ( * ) SI_UNIT ( .MILLI., .METRE. ) );
#4774 =( GEOMETRIC_REPRESENTATION_CONTEXT ( 3 ) GLOBAL_UNCERTAINTY_ASSIGNED_CONTEXT ( ( #6907 ) ) GLOBAL_UNIT_ASSIGNED_CONTEXT ( ( #2835, #4188, #6554 ) ) REPRESENTATION_CONTEXT ( 'NONE', 'WORKASPACE' ) );
#4775 = EDGE_LOOP ( 'NONE', ( #6520, #7725, #5751, #3801 ) ) ;
#4776 =( GEOMETRIC_REPRESENTATION_CONTEXT ( 3 ) GLOBAL_UNCERTAINTY_ASSIGNED_CONTEXT ( ( #8539 ) ) GLOBAL_UNIT_ASSIGNED_CONTEXT ( ( #7362, #79, #2200 ) ) REPRESENTATION_CONTEXT ( 'NONE', 'WORKASPACE' ) );
#4777 = ORIENTED_EDGE ( 'NONE', *, *, #4640, .T. ) ;
#4778 = LINE ( 'NONE', #7653, #6908 ) ;
#4779 =( GEOMETRIC_REPRESENTATION_CONTEXT ( 3 ) GLOBAL_UNCERTAINTY_ASSIGNED_CONTEXT ( ( #1221 ) ) GLOBAL_UNIT_ASSIGNED_CONTEXT ( ( #1034, #2435, #8827 ) ) REPRESENTATION_CONTEXT ( 'NONE', 'WORKASPACE' ) );
#4780 = UNCERTAINTY_MEASURE_WITH_UNIT (LENGTH_MEASURE( 1.000000000000000082E-05 ), #7247, 'distance_accuracy_value', 'NONE');
#4781 = EDGE_CURVE ( 'NONE', #5102, #523, #1968, .T. ) ;
#4782 = ORIENTED_EDGE ( 'NONE', *, *, #9130, .T. ) ;
#4783 = CARTESIAN_POINT ( 'NONE',  ( -5.904368729029563667, -2.248839264927098736, 1.006690199105530814 ) ) ;
#4784 = PRESENTATION_LAYER_ASSIGNMENT (  '', '', ( #6446 ) ) ;
#4785 =( NAMED_UNIT ( * ) PLANE_ANGLE_UNIT ( ) SI_UNIT ( $, .RADIAN. ) );
#4786 = ORIENTED_EDGE ( 'NONE', *, *, #4768, .T. ) ;
#4787 = PRESENTATION_STYLE_ASSIGNMENT (( #4648 ) ) ;
#4788 = ORIENTED_EDGE ( 'NONE', *, *, #7824, .F. ) ;
#4789 = FACE_OUTER_BOUND ( 'NONE', #210, .T. ) ;
#4790 = PRESENTATION_LAYER_ASSIGNMENT (  '', '', ( #2096 ) ) ;
#4791 = DIRECTION ( 'NONE',  ( 0.000000000000000000, 1.000000000000000000, 0.000000000000000000 ) ) ;
#4792 = FACE_OUTER_BOUND ( 'NONE', #3335, .T. ) ;
#4793 =( NAMED_UNIT ( * ) SI_UNIT ( $, .STERADIAN. ) SOLID_ANGLE_UNIT ( ) );
#4794 = VECTOR ( 'NONE', #4791, 1000.000000000000000 ) ;
#4795 = ORIENTED_EDGE ( 'NONE', *, *, #2753, .F. ) ;
#4796 = SURFACE_STYLE_USAGE ( .BOTH. , #6965 ) ;
#4797 = CARTESIAN_POINT ( 'NONE',  ( -5.800000000029100100, 2.200000000000000178, 5.500000000000000000 ) ) ;
#4798 =( NAMED_UNIT ( * ) SI_UNIT ( $, .STERADIAN. ) SOLID_ANGLE_UNIT ( ) );
#4799 = DIRECTION ( 'NONE',  ( 0.000000000000000000, 0.000000000000000000, 1.000000000000000000 ) ) ;
#4800 =( GEOMETRIC_REPRESENTATION_CONTEXT ( 3 ) GLOBAL_UNCERTAINTY_ASSIGNED_CONTEXT ( ( #9102 ) ) GLOBAL_UNIT_ASSIGNED_CONTEXT ( ( #6836, #8975, #452 ) ) REPRESENTATION_CONTEXT ( 'NONE', 'WORKASPACE' ) );
#4801 = ORIENTED_EDGE ( 'NONE', *, *, #856, .F. ) ;
#4802 = COLOUR_RGB ( '',0.7450980392156862919, 0.7372549019607843590, 0.7294117647058823151 ) ;
#4803 = MECHANICAL_DESIGN_GEOMETRIC_PRESENTATION_REPRESENTATION (  '', ( #8843 ), #755 ) ;
#4804 =( NAMED_UNIT ( * ) PLANE_ANGLE_UNIT ( ) SI_UNIT ( $, .RADIAN. ) );
#4805 = CARTESIAN_POINT ( 'NONE',  ( 4.049999999999999822, -2.299999999979629894, 2.250000000000000444 ) ) ;
#4806 = CARTESIAN_POINT ( 'NONE',  ( 4.049999999999999822, -2.799999999999999822, 2.250000000000000444 ) ) ;
#4807 = DIRECTION ( 'NONE',  ( -0.5734623443633283246, -0.8192319205190404796, 0.000000000000000000 ) ) ;
#4808 = VECTOR ( 'NONE', #8875, 1000.000000000000000 ) ;
#4809 = EDGE_CURVE ( 'NONE', #8869, #6694, #8501, .T. ) ;
#4810 = FACE_OUTER_BOUND ( 'NONE', #7514, .T. ) ;
#4811 = ORIENTED_EDGE ( 'NONE', *, *, #6245, .T. ) ;
#4812 = FILL_AREA_STYLE_COLOUR ( '', #8626 ) ;
#4813 = SURFACE_SIDE_STYLE ('',( #5512 ) ) ;
#4814 = MECHANICAL_DESIGN_GEOMETRIC_PRESENTATION_REPRESENTATION (  '', ( #1064 ), #8710 ) ;
#4815 = PRESENTATION_STYLE_ASSIGNMENT (( #8474 ) ) ;
#4816 =( NAMED_UNIT ( * ) PLANE_ANGLE_UNIT ( ) SI_UNIT ( $, .RADIAN. ) );
#4817 = VECTOR ( 'NONE', #109, 1000.000000000000000 ) ;
#4818 = CARTESIAN_POINT ( 'NONE',  ( -2.950000000000000178, -2.099999999979630161, 2.250000000000000444 ) ) ;
#4819 = DIRECTION ( 'NONE',  ( 0.000000000000000000, 0.000000000000000000, -1.000000000000000000 ) ) ;
#4820 = ORIENTED_EDGE ( 'NONE', *, *, #712, .T. ) ;
#4821 = SURFACE_STYLE_FILL_AREA ( #7648 ) ;
#4822 = ORIENTED_EDGE ( 'NONE', *, *, #285, .T. ) ;
#4823 = ORIENTED_EDGE ( 'NONE', *, *, #6655, .T. ) ;
#4824 = EDGE_CURVE ( 'NONE', #5425, #8590, #1371, .T. ) ;
#4825 = FILL_AREA_STYLE ('',( #5430 ) ) ;
#4826 =( NAMED_UNIT ( * ) PLANE_ANGLE_UNIT ( ) SI_UNIT ( $, .RADIAN. ) );
#4827 =( LENGTH_UNIT ( ) NAMED_UNIT ( * ) SI_UNIT ( .MILLI., .METRE. ) );
#4828 = ORIENTED_EDGE ( 'NONE', *, *, #6363, .F. ) ;
#4829 = DIRECTION ( 'NONE',  ( -1.000000000000000000, -0.000000000000000000, 0.000000000000000000 ) ) ;
#4830 = EDGE_LOOP ( 'NONE', ( #9248, #5138, #3514, #5177, #854 ) ) ;
#4831 = AXIS2_PLACEMENT_3D ( 'NONE', #800, #5064, #3095 ) ;
#4832 =( NAMED_UNIT ( * ) SI_UNIT ( $, .STERADIAN. ) SOLID_ANGLE_UNIT ( ) );
#4833 = EDGE_LOOP ( 'NONE', ( #9104, #8444, #28, #7976 ) ) ;
#4834 =( NAMED_UNIT ( * ) PLANE_ANGLE_UNIT ( ) SI_UNIT ( $, .RADIAN. ) );
#4835 = AXIS2_PLACEMENT_3D ( 'NONE', #1014, #6759, #2512 ) ;
#4836 = CARTESIAN_POINT ( 'NONE',  ( 4.049999999999999822, -2.799999999999999822, 1.000000000000000000 ) ) ;
#4837 = DIRECTION ( 'NONE',  ( -1.000000000000000000, -0.000000000000000000, 7.930164461608259947E-17 ) ) ;
#4838 = DIRECTION ( 'NONE',  ( -0.000000000000000000, 1.000000000000000000, 0.000000000000000000 ) ) ;
#4839 = ORIENTED_EDGE ( 'NONE', *, *, #4309, .T. ) ;
#4840 = DIRECTION ( 'NONE',  ( 0.000000000000000000, 1.000000000000000000, 0.000000000000000000 ) ) ;
#4841 = SURFACE_STYLE_USAGE ( .BOTH. , #1974 ) ;
#4842 = DIRECTION ( 'NONE',  ( 0.000000000000000000, 0.000000000000000000, -1.000000000000000000 ) ) ;
#4843 = DIRECTION ( 'NONE',  ( 0.000000000000000000, 0.000000000000000000, -1.000000000000000000 ) ) ;
#4844 = PRESENTATION_LAYER_ASSIGNMENT (  '', '', ( #8879 ) ) ;
#4845 = CARTESIAN_POINT ( 'NONE',  ( -3.250000000000000444, 0.000000000000000000, 0.000000000000000000 ) ) ;
#4846 = CYLINDRICAL_SURFACE ( 'NONE', #8218, 0.1000000000000002554 ) ;
#4847 = VECTOR ( 'NONE', #8887, 1000.000000000000000 ) ;
#4848 = DIRECTION ( 'NONE',  ( 0.000000000000000000, -1.000000000000000000, 0.000000000000000000 ) ) ;
#4849 = FILL_AREA_STYLE_COLOUR ( '', #1441 ) ;
#4850 = UNCERTAINTY_MEASURE_WITH_UNIT (LENGTH_MEASURE( 1.000000000000000082E-05 ), #9055, 'distance_accuracy_value', 'NONE');
#4851 = ORIENTED_EDGE ( 'NONE', *, *, #3156, .F. ) ;
#4852 = FACE_OUTER_BOUND ( 'NONE', #2469, .T. ) ;
#4853 = CARTESIAN_POINT ( 'NONE',  ( -6.000000000029100278, 2.799999999999999822, 3.440418332022769032 ) ) ;
#4854 = UNCERTAINTY_MEASURE_WITH_UNIT (LENGTH_MEASURE( 1.000000000000000082E-05 ), #1669, 'distance_accuracy_value', 'NONE');
#4855 = EDGE_CURVE ( 'NONE', #1316, #6135, #579, .T. ) ;
#4856 = ORIENTED_EDGE ( 'NONE', *, *, #7279, .F. ) ;
#4857 = SURFACE_STYLE_USAGE ( .BOTH. , #7828 ) ;
#4858 = SURFACE_STYLE_USAGE ( .BOTH. , #4240 ) ;
#4859 = SURFACE_SIDE_STYLE ('',( #4141 ) ) ;
#4860 = DIRECTION ( 'NONE',  ( 1.000000000000000000, 0.000000000000000000, 0.000000000000000000 ) ) ;
#4861 = PRESENTATION_LAYER_ASSIGNMENT (  '', '', ( #367 ) ) ;
#4862 = DIRECTION ( 'NONE',  ( -0.000000000000000000, -1.000000000000000000, -0.000000000000000000 ) ) ;
#4863 = EDGE_CURVE ( 'NONE', #3232, #8379, #9263, .T. ) ;
#4864 = ORIENTED_EDGE ( 'NONE', *, *, #6955, .T. ) ;
#4865 = ORIENTED_EDGE ( 'NONE', *, *, #4278, .T. ) ;
#4866 = EDGE_LOOP ( 'NONE', ( #1258, #417, #332, #5329 ) ) ;
#4867 = STYLED_ITEM ( 'NONE', ( #8262 ), #757 ) ;
#4868 = FILL_AREA_STYLE ('',( #5753 ) ) ;
#4869 = UNCERTAINTY_MEASURE_WITH_UNIT (LENGTH_MEASURE( 1.000000000000000082E-05 ), #3760, 'distance_accuracy_value', 'NONE');
#4870 = PRODUCT_DEFINITION_CONTEXT ( 'detailed design', #2194, 'design' ) ;
#4871 = ORIENTED_EDGE ( 'NONE', *, *, #7453, .T. ) ;
#4872 = LINE ( 'NONE', #6383, #7660 ) ;
#4873 = PRESENTATION_LAYER_ASSIGNMENT (  '', '', ( #8907 ) ) ;
#4875 = VECTOR ( 'NONE', #7312, 1000.000000000000000 ) ;
#4874 =( LENGTH_UNIT ( ) NAMED_UNIT ( * ) SI_UNIT ( .MILLI., .METRE. ) );
#4876 = VERTEX_POINT ( 'NONE', #2124 ) ;
#4877 = SURFACE_STYLE_FILL_AREA ( #9209 ) ;
#4878 = VERTEX_POINT ( 'NONE', #5680 ) ;
#4879 = CARTESIAN_POINT ( 'NONE',  ( 5.577829980359990891, 2.299999999999999822, 4.262348883218679774 ) ) ;
#4880 = STYLED_ITEM ( 'NONE', ( #1762 ), #220 ) ;
#4881 = FILL_AREA_STYLE ('',( #7052 ) ) ;
#4882 = AXIS2_PLACEMENT_3D ( 'NONE', #5173, #2448, #4607 ) ;
#4883 = COLOUR_RGB ( '',0.7450980392156862919, 0.7372549019607843590, 0.7294117647058823151 ) ;
#4884 = CIRCLE ( 'NONE', #3830, 0.09999999999999951983 ) ;
#4885 =( NAMED_UNIT ( * ) PLANE_ANGLE_UNIT ( ) SI_UNIT ( $, .RADIAN. ) );
#4886 = ADVANCED_FACE ( 'NONE', ( #7666 ), #2682, .F. ) ;
#4887 = ORIENTED_EDGE ( 'NONE', *, *, #478, .T. ) ;
#4888 = LINE ( 'NONE', #1331, #509 ) ;
#4889 = AXIS2_PLACEMENT_3D ( 'NONE', #9079, #1138, #1936 ) ;
#4890 = DIRECTION ( 'NONE',  ( 0.000000000000000000, 1.000000000000000000, 0.000000000000000000 ) ) ;
#4891 = EDGE_LOOP ( 'NONE', ( #779, #1109, #5460, #7741 ) ) ;
#4892 = AXIS2_PLACEMENT_3D ( 'NONE', #7224, #7186, #4307 ) ;
#4893 = SURFACE_STYLE_FILL_AREA ( #584 ) ;
#4894 = AXIS2_PLACEMENT_3D ( 'NONE', #6540, #6717, #9093 ) ;
#4895 =( NAMED_UNIT ( * ) PLANE_ANGLE_UNIT ( ) SI_UNIT ( $, .RADIAN. ) );
#4896 = CIRCLE ( 'NONE', #848, 0.1000000000000002554 ) ;
#4897 = SURFACE_STYLE_FILL_AREA ( #1288 ) ;
#4898 = VERTEX_POINT ( 'NONE', #9167 ) ;
#4899 = FACE_OUTER_BOUND ( 'NONE', #5279, .T. ) ;
#4900 =( GEOMETRIC_REPRESENTATION_CONTEXT ( 3 ) GLOBAL_UNCERTAINTY_ASSIGNED_CONTEXT ( ( #355 ) ) GLOBAL_UNIT_ASSIGNED_CONTEXT ( ( #5424, #7405, #3918 ) ) REPRESENTATION_CONTEXT ( 'NONE', 'WORKASPACE' ) );
#4901 = ORIENTED_EDGE ( 'NONE', *, *, #6200, .T. ) ;
#4902 = FACE_OUTER_BOUND ( 'NONE', #5090, .T. ) ;
#4903 = ADVANCED_FACE ( 'NONE', ( #7009 ), #3530, .T. ) ;
#4904 = PRESENTATION_LAYER_ASSIGNMENT (  '', '', ( #1160 ) ) ;
#4905 = CARTESIAN_POINT ( 'NONE',  ( 5.800000000029100100, 0.000000000000000000, 5.500000000000000000 ) ) ;
#4906 = PLANE ( 'NONE',  #6414 ) ;
#4907 = VERTEX_POINT ( 'NONE', #7900 ) ;
#4908 = CARTESIAN_POINT ( 'NONE',  ( -3.250000000000000444, -2.799999999999999822, 1.000000000000000000 ) ) ;
#4909 = STYLED_ITEM ( 'NONE', ( #4017 ), #1308 ) ;
#4910 = ORIENTED_EDGE ( 'NONE', *, *, #7259, .T. ) ;
#4911 = ORIENTED_EDGE ( 'NONE', *, *, #5041, .T. ) ;
#4912 = COLOUR_RGB ( '',0.7294117647058823151, 0.5176470588235293491, 0.3058823529411764941 ) ;
#4913 = COLOUR_RGB ( '',0.7921568627450980005, 0.8196078431372548767, 0.9333333333333333481 ) ;
#4914 = CARTESIAN_POINT ( 'NONE',  ( 5.853018577229549102, 2.351539568527133195, 5.441959649094450846 ) ) ;
#4915 = PRODUCT ( '3', '3', '', ( #8130 ) ) ;
#4916 = PRODUCT_DEFINITION ( 'UNKNOWN', '', #5528, #8443 ) ;
#4917 = DIRECTION ( 'NONE',  ( 0.000000000000000000, 1.000000000000000000, -0.000000000000000000 ) ) ;
#4918 = COLOUR_RGB ( '',0.7294117647058823151, 0.5176470588235293491, 0.3058823529411764941 ) ;
#4919 = ORIENTED_EDGE ( 'NONE', *, *, #8653, .T. ) ;
#4920 = EDGE_CURVE ( 'NONE', #2612, #4907, #2206, .T. ) ;
#4921 = CARTESIAN_POINT ( 'NONE',  ( -5.900000000029099745, 2.199999999999999734, 5.500000000000000000 ) ) ;
#4922 = DIRECTION ( 'NONE',  ( 1.000000000000000000, 0.000000000000000000, -0.000000000000000000 ) ) ;
#4923 = AXIS2_PLACEMENT_3D ( 'NONE', #6436, #9303, #4539 ) ;
#4924 = VERTEX_POINT ( 'NONE', #8772 ) ;
#4925 = PLANE ( 'NONE',  #6534 ) ;
#4926 = ORIENTED_EDGE ( 'NONE', *, *, #7855, .F. ) ;
#4927 = CARTESIAN_POINT ( 'NONE',  ( -3.250000000000000444, 2.799999999999999822, 1.100000000000000089 ) ) ;
#4928 = CARTESIAN_POINT ( 'NONE',  ( 0.2500000000000000000, -0.2000000000000000111, 0.000000000000000000 ) ) ;
#4929 = ADVANCED_FACE ( 'NONE', ( #4404 ), #5292, .T. ) ;
#4930 = EDGE_CURVE ( 'NONE', #7923, #2159, #1586, .T. ) ;
#4931 = CARTESIAN_POINT ( 'NONE',  ( 5.957735026948060231, 2.257735026898592068, 1.042264973081034274 ) ) ;
#4932 = PRESENTATION_LAYER_ASSIGNMENT (  '', '', ( #8534 ) ) ;
#4933 = DIRECTION ( 'NONE',  ( 1.000000000000000000, 0.000000000000000000, -4.758098676964960405E-16 ) ) ;
#4934 = CARTESIAN_POINT ( 'NONE',  ( -5.900086743521505639, 2.799999999999999822, 5.126379046881682555 ) ) ;
#4935 = ORIENTED_EDGE ( 'NONE', *, *, #4255, .F. ) ;
#4936 = DIRECTION ( 'NONE',  ( -1.000000000000000000, -0.000000000000000000, -0.000000000000000000 ) ) ;
#4937 = VECTOR ( 'NONE', #8848, 1000.000000000000000 ) ;
#4938 = LINE ( 'NONE', #6497, #3220 ) ;
#4939 = ORIENTED_EDGE ( 'NONE', *, *, #343, .F. ) ;
#4940 = MECHANICAL_DESIGN_GEOMETRIC_PRESENTATION_REPRESENTATION (  '', ( #3600 ), #455 ) ;
#4941 = EDGE_CURVE ( 'NONE', #6751, #7092, #7962, .T. ) ;
#4942 = VECTOR ( 'NONE', #7830, 1000.000000000000000 ) ;
#4943 = FILL_AREA_STYLE ('',( #8508 ) ) ;
#4944 = FILL_AREA_STYLE ('',( #1338 ) ) ;
#4945 = FACE_OUTER_BOUND ( 'NONE', #6122, .T. ) ;
#4946 =( NAMED_UNIT ( * ) SI_UNIT ( $, .STERADIAN. ) SOLID_ANGLE_UNIT ( ) );
#4947 = ORIENTED_EDGE ( 'NONE', *, *, #6945, .F. ) ;
#4948 = PRESENTATION_LAYER_ASSIGNMENT (  '', '', ( #9153 ) ) ;
#4949 = VECTOR ( 'NONE', #346, 1000.000000000000000 ) ;
#4950 = UNCERTAINTY_MEASURE_WITH_UNIT (LENGTH_MEASURE( 1.000000000000000082E-05 ), #8274, 'distance_accuracy_value', 'NONE');
#4951 = LINE ( 'NONE', #727, #2642 ) ;
#4952 = PRESENTATION_LAYER_ASSIGNMENT (  '', '', ( #1495 ) ) ;
#4953 = PLANE ( 'NONE',  #6433 ) ;
#4954 = DIRECTION ( 'NONE',  ( -0.5773502691896315042, 0.5773502691896315042, 0.5773502691896141847 ) ) ;
#4955 = VECTOR ( 'NONE', #5624, 1000.000000000000000 ) ;
#4956 = CARTESIAN_POINT ( 'NONE',  ( -4.049999999999999822, 1.300690094324699730, 2.250000000000000444 ) ) ;
#4957 = SURFACE_STYLE_USAGE ( .BOTH. , #8717 ) ;
#4958 = ORIENTED_EDGE ( 'NONE', *, *, #3035, .F. ) ;
#4959 = MECHANICAL_DESIGN_GEOMETRIC_PRESENTATION_REPRESENTATION (  '', ( #7068 ), #3018 ) ;
#4960 = ORIENTED_EDGE ( 'NONE', *, *, #5665, .T. ) ;
#4961 = VERTEX_POINT ( 'NONE', #2912 ) ;
#4962 = DIRECTION ( 'NONE',  ( 0.9369532139013034833, 0.000000000000000000, -0.3494548253494552115 ) ) ;
#4963 = DIRECTION ( 'NONE',  ( 1.000000000000000000, 0.000000000000000000, 0.000000000000000000 ) ) ;
#4964 = VECTOR ( 'NONE', #5877, 1000.000000000000000 ) ;
#4965 = UNCERTAINTY_MEASURE_WITH_UNIT (LENGTH_MEASURE( 1.000000000000000082E-05 ), #4262, 'distance_accuracy_value', 'NONE');
#4966 = SURFACE_STYLE_FILL_AREA ( #2112 ) ;
#4967 = CARTESIAN_POINT ( 'NONE',  ( 0.2500000000000000000, 0.2000000000000000111, 2.000000000000000000 ) ) ;
#4968 =( NAMED_UNIT ( * ) PLANE_ANGLE_UNIT ( ) SI_UNIT ( $, .RADIAN. ) );
#4969 = ORIENTED_EDGE ( 'NONE', *, *, #6121, .T. ) ;
#4970 = CARTESIAN_POINT ( 'NONE',  ( -3.649999999999999911, 2.050345047162350109, 0.5000000000000000000 ) ) ;
#4971 = SURFACE_STYLE_FILL_AREA ( #2122 ) ;
#4972 = ADVANCED_FACE ( 'NONE', ( #888 ), #4358, .F. ) ;
#4973 = LINE ( 'NONE', #4836, #6699 ) ;
#4974 = MECHANICAL_DESIGN_GEOMETRIC_PRESENTATION_REPRESENTATION (  '', ( #989 ), #5126 ) ;
#4975 = FILL_AREA_STYLE ('',( #7711 ) ) ;
#4976 = MECHANICAL_DESIGN_GEOMETRIC_PRESENTATION_REPRESENTATION (  '', ( #644 ), #6021 ) ;
#4977 = LINE ( 'NONE', #7109, #1078 ) ;
#4978 = EDGE_LOOP ( 'NONE', ( #8600, #5810, #8406, #7490, #6953, #3032, #271, #5870 ) ) ;
#4979 = CARTESIAN_POINT ( 'NONE',  ( 0.05000000000000000971, -0.2000000000000000111, -3.000000000000000000 ) ) ;
#4980 = EDGE_CURVE ( 'NONE', #6055, #7174, #6043, .T. ) ;
#4981 = CARTESIAN_POINT ( 'NONE',  ( 5.900000000029100633, -2.199999999979629806, 1.000000000000000000 ) ) ;
#4982 = VERTEX_POINT ( 'NONE', #5384 ) ;
#4983 = DIRECTION ( 'NONE',  ( 1.000000000000000000, -0.000000000000000000, -0.000000000000000000 ) ) ;
#4984 = SURFACE_SIDE_STYLE ('',( #6456 ) ) ;
#4985 = CARTESIAN_POINT ( 'NONE',  ( 0.000000000000000000, -2.299999999979629894, 4.750000000000000000 ) ) ;
#4986 = LINE ( 'NONE', #3592, #3234 ) ;
#4987 = DIRECTION ( 'NONE',  ( 0.5773502691896242878, 0.5773502691896242878, -0.5773502691896287287 ) ) ;
#4988 = ORIENTED_EDGE ( 'NONE', *, *, #5433, .T. ) ;
#4989 = SURFACE_STYLE_USAGE ( .BOTH. , #2302 ) ;
#4990 = DIRECTION ( 'NONE',  ( -1.000000000000000000, -0.000000000000000000, 0.000000000000000000 ) ) ;
#4991 =( GEOMETRIC_REPRESENTATION_CONTEXT ( 3 ) GLOBAL_UNCERTAINTY_ASSIGNED_CONTEXT ( ( #2472 ) ) GLOBAL_UNIT_ASSIGNED_CONTEXT ( ( #4631, #3217, #4538 ) ) REPRESENTATION_CONTEXT ( 'NONE', 'WORKASPACE' ) );
#4992 = EDGE_CURVE ( 'NONE', #6459, #1909, #6771, .T. ) ;
#4993 = CARTESIAN_POINT ( 'NONE',  ( 3.250000000000000444, -0.2000000000000000111, 0.000000000000000000 ) ) ;
#4994 = ORIENTED_EDGE ( 'NONE', *, *, #7466, .T. ) ;
#4995 = CARTESIAN_POINT ( 'NONE',  ( 1.824999999999999956, 2.200000000000000178, 1.100000000000000089 ) ) ;
#4997 =( NAMED_UNIT ( * ) SI_UNIT ( $, .STERADIAN. ) SOLID_ANGLE_UNIT ( ) );
#4996 = VECTOR ( 'NONE', #4146, 1000.000000000000000 ) ;
#4998 = CARTESIAN_POINT ( 'NONE',  ( -0.2500000000000000000, -0.2000000000000000111, 2.000000000000000000 ) ) ;
#4999 = DIRECTION ( 'NONE',  ( 0.000000000000000000, 0.000000000000000000, -1.000000000000000000 ) ) ;
#5000 = CARTESIAN_POINT ( 'NONE',  ( -5.948839264976570007, 2.204368728980094616, 5.493309800894467188 ) ) ;
#5001 = ORIENTED_EDGE ( 'NONE', *, *, #765, .F. ) ;
#5002 = CARTESIAN_POINT ( 'NONE',  ( -2.250000000000000444, -8.300000000000000711, 4.750000000000000000 ) ) ;
#5003 = ORIENTED_EDGE ( 'NONE', *, *, #6172, .F. ) ;
#5004 = ORIENTED_EDGE ( 'NONE', *, *, #5431, .T. ) ;
#5005 = SURFACE_SIDE_STYLE ('',( #612 ) ) ;
#5006 = COLOUR_RGB ( '',0.8313725490196077761, 0.8313725490196077761, 0.8313725490196077761 ) ;
#5007 = DIRECTION ( 'NONE',  ( -0.000000000000000000, -1.000000000000000000, 0.000000000000000000 ) ) ;
#5008 = LINE ( 'NONE', #3127, #7910 ) ;
#5009 = ORIENTED_EDGE ( 'NONE', *, *, #3834, .F. ) ;
#5010 = MECHANICAL_DESIGN_GEOMETRIC_PRESENTATION_REPRESENTATION (  '', ( #4867 ), #4560 ) ;
#5011 = DIRECTION ( 'NONE',  ( 0.9369532139012849425, 0.000000000000000000, 0.3494548253495050050 ) ) ;
#5012 = ORIENTED_EDGE ( 'NONE', *, *, #5488, .T. ) ;
#5013 = FACE_OUTER_BOUND ( 'NONE', #1018, .T. ) ;
#5014 = CARTESIAN_POINT ( 'NONE',  ( -6.057966438333060921, 2.099191034116948185, 1.057969723762391956 ) ) ;
#5015 = DIRECTION ( 'NONE',  ( 0.000000000000000000, -1.000000000000000000, -0.000000000000000000 ) ) ;
#5016 = FILL_AREA_STYLE ('',( #129 ) ) ;
#5017 = ADVANCED_BREP_SHAPE_REPRESENTATION ( '', ( #7708, #5962 ), #583 ) ;
#5018 =( GEOMETRIC_REPRESENTATION_CONTEXT ( 3 ) GLOBAL_UNCERTAINTY_ASSIGNED_CONTEXT ( ( #3317 ) ) GLOBAL_UNIT_ASSIGNED_CONTEXT ( ( #7342, #6687, #7437 ) ) REPRESENTATION_CONTEXT ( 'NONE', 'WORKASPACE' ) );
#5019 = PRESENTATION_STYLE_ASSIGNMENT (( #2164 ) ) ;
#5020 = STYLED_ITEM ( 'NONE', ( #6590 ), #7388 ) ;
#5021 =( NAMED_UNIT ( * ) PLANE_ANGLE_UNIT ( ) SI_UNIT ( $, .RADIAN. ) );
#5022 = CARTESIAN_POINT ( 'NONE',  ( -5.957735026948065560, -2.257735026898591624, 5.457735026918962618 ) ) ;
#5023 = VERTEX_POINT ( 'NONE', #5337 ) ;
#5024 = DIRECTION ( 'NONE',  ( 0.000000000000000000, -0.000000000000000000, 1.000000000000000000 ) ) ;
#5025 = ADVANCED_FACE ( 'NONE', ( #6141 ), #420, .T. ) ;
#5026 = FILL_AREA_STYLE ('',( #2170 ) ) ;
#5027 = AXIS2_PLACEMENT_3D ( 'NONE', #5866, #8734, #7230 ) ;
#5028 = ORIENTED_EDGE ( 'NONE', *, *, #8440, .T. ) ;
#5029 = VECTOR ( 'NONE', #2984, 1000.000000000000114 ) ;
#5030 = VECTOR ( 'NONE', #8559, 1000.000000000000000 ) ;
#5031 = CARTESIAN_POINT ( 'NONE',  ( -6.500000000000000888, -2.799999999999999822, 0.000000000000000000 ) ) ;
#5032 = VECTOR ( 'NONE', #3201, 1000.000000000000000 ) ;
#5033 =( NAMED_UNIT ( * ) PLANE_ANGLE_UNIT ( ) SI_UNIT ( $, .RADIAN. ) );
#5034 = DIRECTION ( 'NONE',  ( 0.000000000000000000, 0.000000000000000000, -1.000000000000000000 ) ) ;
#5035 = STYLED_ITEM ( 'NONE', ( #5969 ), #8081 ) ;
#5036 = ORIENTED_EDGE ( 'NONE', *, *, #7949, .T. ) ;
#5037 = PRESENTATION_STYLE_ASSIGNMENT (( #3677 ) ) ;
#5038 = LINE ( 'NONE', #9280, #2911 ) ;
#5039 = CARTESIAN_POINT ( 'NONE',  ( -4.049999999999999822, -2.799999999999999822, 0.5000000000000000000 ) ) ;
#5040 = LINE ( 'NONE', #6468, #3714 ) ;
#5041 = EDGE_CURVE ( 'NONE', #4439, #6373, #2573, .T. ) ;
#5042 = FILL_AREA_STYLE ('',( #2938 ) ) ;
#5043 =( NAMED_UNIT ( * ) SI_UNIT ( $, .STERADIAN. ) SOLID_ANGLE_UNIT ( ) );
#5044 = SURFACE_STYLE_FILL_AREA ( #5748 ) ;
#5045 = ORIENTED_EDGE ( 'NONE', *, *, #4781, .T. ) ;
#5046 = VERTEX_POINT ( 'NONE', #3179 ) ;
#5047 = ORIENTED_EDGE ( 'NONE', *, *, #5770, .F. ) ;
#5048 = LINE ( 'NONE', #966, #1502 ) ;
#5049 = EDGE_CURVE ( 'NONE', #4982, #4531, #4547, .T. ) ;
#5050 =( NAMED_UNIT ( * ) SI_UNIT ( $, .STERADIAN. ) SOLID_ANGLE_UNIT ( ) );
#5051 = PLANE ( 'NONE',  #7754 ) ;
#5052 = DIRECTION ( 'NONE',  ( -0.000000000000000000, -1.000000000000000000, -0.000000000000000000 ) ) ;
#5053 = FILL_AREA_STYLE_COLOUR ( '', #4913 ) ;
#5054 = ORIENTED_EDGE ( 'NONE', *, *, #9112, .F. ) ;
#5055 = VECTOR ( 'NONE', #3832, 1000.000000000000000 ) ;
#5056 = ORIENTED_EDGE ( 'NONE', *, *, #4348, .T. ) ;
#5057 = PRESENTATION_LAYER_ASSIGNMENT (  '', '', ( #5516 ) ) ;
#5058 = CARTESIAN_POINT ( 'NONE',  ( 3.250000000000000888, 1.300690094324699730, 1.000000000000000000 ) ) ;
#5059 =( NAMED_UNIT ( * ) PLANE_ANGLE_UNIT ( ) SI_UNIT ( $, .RADIAN. ) );
#5060 = CIRCLE ( 'NONE', #1015, 0.1000000000000002554 ) ;
#5061 =( LENGTH_UNIT ( ) NAMED_UNIT ( * ) SI_UNIT ( .MILLI., .METRE. ) );
#5062 = COLOUR_RGB ( '',0.7921568627450980005, 0.8196078431372548767, 0.9333333333333333481 ) ;
#5063 = DIRECTION ( 'NONE',  ( -7.930164461608259947E-17, 0.000000000000000000, -1.000000000000000000 ) ) ;
#5064 = DIRECTION ( 'NONE',  ( 0.000000000000000000, 0.000000000000000000, 1.000000000000000000 ) ) ;
#5065 = ORIENTED_EDGE ( 'NONE', *, *, #7183, .F. ) ;
#5066 = PRESENTATION_LAYER_ASSIGNMENT (  '', '', ( #869 ) ) ;
#5067 = CARTESIAN_POINT ( 'NONE',  ( -2.600000000000000977, -8.800000000000000711, 2.250000000000000444 ) ) ;
#5068 = ORIENTED_EDGE ( 'NONE', *, *, #3085, .F. ) ;
#5069 = PRESENTATION_LAYER_ASSIGNMENT (  '', '', ( #2525 ) ) ;
#5070 = EDGE_CURVE ( 'NONE', #5884, #5738, #2476, .T. ) ;
#5071 =( GEOMETRIC_REPRESENTATION_CONTEXT ( 3 ) GLOBAL_UNCERTAINTY_ASSIGNED_CONTEXT ( ( #6092 ) ) GLOBAL_UNIT_ASSIGNED_CONTEXT ( ( #3103, #3187, #3937 ) ) REPRESENTATION_CONTEXT ( 'NONE', 'WORKASPACE' ) );
#5072 = CARTESIAN_POINT ( 'NONE',  ( -4.049999999999999822, 2.299999999979629894, 1.100000000000000089 ) ) ;
#5073 = PLANE ( 'NONE',  #6615 ) ;
#5074 = DIRECTION ( 'NONE',  ( -0.000000000000000000, -1.000000000000000000, -0.000000000000000000 ) ) ;
#5075 = DIRECTION ( 'NONE',  ( 0.000000000000000000, 0.000000000000000000, -1.000000000000000000 ) ) ;
#5076 = FILL_AREA_STYLE_COLOUR ( '', #6741 ) ;
#5077 = VERTEX_POINT ( 'NONE', #371 ) ;
#5078 = SURFACE_STYLE_FILL_AREA ( #8470 ) ;
#5079 = LINE ( 'NONE', #1508, #8014 ) ;
#5080 = STYLED_ITEM ( 'NONE', ( #7380 ), #1821 ) ;
#5081 = CIRCLE ( 'NONE', #3297, 0.1000000000000000333 ) ;
#5082 = EDGE_CURVE ( 'NONE', #6304, #6429, #8117, .T. ) ;
#5083 = EDGE_CURVE ( 'NONE', #6135, #2792, #8950, .T. ) ;
#5084 = DIRECTION ( 'NONE',  ( -1.000000000000000000, 0.000000000000000000, -0.000000000000000000 ) ) ;
#5085 = DIRECTION ( 'NONE',  ( -1.000000000000000000, -0.000000000000000000, 0.000000000000000000 ) ) ;
#5086 = CARTESIAN_POINT ( 'NONE',  ( 5.941959649123552012, -2.351539568527126978, 1.146981422799548511 ) ) ;
#5087 = COLOUR_RGB ( '',0.7450980392156862919, 0.7372549019607843590, 0.7294117647058823151 ) ;
#5088 = DIRECTION ( 'NONE',  ( 0.000000000000000000, 0.000000000000000000, -1.000000000000000000 ) ) ;
#5089 = VERTEX_POINT ( 'NONE', #1805 ) ;
#5090 = EDGE_LOOP ( 'NONE', ( #3173, #6640, #7895, #7600 ) ) ;
#5091 = EDGE_CURVE ( 'NONE', #63, #2928, #7553, .T. ) ;
#5092 = VERTEX_POINT ( 'NONE', #3842 ) ;
#5093 = ORIENTED_EDGE ( 'NONE', *, *, #9245, .T. ) ;
#5094 = VECTOR ( 'NONE', #3304, 1000.000000000000000 ) ;
#5095 = DIRECTION ( 'NONE',  ( -0.5734623443633278805, 0.8192319205190407017, 0.000000000000000000 ) ) ;
#5096 = CARTESIAN_POINT ( 'NONE',  ( 6.000000000029100278, 1.000000000000000000, -3.000000000000000444 ) ) ;
#5097 = MECHANICAL_DESIGN_GEOMETRIC_PRESENTATION_REPRESENTATION (  '', ( #9160 ), #6303 ) ;
#5098 = LINE ( 'NONE', #2365, #5825 ) ;
#5099 = AXIS2_PLACEMENT_3D ( 'NONE', #2436, #5297, #9053 ) ;
#5100 = FILL_AREA_STYLE_COLOUR ( '', #2803 ) ;
#5101 = FILL_AREA_STYLE ('',( #5053 ) ) ;
#5102 = VERTEX_POINT ( 'NONE', #6719 ) ;
#5103 = EDGE_CURVE ( 'NONE', #1100, #6899, #279, .T. ) ;
#5104 = DIRECTION ( 'NONE',  ( 0.7071067811865483499, 0.000000000000000000, 0.7071067811865467956 ) ) ;
#5105 = ORIENTED_EDGE ( 'NONE', *, *, #6755, .F. ) ;
#5106 = ORIENTED_EDGE ( 'NONE', *, *, #1079, .F. ) ;
#5107 =( NAMED_UNIT ( * ) PLANE_ANGLE_UNIT ( ) SI_UNIT ( $, .RADIAN. ) );
#5108 = MECHANICAL_DESIGN_GEOMETRIC_PRESENTATION_REPRESENTATION (  '', ( #908 ), #8851 ) ;
#5109 = CARTESIAN_POINT ( 'NONE',  ( 6.250000000014550139, 2.500000000000000000, 3.250000000000000444 ) ) ;
#5110 = UNCERTAINTY_MEASURE_WITH_UNIT (LENGTH_MEASURE( 1.000000000000000082E-05 ), #2845, 'distance_accuracy_value', 'NONE');
#5111 =( NAMED_UNIT ( * ) SI_UNIT ( $, .STERADIAN. ) SOLID_ANGLE_UNIT ( ) );
#5112 = DIRECTION ( 'NONE',  ( 0.5773502691896228445, -0.5773502691896228445, 0.5773502691896315042 ) ) ;
#5113 = MECHANICAL_DESIGN_GEOMETRIC_PRESENTATION_REPRESENTATION (  '', ( #8133 ), #8573 ) ;
#5114 = EDGE_CURVE ( 'NONE', #6, #8946, #1360, .T. ) ;
#5115 = DIRECTION ( 'NONE',  ( 1.000000000000000000, -0.000000000000000000, -0.000000000000000000 ) ) ;
#5116 = ORIENTED_EDGE ( 'NONE', *, *, #9177, .T. ) ;
#5117 = PRESENTATION_STYLE_ASSIGNMENT (( #4412 ) ) ;
#5118 = FILL_AREA_STYLE_COLOUR ( '', #6739 ) ;
#5119 = CARTESIAN_POINT ( 'NONE',  ( -3.250000000000000444, -0.2000000000000000111, 0.000000000000000000 ) ) ;
#5120 = DIRECTION ( 'NONE',  ( 0.000000000000000000, 0.000000000000000000, -1.000000000000000000 ) ) ;
#5121 =( NAMED_UNIT ( * ) SI_UNIT ( $, .STERADIAN. ) SOLID_ANGLE_UNIT ( ) );
#5122 = VERTEX_POINT ( 'NONE', #2669 ) ;
#5123 = CARTESIAN_POINT ( 'NONE',  ( 0.5499999999999992673, 0.000000000000000000, 2.250000000000000000 ) ) ;
#5124 = EDGE_CURVE ( 'NONE', #5271, #2052, #1961, .T. ) ;
#5125 = CARTESIAN_POINT ( 'NONE',  ( -5.800000000029100100, 2.799999999999999822, 6.000000000000000000 ) ) ;
#5126 =( GEOMETRIC_REPRESENTATION_CONTEXT ( 3 ) GLOBAL_UNCERTAINTY_ASSIGNED_CONTEXT ( ( #1941 ) ) GLOBAL_UNIT_ASSIGNED_CONTEXT ( ( #8828, #8003, #5164 ) ) REPRESENTATION_CONTEXT ( 'NONE', 'WORKASPACE' ) );
#5127 = UNCERTAINTY_MEASURE_WITH_UNIT (LENGTH_MEASURE( 1.000000000000000082E-05 ), #8451, 'distance_accuracy_value', 'NONE');
#5128 = CARTESIAN_POINT ( 'NONE',  ( -3.649999999999999911, 2.050345047162350109, 1.000000000000000000 ) ) ;
#5129 = DIRECTION ( 'NONE',  ( 0.000000000000000000, 0.000000000000000000, -1.000000000000000000 ) ) ;
#5130 = CARTESIAN_POINT ( 'NONE',  ( 5.900000000000000355, -2.199999999999999734, 5.400000000000000355 ) ) ;
#5131 = DIRECTION ( 'NONE',  ( 0.000000000000000000, 1.000000000000000000, 0.000000000000000000 ) ) ;
#5132 = VERTEX_POINT ( 'NONE', #6192 ) ;
#5133 = CARTESIAN_POINT ( 'NONE',  ( -5.903302719466724469, 2.308521061171981970, 5.461381300126909366 ) ) ;
#5134 = ORIENTED_EDGE ( 'NONE', *, *, #9256, .F. ) ;
#5135 = EDGE_CURVE ( 'NONE', #6570, #8885, #4872, .T. ) ;
#5136 = ORIENTED_EDGE ( 'NONE', *, *, #5778, .T. ) ;
#5137 = CIRCLE ( 'NONE', #7242, 0.1000000000000000472 ) ;
#5138 = ORIENTED_EDGE ( 'NONE', *, *, #323, .T. ) ;
#5139 = DIRECTION ( 'NONE',  ( 1.000000000000000000, 0.000000000000000000, -0.000000000000000000 ) ) ;
#5140 = PRODUCT_DEFINITION_SHAPE ( 'NONE', 'NONE',  #9311 ) ;
#5141 = DIRECTION ( 'NONE',  ( -0.000000000000000000, 0.000000000000000000, -1.000000000000000000 ) ) ;
#5142 = PRODUCT_DEFINITION ( 'UNKNOWN', '', #1617, #4870 ) ;
#5143 = SURFACE_STYLE_USAGE ( .BOTH. , #4444 ) ;
#5144 = COLOUR_RGB ( '',0.8313725490196077761, 0.8313725490196077761, 0.8313725490196077761 ) ;
#5145 = SURFACE_STYLE_FILL_AREA ( #7262 ) ;
#5146 = CARTESIAN_POINT ( 'NONE',  ( -5.800000000029105429, -2.200000000000000178, 5.500000000000000888 ) ) ;
#5147 =( NAMED_UNIT ( * ) PLANE_ANGLE_UNIT ( ) SI_UNIT ( $, .RADIAN. ) );
#5148 = EDGE_CURVE ( 'NONE', #2505, #1084, #2009, .T. ) ;
#5149 = ORIENTED_EDGE ( 'NONE', *, *, #5476, .T. ) ;
#5150 = ORIENTED_EDGE ( 'NONE', *, *, #1978, .T. ) ;
#5151 = AXIS2_PLACEMENT_3D ( 'NONE', #2832, #6259, #7765 ) ;
#5152 = CARTESIAN_POINT ( 'NONE',  ( -6.066934131677704123, 2.224094889527946872, 5.308158727481963268 ) ) ;
#5153 =( LENGTH_UNIT ( ) NAMED_UNIT ( * ) SI_UNIT ( .MILLI., .METRE. ) );
#5154 = CARTESIAN_POINT ( 'NONE',  ( 5.900000000029099745, -2.199999999979629806, 5.400000000000000355 ) ) ;
#5155 = COLOUR_RGB ( '',0.7450980392156862919, 0.7372549019607843590, 0.7294117647058823151 ) ;
#5157 = AXIS2_PLACEMENT_3D ( 'NONE', #1811, #3932, #5392 ) ;
#5156 = FILL_AREA_STYLE_COLOUR ( '', #6431 ) ;
#5158 =( LENGTH_UNIT ( ) NAMED_UNIT ( * ) SI_UNIT ( .MILLI., .METRE. ) );
#5159 = ORIENTED_EDGE ( 'NONE', *, *, #5943, .F. ) ;
#5160 = STYLED_ITEM ( 'NONE', ( #7513 ), #773 ) ;
#5161 = AXIS2_PLACEMENT_3D ( 'NONE', #5443, #1864, #1722 ) ;
#5162 = PLANE ( 'NONE',  #1336 ) ;
#5163 = LINE ( 'NONE', #6591, #4254 ) ;
#5164 =( NAMED_UNIT ( * ) SI_UNIT ( $, .STERADIAN. ) SOLID_ANGLE_UNIT ( ) );
#5165 = ORIENTED_EDGE ( 'NONE', *, *, #4980, .F. ) ;
#5166 = STYLED_ITEM ( 'NONE', ( #7371 ), #275 ) ;
#5167 = LINE ( 'NONE', #6680, #3056 ) ;
#5168 = VECTOR ( 'NONE', #5663, 1000.000000000000000 ) ;
#5169 = DIRECTION ( 'NONE',  ( 0.000000000000000000, 0.000000000000000000, 1.000000000000000000 ) ) ;
#5170 = MECHANICAL_DESIGN_GEOMETRIC_PRESENTATION_REPRESENTATION (  '', ( #5626 ), #1435 ) ;
#5171 = CARTESIAN_POINT ( 'NONE',  ( 5.800000000029100100, 2.799999999999999822, 3.321173431502630446 ) ) ;
#5172 = CARTESIAN_POINT ( 'NONE',  ( -5.853018577229545549, -2.351539568527127866, 5.441959649094459728 ) ) ;
#5173 = CARTESIAN_POINT ( 'NONE',  ( -4.049999999999999822, 2.199999999979629806, 1.100000000000000089 ) ) ;
#5174 = LINE ( 'NONE', #2352, #1963 ) ;
#5175 = CARTESIAN_POINT ( 'NONE',  ( 5.808158727511063546, -2.366934131628235960, 1.075905110451680580 ) ) ;
#5176 = CARTESIAN_POINT ( 'NONE',  ( 2.950000000014549872, 2.199999999979629806, 5.400000000000000355 ) ) ;
#5177 = ORIENTED_EDGE ( 'NONE', *, *, #95, .F. ) ;
#5178 = FILL_AREA_STYLE ('',( #3030 ) ) ;
#5179 = CARTESIAN_POINT ( 'NONE',  ( -2.600000000000000533, -8.800000000000000711, 4.750000000000000000 ) ) ;
#5180 = CARTESIAN_POINT ( 'NONE',  ( -6.000000000029100278, 2.799999999999999822, 3.440418332022770365 ) ) ;
#5181 = VECTOR ( 'NONE', #2889, 1000.000000000000000 ) ;
#5182 = AXIS2_PLACEMENT_3D ( 'NONE', #4185, #5598, #7119 ) ;
#5183 = VERTEX_POINT ( 'NONE', #4921 ) ;
#5184 =( NAMED_UNIT ( * ) SI_UNIT ( $, .STERADIAN. ) SOLID_ANGLE_UNIT ( ) );
#5185 = CARTESIAN_POINT ( 'NONE',  ( -5.900000000029099745, -2.199999999979629806, 5.400000000000000355 ) ) ;
#5186 = EDGE_CURVE ( 'NONE', #3216, #5271, #5704, .T. ) ;
#5187 = AXIS2_PLACEMENT_3D ( 'NONE', #7048, #700, #6441 ) ;
#5188 = EDGE_CURVE ( 'NONE', #822, #6175, #6954, .T. ) ;
#5189 = CIRCLE ( 'NONE', #1145, 0.6000000000000000888 ) ;
#5190 =( GEOMETRIC_REPRESENTATION_CONTEXT ( 3 ) GLOBAL_UNCERTAINTY_ASSIGNED_CONTEXT ( ( #4854 ) ) GLOBAL_UNIT_ASSIGNED_CONTEXT ( ( #1669, #4549, #620 ) ) REPRESENTATION_CONTEXT ( 'NONE', 'WORKASPACE' ) );
#5191 = CARTESIAN_POINT ( 'NONE',  ( 6.008521061221452797, -2.203302719417256750, 1.038618699873089302 ) ) ;
#5192 =( NAMED_UNIT ( * ) SI_UNIT ( $, .STERADIAN. ) SOLID_ANGLE_UNIT ( ) );
#5193 = SHAPE_REPRESENTATION_RELATIONSHIP ( 'NONE' , 'NONE' ,  #2976, #6709 ) ;
#5194 = CARTESIAN_POINT ( 'NONE',  ( -5.800000000029100100, 2.200000000000000178, 3.250000000000000444 ) ) ;
#5195 = VERTEX_POINT ( 'NONE', #8400 ) ;
#5196 = ORIENTED_EDGE ( 'NONE', *, *, #1470, .F. ) ;
#5197 = PRODUCT_DEFINITION ( 'UNKNOWN', '', #4166, #1023 ) ;
#5198 = DIRECTION ( 'NONE',  ( 0.000000000000000000, 1.000000000000000000, 0.000000000000000000 ) ) ;
#5199 = UNCERTAINTY_MEASURE_WITH_UNIT (LENGTH_MEASURE( 1.000000000000000082E-05 ), #5654, 'distance_accuracy_value', 'NONE');
#5200 = EDGE_CURVE ( 'NONE', #2964, #1066, #6909, .T. ) ;
#5201 = DIRECTION ( 'NONE',  ( -1.000000000000000000, 0.000000000000000000, -0.000000000000000000 ) ) ;
#5202 = PRESENTATION_STYLE_ASSIGNMENT (( #799 ) ) ;
#5203 = DIRECTION ( 'NONE',  ( 1.000000000000000000, 0.000000000000000000, -0.000000000000000000 ) ) ;
#5204 = DIRECTION ( 'NONE',  ( -1.000000000000000000, 0.000000000000000000, -0.000000000000000000 ) ) ;
#5205 = VERTEX_POINT ( 'NONE', #3331 ) ;
#5206 = FILL_AREA_STYLE_COLOUR ( '', #7197 ) ;
#5207 = EDGE_CURVE ( 'NONE', #2118, #2767, #7000, .T. ) ;
#5208 = FILL_AREA_STYLE_COLOUR ( '', #4411 ) ;
#5209 = STYLED_ITEM ( 'NONE', ( #2041 ), #1379 ) ;
#5210 = LINE ( 'NONE', #8100, #375 ) ;
#5211 = ORIENTED_EDGE ( 'NONE', *, *, #1583, .F. ) ;
#5212 = SURFACE_STYLE_USAGE ( .BOTH. , #2345 ) ;
#5213 = LINE ( 'NONE', #8180, #5453 ) ;
#5214 = PRODUCT_DEFINITION_FORMATION_WITH_SPECIFIED_SOURCE ( 'ANY', '', #4915, .NOT_KNOWN. ) ;
#5215 = ADVANCED_FACE ( 'NONE', ( #569 ), #6528, .T. ) ;
#5216 = EDGE_CURVE ( 'NONE', #7155, #7809, #2864, .T. ) ;
#5217 = COLOUR_RGB ( '',0.7450980392156862919, 0.7372549019607843590, 0.7294117647058823151 ) ;
#5218 = SURFACE_STYLE_FILL_AREA ( #3637 ) ;
#5219 = STYLED_ITEM ( 'NONE', ( #357 ), #4242 ) ;
#5220 = CARTESIAN_POINT ( 'NONE',  ( 5.800000000029100100, 2.799999999999999822, 2.250000000000000444 ) ) ;
#5221 = SURFACE_SIDE_STYLE ('',( #3198 ) ) ;
#5222 = CARTESIAN_POINT ( 'NONE',  ( -1.625000000000000222, 2.200000000000000178, 6.000000000000000000 ) ) ;
#5223 = SURFACE_STYLE_FILL_AREA ( #204 ) ;
#5224 = PRESENTATION_STYLE_ASSIGNMENT (( #8791 ) ) ;
#5225 = VERTEX_POINT ( 'NONE', #2242 ) ;
#5226 = AXIS2_PLACEMENT_3D ( 'NONE', #8027, #4488, #260 ) ;
#5227 = DIRECTION ( 'NONE',  ( -1.000000000000000000, 0.000000000000000000, 0.000000000000000000 ) ) ;
#5228 = STYLED_ITEM ( 'NONE', ( #135 ), #1845 ) ;
#5229 = VERTEX_POINT ( 'NONE', #5667 ) ;
#5230 = SURFACE_SIDE_STYLE ('',( #1565 ) ) ;
#5231 = DIRECTION ( 'NONE',  ( 1.000000000000000000, 1.734723475976802677E-14, 0.000000000000000000 ) ) ;
#5232 = ADVANCED_BREP_SHAPE_REPRESENTATION ( '', ( #7680, #5962 ), #1017 ) ;
#5233 = VERTEX_POINT ( 'NONE', #8541 ) ;
#5234 = CARTESIAN_POINT ( 'NONE',  ( -0.5000000000000013323, -8.800000000000000711, 4.750000000000000000 ) ) ;
#5235 = SURFACE_SIDE_STYLE ('',( #1526 ) ) ;
#5236 = CARTESIAN_POINT ( 'NONE',  ( -6.500000000000000888, 1.000000000000000000, -3.000000000000000000 ) ) ;
#5237 = MECHANICAL_DESIGN_GEOMETRIC_PRESENTATION_REPRESENTATION (  '', ( #2363 ), #1038 ) ;
#5238 = CARTESIAN_POINT ( 'NONE',  ( 5.900086743521482546, 2.299999999989815080, 5.126379046881691437 ) ) ;
#5239 =( REPRESENTATION_RELATIONSHIP ('NONE','NONE', #6774, #2976 ) REPRESENTATION_RELATIONSHIP_WITH_TRANSFORMATION ( #2762 )SHAPE_REPRESENTATION_RELATIONSHIP( ) );
#5240 = MECHANICAL_DESIGN_GEOMETRIC_PRESENTATION_REPRESENTATION (  '', ( #3302 ), #4187 ) ;
#5241 = EDGE_LOOP ( 'NONE', ( #3273, #8056, #8298, #568 ) ) ;
#5242 = VERTEX_POINT ( 'NONE', #7307 ) ;
#5243 = AXIS2_PLACEMENT_3D ( 'NONE', #8169, #1667, #1716 ) ;
#5244 =( BOUNDED_SURFACE ( )  B_SPLINE_SURFACE ( 3, 3, ( 
 ( #504, #7726, #8283, #2704 ),
 ( #7683, #3353, #4708, #7579 ),
 ( #1141, #3995, #4086, #3544 ),
 ( #679, #105, #7865, #1424 ) ),
 .UNSPECIFIED., .F., .F., .F. ) 
 B_SPLINE_SURFACE_WITH_KNOTS ( ( 4, 4 ),
 ( 4, 4 ),
 ( 0.000000000000000000, 1.000000000000000000 ),
 ( 0.000000000000000000, 1.000000000000000000 ),
 .UNSPECIFIED. ) 
 GEOMETRIC_REPRESENTATION_ITEM ( )  RATIONAL_B_SPLINE_SURFACE ( (
 ( 1.000000000000000000, 0.3333333333333334259, 0.3333333333333334259, 1.000000000000000000),
 ( 0.9245018060306378072, 0.3081672686768793801, 0.3081672686768793801, 0.9245018060306378072),
 ( 0.9245018060306378072, 0.3081672686768793801, 0.3081672686768793801, 0.9245018060306378072),
 ( 1.000000000000000000, 0.3333333333333334259, 0.3333333333333334259, 1.000000000000000000) ) ) 
 REPRESENTATION_ITEM ( '' )  SURFACE ( )  );
#5245 = PRESENTATION_LAYER_ASSIGNMENT (  '', '', ( #7503 ) ) ;
#5246 = SURFACE_STYLE_USAGE ( .BOTH. , #3411 ) ;
#5247 = DIRECTION ( 'NONE',  ( 0.000000000000000000, 0.000000000000000000, 1.000000000000000000 ) ) ;
#5248 = CARTESIAN_POINT ( 'NONE',  ( 3.250000000000000444, 0.2000000000000000111, 0.000000000000000000 ) ) ;
#5249 = PRESENTATION_STYLE_ASSIGNMENT (( #280 ) ) ;
#5250 = FILL_AREA_STYLE ('',( #5955 ) ) ;
#5251 =( NAMED_UNIT ( * ) SI_UNIT ( $, .STERADIAN. ) SOLID_ANGLE_UNIT ( ) );
#5252 = PLANE ( 'NONE',  #3370 ) ;
#5253 = ORIENTED_EDGE ( 'NONE', *, *, #40, .F. ) ;
#5254 = EDGE_CURVE ( 'NONE', #4064, #6506, #6485, .T. ) ;
#5255 = DIRECTION ( 'NONE',  ( 0.000000000000000000, -0.000000000000000000, -1.000000000000000000 ) ) ;
#5256 = VECTOR ( 'NONE', #8839, 1000.000000000000000 ) ;
#5257 = SURFACE_STYLE_USAGE ( .BOTH. , #194 ) ;
#5258 = EDGE_CURVE ( 'NONE', #8869, #1262, #1574, .T. ) ;
#5259 = EDGE_LOOP ( 'NONE', ( #4736, #1977, #3482, #7302, #2777, #5527 ) ) ;
#5260 = PRESENTATION_STYLE_ASSIGNMENT (( #5212 ) ) ;
#5261 = CARTESIAN_POINT ( 'NONE',  ( 6.000000000029100278, 1.000000000000000000, 0.000000000000000000 ) ) ;
#5262 = LINE ( 'NONE', #5123, #6269 ) ;
#5263 = SURFACE_SIDE_STYLE ('',( #1599 ) ) ;
#5264 = AXIS2_PLACEMENT_3D ( 'NONE', #3345, #3396, #1777 ) ;
#5265 =( LENGTH_UNIT ( ) NAMED_UNIT ( * ) SI_UNIT ( .MILLI., .METRE. ) );
#5266 = FACE_OUTER_BOUND ( 'NONE', #3951, .T. ) ;
#5267 = CARTESIAN_POINT ( 'NONE',  ( -5.800000000029100100, -2.299999999979629894, 3.321173431502630446 ) ) ;
#5268 = CARTESIAN_POINT ( 'NONE',  ( -6.500000000000000888, 1.000000000000000000, -3.000000000000000000 ) ) ;
#5269 = FACE_OUTER_BOUND ( 'NONE', #4449, .T. ) ;
#5270 = EDGE_CURVE ( 'NONE', #2568, #975, #3570, .T. ) ;
#5271 = VERTEX_POINT ( 'NONE', #4345 ) ;
#5272 = PRESENTATION_STYLE_ASSIGNMENT (( #7398 ) ) ;
#5273 = VECTOR ( 'NONE', #1411, 1000.000000000000000 ) ;
#5274 = FILL_AREA_STYLE_COLOUR ( '', #798 ) ;
#5275 = ORIENTED_EDGE ( 'NONE', *, *, #9047, .F. ) ;
#5276 = DIRECTION ( 'NONE',  ( 3.175210755296170372E-16, -2.222647528707319063E-16, 1.000000000000000000 ) ) ;
#5277 = DIRECTION ( 'NONE',  ( -0.000000000000000000, 0.000000000000000000, 1.000000000000000000 ) ) ;
#5278 = LINE ( 'NONE', #6035, #5802 ) ;
#5279 = EDGE_LOOP ( 'NONE', ( #4541, #8005, #2283, #2805 ) ) ;
#5280 = SURFACE_STYLE_FILL_AREA ( #5946 ) ;
#5281 = APPLICATION_PROTOCOL_DEFINITION ( 'draft international standard', 'automotive_design', 1998, #1812 ) ;
#5282 = VECTOR ( 'NONE', #258, 1000.000000000000000 ) ;
#5283 = EDGE_LOOP ( 'NONE', ( #5599, #4901, #1956, #7937, #8393, #2480, #6738, #1354, #7100, #5470, #8286, #3920, #7241, #2141, #4438, #4528, #3532, #8660, #546, #6851, #2613, #1546, #5511, #3368, #5473, #6937 ) ) ;
#5284 = ORIENTED_EDGE ( 'NONE', *, *, #8184, .T. ) ;
#5285 = FILL_AREA_STYLE_COLOUR ( '', #2844 ) ;
#5286 = UNCERTAINTY_MEASURE_WITH_UNIT (LENGTH_MEASURE( 1.000000000000000082E-05 ), #4773, 'distance_accuracy_value', 'NONE');
#5287 = VECTOR ( 'NONE', #3780, 1000.000000000000000 ) ;
#5288 = ADVANCED_FACE ( 'NONE', ( #31 ), #7841, .T. ) ;
#5289 = FILL_AREA_STYLE_COLOUR ( '', #2860 ) ;
#5290 = SURFACE_SIDE_STYLE ('',( #6004 ) ) ;
#5291 = SHAPE_REPRESENTATION_RELATIONSHIP ( 'NONE' , 'NONE' ,  #7585, #1859 ) ;
#5292 =( BOUNDED_SURFACE ( )  B_SPLINE_SURFACE ( 3, 3, ( 
 ( #140, #7229, #752, #7992 ),
 ( #6631, #3010, #2334, #841 ),
 ( #5902, #5815, #1542, #6493 ),
 ( #7274, #5152, #7189, #1497 ) ),
 .UNSPECIFIED., .F., .F., .F. ) 
 B_SPLINE_SURFACE_WITH_KNOTS ( ( 4, 4 ),
 ( 4, 4 ),
 ( 0.000000000000000000, 1.000000000000000000 ),
 ( 0.000000000000000000, 1.000000000000000000 ),
 .UNSPECIFIED. ) 
 GEOMETRIC_REPRESENTATION_ITEM ( )  RATIONAL_B_SPLINE_SURFACE ( (
 ( 1.000000000000000000, 0.3333333333333334259, 0.3333333333333334259, 1.000000000000000000),
 ( 0.9245018060306385843, 0.3081672686768796021, 0.3081672686768796021, 0.9245018060306385843),
 ( 0.9245018060306385843, 0.3081672686768796021, 0.3081672686768796021, 0.9245018060306385843),
 ( 1.000000000000000000, 0.3333333333333334259, 0.3333333333333334259, 1.000000000000000000) ) ) 
 REPRESENTATION_ITEM ( '' )  SURFACE ( )  );
#5293 = DIRECTION ( 'NONE',  ( -0.000000000000000000, 1.000000000000000000, 0.000000000000000000 ) ) ;
#5294 =( GEOMETRIC_REPRESENTATION_CONTEXT ( 3 ) GLOBAL_UNCERTAINTY_ASSIGNED_CONTEXT ( ( #4155 ) ) GLOBAL_UNIT_ASSIGNED_CONTEXT ( ( #5509, #2134, #7818 ) ) REPRESENTATION_CONTEXT ( 'NONE', 'WORKASPACE' ) );
#5295 =( LENGTH_UNIT ( ) NAMED_UNIT ( * ) SI_UNIT ( .MILLI., .METRE. ) );
#5296 = SURFACE_STYLE_FILL_AREA ( #7517 ) ;
#5297 = DIRECTION ( 'NONE',  ( 0.000000000000000000, 0.000000000000000000, 1.000000000000000000 ) ) ;
#5298 = DIRECTION ( 'NONE',  ( 0.000000000000000000, -1.000000000000000000, -0.000000000000000000 ) ) ;
#5299 = ORIENTED_EDGE ( 'NONE', *, *, #712, .F. ) ;
#5300 = DIRECTION ( 'NONE',  ( 0.5121093168028647558, 0.000000000000000000, 0.8589202801446145230 ) ) ;
#5301 = CARTESIAN_POINT ( 'NONE',  ( 5.800000000029100100, -2.299999999979629894, 5.163708333923990423 ) ) ;
#5302 = FILL_AREA_STYLE ('',( #3063 ) ) ;
#5303 = COLOUR_RGB ( '',0.8313725490196077761, 0.8313725490196077761, 0.8313725490196077761 ) ;
#5304 = COLOUR_RGB ( '',0.7450980392156862919, 0.7372549019607843590, 0.7294117647058823151 ) ;
#5305 = EDGE_CURVE ( 'NONE', #6593, #1711, #7931, .T. ) ;
#5306 = CARTESIAN_POINT ( 'NONE',  ( 5.989442719129092652, 2.244721359529624483, 5.400000000000000355 ) ) ;
#5307 = CARTESIAN_POINT ( 'NONE',  ( -5.900000000029099745, 2.199999999979629806, 1.100000000000000089 ) ) ;
#5308 = PRESENTATION_STYLE_ASSIGNMENT (( #4608 ) ) ;
#5309 = LINE ( 'NONE', #6690, #4179 ) ;
#5310 = ADVANCED_FACE ( 'NONE', ( #2810 ), #7980, .T. ) ;
#5311 = DIRECTION ( 'NONE',  ( -0.9369532139012849425, 0.000000000000000000, 0.3494548253495050050 ) ) ;
#5312 = FILL_AREA_STYLE_COLOUR ( '', #1872 ) ;
#5313 = VECTOR ( 'NONE', #1089, 1000.000000000000000 ) ;
#5314 = ORIENTED_EDGE ( 'NONE', *, *, #8301, .T. ) ;
#5315 =( GEOMETRIC_REPRESENTATION_CONTEXT ( 3 ) GLOBAL_UNCERTAINTY_ASSIGNED_CONTEXT ( ( #549 ) ) GLOBAL_UNIT_ASSIGNED_CONTEXT ( ( #4366, #806, #3016 ) ) REPRESENTATION_CONTEXT ( 'NONE', 'WORKASPACE' ) );
#5316 = FACE_OUTER_BOUND ( 'NONE', #7786, .T. ) ;
#5317 = LINE ( 'NONE', #3313, #2679 ) ;
#5318 = STYLED_ITEM ( 'NONE', ( #5249 ), #233 ) ;
#5319 = ORIENTED_EDGE ( 'NONE', *, *, #4096, .T. ) ;
#5320 = STYLED_ITEM ( 'NONE', ( #3771 ), #1194 ) ;
#5321 = FILL_AREA_STYLE_COLOUR ( '', #8970 ) ;
#5322 = EDGE_CURVE ( 'NONE', #5497, #4982, #8893, .T. ) ;
#5323 = CARTESIAN_POINT ( 'NONE',  ( -1.549999999999999822, -8.300000000000000711, 4.750000000000000000 ) ) ;
#5324 =( LENGTH_UNIT ( ) NAMED_UNIT ( * ) SI_UNIT ( .MILLI., .METRE. ) );
#5325 =( NAMED_UNIT ( * ) SI_UNIT ( $, .STERADIAN. ) SOLID_ANGLE_UNIT ( ) );
#5326 = LINE ( 'NONE', #6705, #6106 ) ;
#5327 = SURFACE_STYLE_USAGE ( .BOTH. , #2462 ) ;
#5328 = AXIS2_PLACEMENT_3D ( 'NONE', #4845, #9178, #8464 ) ;
#5329 = ORIENTED_EDGE ( 'NONE', *, *, #5961, .T. ) ;
#5330 = SHAPE_DEFINITION_REPRESENTATION ( #2751, #2976 ) ;
#5331 = ORIENTED_EDGE ( 'NONE', *, *, #5976, .T. ) ;
#5332 = VERTEX_POINT ( 'NONE', #1750 ) ;
#5333 = EDGE_CURVE ( 'NONE', #1262, #8963, #1105, .T. ) ;
#5334 = AXIS2_PLACEMENT_3D ( 'NONE', #7729, #18, #8614 ) ;
#5335 = DIRECTION ( 'NONE',  ( -1.000000000000000000, 0.000000000000000000, 0.000000000000000000 ) ) ;
#5336 = MECHANICAL_DESIGN_GEOMETRIC_PRESENTATION_REPRESENTATION (  '', ( #2489 ), #4130 ) ;
#5337 = CARTESIAN_POINT ( 'NONE',  ( 5.957735026948062007, 2.257735026898592068, 1.042264973081037160 ) ) ;
#5338 = PLANE ( 'NONE',  #8484 ) ;
#5339 = SURFACE_STYLE_FILL_AREA ( #2927 ) ;
#5340 = ORIENTED_EDGE ( 'NONE', *, *, #2014, .T. ) ;
#5341 = PRESENTATION_LAYER_ASSIGNMENT (  '', '', ( #1004 ) ) ;
#5342 = LINE ( 'NONE', #3146, #5840 ) ;
#5343 = DIRECTION ( 'NONE',  ( -1.000000000000000000, 0.000000000000000000, -0.000000000000000000 ) ) ;
#5344 = CARTESIAN_POINT ( 'NONE',  ( -0.5000000000000009992, -8.800000000000000711, 4.750000000000000000 ) ) ;
#5345 = DIRECTION ( 'NONE',  ( -0.5734623443633278805, 0.8192319205190407017, 0.000000000000000000 ) ) ;
#5346 = EDGE_LOOP ( 'NONE', ( #1438, #27, #6626, #6745 ) ) ;
#5347 = SURFACE_STYLE_USAGE ( .BOTH. , #2541 ) ;
#5348 = DIRECTION ( 'NONE',  ( 1.000000000000000000, 0.000000000000000000, 0.000000000000000000 ) ) ;
#5349 = DIRECTION ( 'NONE',  ( 0.5734623443633278805, -0.8192319205190407017, -0.000000000000000000 ) ) ;
#5350 =( LENGTH_UNIT ( ) NAMED_UNIT ( * ) SI_UNIT ( .MILLI., .METRE. ) );
#5351 =( GEOMETRIC_REPRESENTATION_CONTEXT ( 3 ) GLOBAL_UNCERTAINTY_ASSIGNED_CONTEXT ( ( #369 ) ) GLOBAL_UNIT_ASSIGNED_CONTEXT ( ( #5874, #3064, #7206 ) ) REPRESENTATION_CONTEXT ( 'NONE', 'WORKASPACE' ) );
#5352 = APPLICATION_CONTEXT ( 'automotive_design' ) ;
#5353 = LINE ( 'NONE', #7485, #5313 ) ;
#5354 = LINE ( 'NONE', #4476, #5834 ) ;
#5355 = DIRECTION ( 'NONE',  ( 0.000000000000000000, 0.000000000000000000, -1.000000000000000000 ) ) ;
#5356 = CARTESIAN_POINT ( 'NONE',  ( 5.900000000029099745, 2.199999999979629806, 1.100000000000000089 ) ) ;
#5357 = AXIS2_PLACEMENT_3D ( 'NONE', #8116, #5227, #3868 ) ;
#5358 = ORIENTED_EDGE ( 'NONE', *, *, #8145, .F. ) ;
#5359 = FACE_OUTER_BOUND ( 'NONE', #645, .T. ) ;
#5360 = FILL_AREA_STYLE ('',( #6748 ) ) ;
#5361 =( NAMED_UNIT ( * ) SI_UNIT ( $, .STERADIAN. ) SOLID_ANGLE_UNIT ( ) );
#5362 = COLOUR_RGB ( '',0.7450980392156862919, 0.7372549019607843590, 0.7294117647058823151 ) ;
#5363 = EDGE_CURVE ( 'NONE', #7297, #5999, #5326, .T. ) ;
#5364 = EDGE_CURVE ( 'NONE', #2767, #2568, #8800, .T. ) ;
#5365 = ORIENTED_EDGE ( 'NONE', *, *, #5893, .T. ) ;
#5366 = PRESENTATION_LAYER_ASSIGNMENT (  '', '', ( #5219 ) ) ;
#5367 = FACE_OUTER_BOUND ( 'NONE', #6735, .T. ) ;
#5368 = FACE_OUTER_BOUND ( 'NONE', #3941, .T. ) ;
#5369 =( NAMED_UNIT ( * ) PLANE_ANGLE_UNIT ( ) SI_UNIT ( $, .RADIAN. ) );
#5370 = MECHANICAL_DESIGN_GEOMETRIC_PRESENTATION_REPRESENTATION (  '', ( #8226 ), #9136 ) ;
#5371 = MECHANICAL_DESIGN_GEOMETRIC_PRESENTATION_REPRESENTATION (  '', ( #4023 ), #3286 ) ;
#5372 =( NAMED_UNIT ( * ) PLANE_ANGLE_UNIT ( ) SI_UNIT ( $, .RADIAN. ) );
#5373 = FILL_AREA_STYLE_COLOUR ( '', #8651 ) ;
#5374 = EDGE_CURVE ( 'NONE', #7223, #2612, #7544, .T. ) ;
#5375 = MECHANICAL_DESIGN_GEOMETRIC_PRESENTATION_REPRESENTATION (  '', ( #2093 ), #7335 ) ;
#5376 = PRESENTATION_STYLE_ASSIGNMENT (( #3129 ) ) ;
#5377 = CARTESIAN_POINT ( 'NONE',  ( 0.000000000000000000, 3.000000000000000000, 0.000000000000000000 ) ) ;
#5378 = VERTEX_POINT ( 'NONE', #2416 ) ;
#5379 = VERTEX_POINT ( 'NONE', #5238 ) ;
#5380 =( LENGTH_UNIT ( ) NAMED_UNIT ( * ) SI_UNIT ( .MILLI., .METRE. ) );
#5381 = UNCERTAINTY_MEASURE_WITH_UNIT (LENGTH_MEASURE( 1.000000000000000082E-05 ), #3254, 'distance_accuracy_value', 'NONE');
#5382 = DIRECTION ( 'NONE',  ( 0.000000000000000000, 0.000000000000000000, -1.000000000000000000 ) ) ;
#5383 = MECHANICAL_DESIGN_GEOMETRIC_PRESENTATION_REPRESENTATION (  '', ( #4642 ), #4800 ) ;
#5384 = CARTESIAN_POINT ( 'NONE',  ( 5.800000000029100988, 2.299999999979629894, 5.163708333923990423 ) ) ;
#5385 = CARTESIAN_POINT ( 'NONE',  ( -5.957735026948062895, -2.257735026898591180, 1.042264973081036050 ) ) ;
#5386 = SURFACE_STYLE_FILL_AREA ( #374 ) ;
#5387 = EDGE_CURVE ( 'NONE', #6694, #8963, #1799, .T. ) ;
#5388 = EDGE_CURVE ( 'NONE', #9143, #1140, #8129, .T. ) ;
#5389 =( NAMED_UNIT ( * ) PLANE_ANGLE_UNIT ( ) SI_UNIT ( $, .RADIAN. ) );
#5390 = ORIENTED_EDGE ( 'NONE', *, *, #6555, .F. ) ;
#5391 = VECTOR ( 'NONE', #982, 1000.000000000000000 ) ;
#5392 = DIRECTION ( 'NONE',  ( 0.000000000000000000, -0.000000000000000000, 1.000000000000000000 ) ) ;
#5393 = ORIENTED_EDGE ( 'NONE', *, *, #6018, .T. ) ;
#5394 = CARTESIAN_POINT ( 'NONE',  ( -6.000000000029100278, 2.299999999979629894, 1.000000000000000000 ) ) ;
#5395 = PRESENTATION_LAYER_ASSIGNMENT (  '', '', ( #9164 ) ) ;
#5396 =( GEOMETRIC_REPRESENTATION_CONTEXT ( 3 ) GLOBAL_UNCERTAINTY_ASSIGNED_CONTEXT ( ( #1110 ) ) GLOBAL_UNIT_ASSIGNED_CONTEXT ( ( #4624, #5369, #6941 ) ) REPRESENTATION_CONTEXT ( 'NONE', 'WORKASPACE' ) );
#5397 = STYLED_ITEM ( 'NONE', ( #3654 ), #5310 ) ;
#5398 = CARTESIAN_POINT ( 'NONE',  ( -5.800000000029100100, 2.299999999979629894, 5.163708333923990423 ) ) ;
#5399 = CARTESIAN_POINT ( 'NONE',  ( 5.800000000029105429, -2.200000000000000178, 6.000000000000000000 ) ) ;
#5400 = LINE ( 'NONE', #7567, #3648 ) ;
#5401 = ORIENTED_EDGE ( 'NONE', *, *, #3213, .T. ) ;
#5402 = VECTOR ( 'NONE', #122, 1000.000000000000000 ) ;
#5403 = LINE ( 'NONE', #8916, #9114 ) ;
#5404 = DIRECTION ( 'NONE',  ( -0.9369532139013024841, 0.000000000000000000, 0.3494548253494578205 ) ) ;
#5405 = AXIS2_PLACEMENT_3D ( 'NONE', #5700, #684, #7873 ) ;
#5406 = DIRECTION ( 'NONE',  ( -1.000000000000000000, 0.000000000000000000, -0.000000000000000000 ) ) ;
#5407 = PRESENTATION_STYLE_ASSIGNMENT (( #4045 ) ) ;
#5408 = DIRECTION ( 'NONE',  ( 1.037591611793570001E-16, 0.000000000000000000, 1.000000000000000000 ) ) ;
#5409 = FILL_AREA_STYLE_COLOUR ( '', #8475 ) ;
#5410 = DIRECTION ( 'NONE',  ( -1.037591611793570001E-16, 0.000000000000000000, -1.000000000000000000 ) ) ;
#5411 = ADVANCED_FACE ( 'NONE', ( #5890 ), #7225, .T. ) ;
#5412 = EDGE_LOOP ( 'NONE', ( #8131, #9015, #1383, #6864, #5150, #7408 ) ) ;
#5413 = UNCERTAINTY_MEASURE_WITH_UNIT (LENGTH_MEASURE( 1.000000000000000082E-05 ), #3717, 'distance_accuracy_value', 'NONE');
#5414 =( NAMED_UNIT ( * ) PLANE_ANGLE_UNIT ( ) SI_UNIT ( $, .RADIAN. ) );
#5415 = ORIENTED_EDGE ( 'NONE', *, *, #6185, .T. ) ;
#5416 = SURFACE_STYLE_FILL_AREA ( #2558 ) ;
#5417 = FILL_AREA_STYLE ('',( #6845 ) ) ;
#5418 = SURFACE_STYLE_USAGE ( .BOTH. , #8335 ) ;
#5419 = DIRECTION ( 'NONE',  ( 1.000000000000000000, 0.000000000000000000, 0.000000000000000000 ) ) ;
#5420 = FACE_OUTER_BOUND ( 'NONE', #308, .T. ) ;
#5421 = EDGE_CURVE ( 'NONE', #6137, #5271, #5423, .T. ) ;
#5422 = EDGE_CURVE ( 'NONE', #5229, #774, #6986, .T. ) ;
#5423 = LINE ( 'NONE', #3469, #863 ) ;
#5424 =( LENGTH_UNIT ( ) NAMED_UNIT ( * ) SI_UNIT ( .MILLI., .METRE. ) );
#5425 = VERTEX_POINT ( 'NONE', #7690 ) ;
#5426 =( NAMED_UNIT ( * ) SI_UNIT ( $, .STERADIAN. ) SOLID_ANGLE_UNIT ( ) );
#5427 = APPLICATION_PROTOCOL_DEFINITION ( 'draft international standard', 'automotive_design', 1998, #5722 ) ;
#5428 = EDGE_LOOP ( 'NONE', ( #6964, #8066, #3029, #4186 ) ) ;
#5429 = ORIENTED_EDGE ( 'NONE', *, *, #8145, .T. ) ;
#5430 = FILL_AREA_STYLE_COLOUR ( '', #2703 ) ;
#5431 = EDGE_CURVE ( 'NONE', #2259, #4876, #7779, .T. ) ;
#5432 = UNCERTAINTY_MEASURE_WITH_UNIT (LENGTH_MEASURE( 1.000000000000000082E-05 ), #2070, 'distance_accuracy_value', 'NONE');
#5433 = EDGE_CURVE ( 'NONE', #7336, #4448, #2760, .T. ) ;
#5434 = CARTESIAN_POINT ( 'NONE',  ( -5.989442719129091763, -2.244721359529624927, 5.400000000000000355 ) ) ;
#5435 =( NAMED_UNIT ( * ) SI_UNIT ( $, .STERADIAN. ) SOLID_ANGLE_UNIT ( ) );
#5436 = VERTEX_POINT ( 'NONE', #1997 ) ;
#5437 = VERTEX_POINT ( 'NONE', #1153 ) ;
#5438 = DIRECTION ( 'NONE',  ( 1.000000000000000000, 0.000000000000000000, 0.000000000000000000 ) ) ;
#5439 = SURFACE_STYLE_FILL_AREA ( #9008 ) ;
#5440 = ORIENTED_EDGE ( 'NONE', *, *, #1204, .F. ) ;
#5441 =( GEOMETRIC_REPRESENTATION_CONTEXT ( 3 ) GLOBAL_UNCERTAINTY_ASSIGNED_CONTEXT ( ( #1537 ) ) GLOBAL_UNIT_ASSIGNED_CONTEXT ( ( #731, #824, #2149 ) ) REPRESENTATION_CONTEXT ( 'NONE', 'WORKASPACE' ) );
#5442 = EDGE_CURVE ( 'NONE', #1292, #8079, #1894, .T. ) ;
#5443 = CARTESIAN_POINT ( 'NONE',  ( 5.900000000029100633, 2.199999999979629806, 5.400000000000001243 ) ) ;
#5444 =( LENGTH_UNIT ( ) NAMED_UNIT ( * ) SI_UNIT ( .MILLI., .METRE. ) );
#5445 = SURFACE_STYLE_USAGE ( .BOTH. , #2582 ) ;
#5446 = PLANE ( 'NONE',  #6038 ) ;
#5447 = ORIENTED_EDGE ( 'NONE', *, *, #7550, .T. ) ;
#5448 = CARTESIAN_POINT ( 'NONE',  ( -6.000000000029100278, -2.199999999979629806, 5.400000000000000355 ) ) ;
#5449 = CARTESIAN_POINT ( 'NONE',  ( -6.000000000029100278, 1.000000000000000000, -3.000000000000000444 ) ) ;
#5450 = PRESENTATION_LAYER_ASSIGNMENT (  '', '', ( #6811 ) ) ;
#5451 =( NAMED_UNIT ( * ) PLANE_ANGLE_UNIT ( ) SI_UNIT ( $, .RADIAN. ) );
#5452 = EDGE_CURVE ( 'NONE', #5497, #7610, #2045, .T. ) ;
#5453 = VECTOR ( 'NONE', #6596, 1000.000000000000000 ) ;
#5454 = FILL_AREA_STYLE ('',( #395 ) ) ;
#5455 = FILL_AREA_STYLE ('',( #8418 ) ) ;
#5456 = CARTESIAN_POINT ( 'NONE',  ( -0.5000000000000015543, -8.800000000000000711, 2.250000000000000444 ) ) ;
#5457 =( LENGTH_UNIT ( ) NAMED_UNIT ( * ) SI_UNIT ( .MILLI., .METRE. ) );
#5458 = CARTESIAN_POINT ( 'NONE',  ( -3.117763191482009866, -2.299999999979629894, 4.917763191452910299 ) ) ;
#5459 = LINE ( 'NONE', #502, #5472 ) ;
#5460 = ORIENTED_EDGE ( 'NONE', *, *, #7466, .F. ) ;
#5461 = DIRECTION ( 'NONE',  ( 1.000000000000000000, 0.000000000000000000, 0.000000000000000000 ) ) ;
#5462 = AXIS2_PLACEMENT_3D ( 'NONE', #2479, #7661, #6337 ) ;
#5463 = VERTEX_POINT ( 'NONE', #4718 ) ;
#5464 = CARTESIAN_POINT ( 'NONE',  ( 5.800000000029099212, -2.799999999999999822, 0.000000000000000000 ) ) ;
#5465 = CARTESIAN_POINT ( 'NONE',  ( -6.500000000000001776, 1.000000000000000000, 0.000000000000000000 ) ) ;
#5466 =( LENGTH_UNIT ( ) NAMED_UNIT ( * ) SI_UNIT ( .MILLI., .METRE. ) );
#5467 = STYLED_ITEM ( 'NONE', ( #5117 ), #7411 ) ;
#5468 = CARTESIAN_POINT ( 'NONE',  ( 5.900000000029099745, 2.199999999979629806, 1.000000000000000000 ) ) ;
#5469 = DIRECTION ( 'NONE',  ( -0.5734623443633283246, -0.8192319205190404796, 0.000000000000000000 ) ) ;
#5470 = ORIENTED_EDGE ( 'NONE', *, *, #6010, .T. ) ;
#5471 = CARTESIAN_POINT ( 'NONE',  ( 6.000000000029100278, -2.200000000000000178, 6.000000000000000000 ) ) ;
#5472 = VECTOR ( 'NONE', #1094, 1000.000000000000000 ) ;
#5473 = ORIENTED_EDGE ( 'NONE', *, *, #2191, .T. ) ;
#5474 = ORIENTED_EDGE ( 'NONE', *, *, #638, .T. ) ;
#5475 = DIRECTION ( 'NONE',  ( -1.000000000000000000, -0.000000000000000000, -0.000000000000000000 ) ) ;
#5476 = EDGE_CURVE ( 'NONE', #5242, #1692, #557, .T. ) ;
#5477 =( NAMED_UNIT ( * ) SI_UNIT ( $, .STERADIAN. ) SOLID_ANGLE_UNIT ( ) );
#5478 = COLOUR_RGB ( '',0.7450980392156862919, 0.7372549019607843590, 0.7294117647058823151 ) ;
#5479 =( GEOMETRIC_REPRESENTATION_CONTEXT ( 3 ) GLOBAL_UNCERTAINTY_ASSIGNED_CONTEXT ( ( #3912 ) ) GLOBAL_UNIT_ASSIGNED_CONTEXT ( ( #8234, #1826, #1881 ) ) REPRESENTATION_CONTEXT ( 'NONE', 'WORKASPACE' ) );
#5480 = ORIENTED_EDGE ( 'NONE', *, *, #6586, .T. ) ;
#5481 = CARTESIAN_POINT ( 'NONE',  ( -5.934165146415341319, -2.257735026898592956, 1.018695092548314474 ) ) ;
#5482 = DIRECTION ( 'NONE',  ( 0.000000000000000000, 0.000000000000000000, 1.000000000000000000 ) ) ;
#5483 = FILL_AREA_STYLE_COLOUR ( '', #6531 ) ;
#5484 = SURFACE_STYLE_USAGE ( .BOTH. , #3334 ) ;
#5485 = ORIENTED_EDGE ( 'NONE', *, *, #846, .F. ) ;
#5486 = FILL_AREA_STYLE ('',( #3382 ) ) ;
#5487 = ORIENTED_EDGE ( 'NONE', *, *, #6510, .T. ) ;
#5488 = EDGE_CURVE ( 'NONE', #3645, #5641, #5522, .T. ) ;
#5489 = SURFACE_STYLE_FILL_AREA ( #4881 ) ;
#5490 = EDGE_CURVE ( 'NONE', #5659, #4878, #3268, .T. ) ;
#5491 = PRESENTATION_STYLE_ASSIGNMENT (( #7055 ) ) ;
#5492 = SURFACE_SIDE_STYLE ('',( #2821 ) ) ;
#5493 = CARTESIAN_POINT ( 'NONE',  ( 0.5500000000000000444, 0.000000000000000000, 4.750000000000000000 ) ) ;
#5494 = DIRECTION ( 'NONE',  ( -0.000000000000000000, 1.000000000000000000, 0.000000000000000000 ) ) ;
#5495 =( LENGTH_UNIT ( ) NAMED_UNIT ( * ) SI_UNIT ( .MILLI., .METRE. ) );
#5496 = PRESENTATION_LAYER_ASSIGNMENT (  '', '', ( #1886 ) ) ;
#5497 = VERTEX_POINT ( 'NONE', #1837 ) ;
#5498 = CARTESIAN_POINT ( 'NONE',  ( 5.900000000029099745, 2.199999999979629806, 2.250000000000000444 ) ) ;
#5499 =( GEOMETRIC_REPRESENTATION_CONTEXT ( 3 ) GLOBAL_UNCERTAINTY_ASSIGNED_CONTEXT ( ( #2137 ) ) GLOBAL_UNIT_ASSIGNED_CONTEXT ( ( #5892, #4395, #8727 ) ) REPRESENTATION_CONTEXT ( 'NONE', 'WORKASPACE' ) );
#5500 = LINE ( 'NONE', #9068, #962 ) ;
#5501 = EDGE_CURVE ( 'NONE', #414, #1899, #4769, .T. ) ;
#5502 = LINE ( 'NONE', #8368, #2475 ) ;
#5503 = ORIENTED_EDGE ( 'NONE', *, *, #5952, .T. ) ;
#5504 = AXIS2_PLACEMENT_3D ( 'NONE', #3807, #4247, #1597 ) ;
#5505 = SURFACE_STYLE_USAGE ( .BOTH. , #3247 ) ;
#5506 = CARTESIAN_POINT ( 'NONE',  ( 0.5499999999999999334, 0.000000000000000000, 4.750000000000000000 ) ) ;
#5507 = SURFACE_STYLE_FILL_AREA ( #8974 ) ;
#5508 = DIRECTION ( 'NONE',  ( 1.000000000000000000, 0.000000000000000000, -0.000000000000000000 ) ) ;
#5509 =( LENGTH_UNIT ( ) NAMED_UNIT ( * ) SI_UNIT ( .MILLI., .METRE. ) );
#5510 = DIRECTION ( 'NONE',  ( 0.000000000000000000, 0.000000000000000000, -1.000000000000000000 ) ) ;
#5511 = ORIENTED_EDGE ( 'NONE', *, *, #2119, .T. ) ;
#5512 = SURFACE_STYLE_FILL_AREA ( #7537 ) ;
#5513 = UNCERTAINTY_MEASURE_WITH_UNIT (LENGTH_MEASURE( 1.000000000000000082E-05 ), #978, 'distance_accuracy_value', 'NONE');
#5514 = EDGE_CURVE ( 'NONE', #8914, #8681, #7591, .T. ) ;
#5515 = CARTESIAN_POINT ( 'NONE',  ( 6.044659952723581142, 2.146138961327066941, 1.044281119199519825 ) ) ;
#5516 = STYLED_ITEM ( 'NONE', ( #7671 ), #9051 ) ;
#5517 = STYLED_ITEM ( 'NONE', ( #4229 ), #1299 ) ;
#5518 = DIRECTION ( 'NONE',  ( 0.000000000000000000, -0.000000000000000000, 1.000000000000000000 ) ) ;
#5519 = PRESENTATION_LAYER_ASSIGNMENT (  '', '', ( #2674 ) ) ;
#5520 = DIRECTION ( 'NONE',  ( 0.000000000000000000, 1.000000000000000000, 0.000000000000000000 ) ) ;
#5521 = CYLINDRICAL_SURFACE ( 'NONE', #5676, 0.1000000000000002554 ) ;
#5522 = LINE ( 'NONE', #1210, #2968 ) ;
#5523 = VECTOR ( 'NONE', #1554, 1000.000000000000000 ) ;
#5524 = EDGE_LOOP ( 'NONE', ( #3704, #8304, #7253, #6901, #758, #3696, #225, #5692, #354, #7286, #5630, #3720, #6031, #4988, #3338, #944, #7376, #25, #84, #1397, #3424, #8483, #777, #5793, #2455 ) ) ;
#5525 = LINE ( 'NONE', #1954, #4996 ) ;
#5526 = VECTOR ( 'NONE', #2033, 1000.000000000000000 ) ;
#5527 = ORIENTED_EDGE ( 'NONE', *, *, #3472, .F. ) ;
#5528 = PRODUCT_DEFINITION_FORMATION_WITH_SPECIFIED_SOURCE ( 'ANY', '', #7850, .NOT_KNOWN. ) ;
#5529 = ORIENTED_EDGE ( 'NONE', *, *, #8835, .F. ) ;
#5530 = PRESENTATION_LAYER_ASSIGNMENT (  '', '', ( #8527 ) ) ;
#5531 = CARTESIAN_POINT ( 'NONE',  ( -6.000000000029100278, 2.199999999979629806, 0.000000000000000000 ) ) ;
#5532 = UNCERTAINTY_MEASURE_WITH_UNIT (LENGTH_MEASURE( 1.000000000000000082E-05 ), #5789, 'distance_accuracy_value', 'NONE');
#5533 = PRESENTATION_LAYER_ASSIGNMENT (  '', '', ( #6588 ) ) ;
#5534 = ORIENTED_EDGE ( 'NONE', *, *, #6133, .F. ) ;
#5535 = CARTESIAN_POINT ( 'NONE',  ( 2.950000000000000178, 2.799999999999999822, 0.000000000000000000 ) ) ;
#5536 = CYLINDRICAL_SURFACE ( 'NONE', #2030, 0.1000000000000002554 ) ;
#5537 = SURFACE_STYLE_USAGE ( .BOTH. , #2673 ) ;
#5538 = VECTOR ( 'NONE', #915, 1000.000000000000000 ) ;
#5539 = ORIENTED_EDGE ( 'NONE', *, *, #3711, .F. ) ;
#5540 = FILL_AREA_STYLE_COLOUR ( '', #6904 ) ;
#5541 = AXIS2_PLACEMENT_3D ( 'NONE', #1580, #8685, #4356 ) ;
#5542 = VECTOR ( 'NONE', #7515, 1000.000000000000000 ) ;
#5543 = SURFACE_STYLE_USAGE ( .BOTH. , #8552 ) ;
#5544 = SURFACE_STYLE_FILL_AREA ( #9115 ) ;
#5545 = PRESENTATION_STYLE_ASSIGNMENT (( #5445 ) ) ;
#5546 = AXIS2_PLACEMENT_3D ( 'NONE', #2272, #5131, #383 ) ;
#5547 = ORIENTED_EDGE ( 'NONE', *, *, #6543, .T. ) ;
#5548 = FILL_AREA_STYLE ('',( #759 ) ) ;
#5549 = ADVANCED_FACE ( 'NONE', ( #9192 ), #1253, .T. ) ;
#5550 = DIRECTION ( 'NONE',  ( -0.000000000000000000, -1.000000000000000000, -0.000000000000000000 ) ) ;
#5551 = SURFACE_STYLE_USAGE ( .BOTH. , #9122 ) ;
#5552 = COLOUR_RGB ( '',0.8313725490196077761, 0.8313725490196077761, 0.8313725490196077761 ) ;
#5553 = VECTOR ( 'NONE', #6176, 1000.000000000000000 ) ;
#5554 = ADVANCED_FACE ( 'NONE', ( #5570 ), #4144, .T. ) ;
#5555 = DIRECTION ( 'NONE',  ( 0.5773502691896257311, 0.5773502691896257311, 0.5773502691896257311 ) ) ;
#5556 = DIRECTION ( 'NONE',  ( -0.9369532139012849425, 0.000000000000000000, -0.3494548253495050050 ) ) ;
#5557 = VECTOR ( 'NONE', #2536, 1000.000000000000000 ) ;
#5558 = CARTESIAN_POINT ( 'NONE',  ( 0.000000000000000000, -0.2000000000000000111, 2.000000000000000000 ) ) ;
#5559 = LINE ( 'NONE', #4985, #2296 ) ;
#5560 = FILL_AREA_STYLE_COLOUR ( '', #4279 ) ;
#5561 = VERTEX_POINT ( 'NONE', #7831 ) ;
#5562 = ADVANCED_FACE ( 'NONE', ( #4380 ), #7838, .T. ) ;
#5563 = FILL_AREA_STYLE_COLOUR ( '', #270 ) ;
#5564 = DIRECTION ( 'NONE',  ( -0.8192319205190404796, 0.5734623443633283246, 3.875838667619851961E-16 ) ) ;
#5565 = DIRECTION ( 'NONE',  ( 0.000000000000000000, -1.000000000000000000, -0.000000000000000000 ) ) ;
#5566 = DIRECTION ( 'NONE',  ( 0.000000000000000000, 0.000000000000000000, 1.000000000000000000 ) ) ;
#5567 = CARTESIAN_POINT ( 'NONE',  ( -2.950000000000000178, -8.300000000000000711, 4.750000000000000000 ) ) ;
#5568 = ADVANCED_FACE ( 'NONE', ( #9287 ), #8621, .T. ) ;
#5569 =( GEOMETRIC_REPRESENTATION_CONTEXT ( 3 ) GLOBAL_UNCERTAINTY_ASSIGNED_CONTEXT ( ( #5199 ) ) GLOBAL_UNIT_ASSIGNED_CONTEXT ( ( #5654, #2143, #4997 ) ) REPRESENTATION_CONTEXT ( 'NONE', 'WORKASPACE' ) );
#5570 = FACE_OUTER_BOUND ( 'NONE', #9159, .T. ) ;
#5571 = CARTESIAN_POINT ( 'NONE',  ( -6.000000000029100278, -2.200000000000000178, 3.250000000000000888 ) ) ;
#5572 = ORIENTED_EDGE ( 'NONE', *, *, #3203, .F. ) ;
#5573 = ORIENTED_EDGE ( 'NONE', *, *, #2567, .T. ) ;
#5574 = ORIENTED_EDGE ( 'NONE', *, *, #1637, .F. ) ;
#5575 = CARTESIAN_POINT ( 'NONE',  ( -5.957735026948062007, 2.257735026898592068, 1.042264973081035162 ) ) ;
#5576 = SURFACE_SIDE_STYLE ('',( #2153 ) ) ;
#5577 = LINE ( 'NONE', #8537, #3068 ) ;
#5578 = ORIENTED_EDGE ( 'NONE', *, *, #4069, .F. ) ;
#5579 = FACE_OUTER_BOUND ( 'NONE', #2825, .T. ) ;
#5580 = ORIENTED_EDGE ( 'NONE', *, *, #1698, .T. ) ;
#5581 = SURFACE_STYLE_USAGE ( .BOTH. , #2773 ) ;
#5582 = CARTESIAN_POINT ( 'NONE',  ( 4.049999999999999822, -2.799999999999999822, 2.250000000000000444 ) ) ;
#5583 = FACE_OUTER_BOUND ( 'NONE', #7185, .T. ) ;
#5584 = CARTESIAN_POINT ( 'NONE',  ( -6.500000000000000888, 2.799999999999999822, 5.400000000000000355 ) ) ;
#5585 = DIRECTION ( 'NONE',  ( 0.8589202801446145230, -0.000000000000000000, 0.5121093168028647558 ) ) ;
#5586 = ORIENTED_EDGE ( 'NONE', *, *, #1990, .F. ) ;
#5587 = DIRECTION ( 'NONE',  ( 0.000000000000000000, -0.000000000000000000, 1.000000000000000000 ) ) ;
#5588 = CARTESIAN_POINT ( 'NONE',  ( 5.800000000029110758, -2.200000000000000178, 5.500000000000000888 ) ) ;
#5589 =( NAMED_UNIT ( * ) SI_UNIT ( $, .STERADIAN. ) SOLID_ANGLE_UNIT ( ) );
#5590 = VECTOR ( 'NONE', #901, 1000.000000000000000 ) ;
#5591 = VECTOR ( 'NONE', #6226, 1000.000000000000000 ) ;
#5592 = EDGE_CURVE ( 'NONE', #7559, #8716, #7770, .T. ) ;
#5593 =( NAMED_UNIT ( * ) SI_UNIT ( $, .STERADIAN. ) SOLID_ANGLE_UNIT ( ) );
#5594 = FILL_AREA_STYLE_COLOUR ( '', #126 ) ;
#5595 = AXIS2_PLACEMENT_3D ( 'NONE', #6935, #5564, #550 ) ;
#5596 = CARTESIAN_POINT ( 'NONE',  ( 6.500000000000000888, 1.000000000000000000, -3.000000000000000000 ) ) ;
#5597 =( LENGTH_UNIT ( ) NAMED_UNIT ( * ) SI_UNIT ( .MILLI., .METRE. ) );
#5598 = DIRECTION ( 'NONE',  ( -1.000000000000000000, -0.000000000000000000, 7.930164461608259947E-17 ) ) ;
#5599 = ORIENTED_EDGE ( 'NONE', *, *, #4505, .T. ) ;
#5600 =( LENGTH_UNIT ( ) NAMED_UNIT ( * ) SI_UNIT ( .MILLI., .METRE. ) );
#5601 = LINE ( 'NONE', #4281, #872 ) ;
#5602 = UNCERTAINTY_MEASURE_WITH_UNIT (LENGTH_MEASURE( 1.000000000000000082E-05 ), #3847, 'distance_accuracy_value', 'NONE');
#5603 =( BOUNDED_SURFACE ( )  B_SPLINE_SURFACE ( 3, 3, ( 
 ( #8150, #3110, #8654, #4425 ),
 ( #3683, #1649, #6560, #5838 ),
 ( #2270, #5926, #5172, #1604 ),
 ( #7292, #911, #203, #8788 ) ),
 .UNSPECIFIED., .F., .F., .F. ) 
 B_SPLINE_SURFACE_WITH_KNOTS ( ( 4, 4 ),
 ( 4, 4 ),
 ( 0.000000000000000000, 1.000000000000000000 ),
 ( 0.000000000000000000, 1.000000000000000000 ),
 .UNSPECIFIED. ) 
 GEOMETRIC_REPRESENTATION_ITEM ( )  RATIONAL_B_SPLINE_SURFACE ( (
 ( 1.000000000000000000, 0.3333333333333269866, 0.3333333333333269866, 1.000000000000000000),
 ( 0.9245018060306362528, 0.3081672686768728853, 0.3081672686768728853, 0.9245018060306362528),
 ( 0.9245018060306362528, 0.3081672686768728853, 0.3081672686768728853, 0.9245018060306362528),
 ( 1.000000000000000000, 0.3333333333333269866, 0.3333333333333269866, 1.000000000000000000) ) ) 
 REPRESENTATION_ITEM ( '' )  SURFACE ( )  );
#5604 = ORIENTED_EDGE ( 'NONE', *, *, #6838, .F. ) ;
#5605 = ADVANCED_FACE ( 'NONE', ( #5359 ), #6693, .T. ) ;
#5606 = LINE ( 'NONE', #6364, #3624 ) ;
#5607 = SURFACE_SIDE_STYLE ('',( #2144 ) ) ;
#5608 = LINE ( 'NONE', #6472, #4942 ) ;
#5609 = COLOUR_RGB ( '',0.8313725490196077761, 0.8313725490196077761, 0.8313725490196077761 ) ;
#5610 = DIRECTION ( 'NONE',  ( -0.000000000000000000, 0.000000000000000000, 1.000000000000000000 ) ) ;
#5611 = FILL_AREA_STYLE ('',( #603 ) ) ;
#5612 = VERTEX_POINT ( 'NONE', #4433 ) ;
#5613 =( NAMED_UNIT ( * ) SI_UNIT ( $, .STERADIAN. ) SOLID_ANGLE_UNIT ( ) );
#5614 = ADVANCED_FACE ( 'NONE', ( #5316 ), #3070, .F. ) ;
#5615 = ADVANCED_FACE ( 'NONE', ( #6217 ), #9027, .F. ) ;
#5616 = ORIENTED_EDGE ( 'NONE', *, *, #1415, .F. ) ;
#5617 = VERTEX_POINT ( 'NONE', #593 ) ;
#5618 = VECTOR ( 'NONE', #4121, 1000.000000000000000 ) ;
#5619 = AXIS2_PLACEMENT_3D ( 'NONE', #792, #8764, #1623 ) ;
#5620 =( NAMED_UNIT ( * ) SI_UNIT ( $, .STERADIAN. ) SOLID_ANGLE_UNIT ( ) );
#5621 = CARTESIAN_POINT ( 'NONE',  ( -3.250000000000000888, 1.300690094324699730, 0.5000000000000000000 ) ) ;
#5622 = UNCERTAINTY_MEASURE_WITH_UNIT (LENGTH_MEASURE( 1.000000000000000082E-05 ), #120, 'distance_accuracy_value', 'NONE');
#5623 = EDGE_LOOP ( 'NONE', ( #7350, #7181, #8666, #2103, #4486, #3729, #7568, #2527 ) ) ;
#5624 = DIRECTION ( 'NONE',  ( -0.000000000000000000, -1.000000000000000000, 0.000000000000000000 ) ) ;
#5626 = STYLED_ITEM ( 'NONE', ( #9017 ), #7007 ) ;
#5625 =( NAMED_UNIT ( * ) SI_UNIT ( $, .STERADIAN. ) SOLID_ANGLE_UNIT ( ) );
#5627 = VERTEX_POINT ( 'NONE', #2748 ) ;
#5628 = EDGE_CURVE ( 'NONE', #7155, #1459, #2649, .T. ) ;
#5629 = DIRECTION ( 'NONE',  ( 0.000000000000000000, -1.000000000000000000, 0.000000000000000000 ) ) ;
#5630 = ORIENTED_EDGE ( 'NONE', *, *, #3277, .F. ) ;
#5631 = CARTESIAN_POINT ( 'NONE',  ( -2.950000000000000178, 0.2000000000000000389, -3.000000000000000000 ) ) ;
#5632 = CARTESIAN_POINT ( 'NONE',  ( -1.900000000000000799, -8.800000000000000711, 2.250000000000000444 ) ) ;
#5633 =( NAMED_UNIT ( * ) PLANE_ANGLE_UNIT ( ) SI_UNIT ( $, .RADIAN. ) );
#5634 = LINE ( 'NONE', #6202, #8620 ) ;
#5635 = CARTESIAN_POINT ( 'NONE',  ( -5.900000000029099745, -2.199999999979629806, 1.100000000000000089 ) ) ;
#5636 = EDGE_LOOP ( 'NONE', ( #46, #2233, #1800, #4323 ) ) ;
#5637 =( NAMED_UNIT ( * ) PLANE_ANGLE_UNIT ( ) SI_UNIT ( $, .RADIAN. ) );
#5638 = PRESENTATION_STYLE_ASSIGNMENT (( #7759 ) ) ;
#5639 = CIRCLE ( 'NONE', #4889, 0.1000000000000002554 ) ;
#5640 = SURFACE_SIDE_STYLE ('',( #673 ) ) ;
#5641 = VERTEX_POINT ( 'NONE', #8427 ) ;
#5642 = CLOSED_SHELL ( 'NONE', ( #5828, #742, #7411, #8935, #8421, #5549, #275, #3137 ) ) ;
#5643 =( NAMED_UNIT ( * ) SI_UNIT ( $, .STERADIAN. ) SOLID_ANGLE_UNIT ( ) );
#5644 = MECHANICAL_DESIGN_GEOMETRIC_PRESENTATION_REPRESENTATION (  '', ( #5944 ), #7158 ) ;
#5645 = CARTESIAN_POINT ( 'NONE',  ( -6.500000000000001776, -1.000000000000000000, -3.000000000000000444 ) ) ;
#5646 = CARTESIAN_POINT ( 'NONE',  ( 6.000000000029100278, 2.199999999979629806, 2.250000000000000000 ) ) ;
#5647 = CARTESIAN_POINT ( 'NONE',  ( 5.900000000029099745, -2.200000000000000178, 5.400000000000000355 ) ) ;
#5648 = ORIENTED_EDGE ( 'NONE', *, *, #7227, .T. ) ;
#5649 = CARTESIAN_POINT ( 'NONE',  ( -2.950000000000000178, -2.799999999999999822, 1.000000000000000000 ) ) ;
#5650 = DIRECTION ( 'NONE',  ( 0.000000000000000000, 0.000000000000000000, 1.000000000000000000 ) ) ;
#5651 = STYLED_ITEM ( 'NONE', ( #6660 ), #8868 ) ;
#5652 = VERTEX_POINT ( 'NONE', #4853 ) ;
#5653 = SURFACE_SIDE_STYLE ('',( #4713 ) ) ;
#5654 =( LENGTH_UNIT ( ) NAMED_UNIT ( * ) SI_UNIT ( .MILLI., .METRE. ) );
#5655 = SURFACE_SIDE_STYLE ('',( #6517 ) ) ;
#5656 = ORIENTED_EDGE ( 'NONE', *, *, #4941, .F. ) ;
#5657 = ADVANCED_FACE ( 'NONE', ( #6262 ), #5244, .T. ) ;
#5658 = COLOUR_RGB ( '',0.7450980392156862919, 0.7372549019607843590, 0.7294117647058823151 ) ;
#5659 = VERTEX_POINT ( 'NONE', #7244 ) ;
#5660 = EDGE_LOOP ( 'NONE', ( #4297, #3105, #4553, #1831 ) ) ;
#5661 =( GEOMETRIC_REPRESENTATION_CONTEXT ( 3 ) GLOBAL_UNCERTAINTY_ASSIGNED_CONTEXT ( ( #8948 ) ) GLOBAL_UNIT_ASSIGNED_CONTEXT ( ( #6565, #4293, #2274 ) ) REPRESENTATION_CONTEXT ( 'NONE', 'WORKASPACE' ) );
#5662 = CARTESIAN_POINT ( 'NONE',  ( -6.500000000000001776, -2.200000000000000178, 3.250000000000000888 ) ) ;
#5663 = DIRECTION ( 'NONE',  ( 1.000000000000000000, -0.000000000000000000, 0.000000000000000000 ) ) ;
#5664 = PRESENTATION_LAYER_ASSIGNMENT (  '', '', ( #5209 ) ) ;
#5665 = EDGE_CURVE ( 'NONE', #1262, #3898, #5601, .T. ) ;
#5666 = UNCERTAINTY_MEASURE_WITH_UNIT (LENGTH_MEASURE( 1.000000000000000082E-05 ), #5597, 'distance_accuracy_value', 'NONE');
#5667 = CARTESIAN_POINT ( 'NONE',  ( -0.04999999999999995420, -0.2000000000000000389, -3.000000000000000000 ) ) ;
#5668 = CARTESIAN_POINT ( 'NONE',  ( -5.900086743527171329, 2.799999999999999822, 5.126379046879568691 ) ) ;
#5669 = SURFACE_SIDE_STYLE ('',( #4257 ) ) ;
#5670 = PLANE ( 'NONE',  #6052 ) ;
#5671 = ORIENTED_EDGE ( 'NONE', *, *, #4177, .T. ) ;
#5672 = DIRECTION ( 'NONE',  ( -0.000000000000000000, 1.000000000000000000, -0.000000000000000000 ) ) ;
#5673 = VECTOR ( 'NONE', #3452, 1000.000000000000000 ) ;
#5674 = CARTESIAN_POINT ( 'NONE',  ( -5.875094501888884935, 2.233062582872592738, 1.008969336073860967 ) ) ;
#5675 = SURFACE_STYLE_FILL_AREA ( #5016 ) ;
#5676 = AXIS2_PLACEMENT_3D ( 'NONE', #1151, #8814, #4860 ) ;
#5677 = FILL_AREA_STYLE ('',( #9113 ) ) ;
#5678 = EDGE_CURVE ( 'NONE', #3898, #8202, #5694, .T. ) ;
#5679 = VECTOR ( 'NONE', #2654, 1000.000000000000000 ) ;
#5680 = CARTESIAN_POINT ( 'NONE',  ( 2.950000000000000178, 0.2000000000000000389, -3.000000000000000000 ) ) ;
#5681 = COLOUR_RGB ( '',0.7450980392156862919, 0.7372549019607843590, 0.7294117647058823151 ) ;
#5682 = ORIENTED_EDGE ( 'NONE', *, *, #2641, .F. ) ;
#5683 = FACE_OUTER_BOUND ( 'NONE', #1318, .T. ) ;
#5684 = PRESENTATION_LAYER_ASSIGNMENT (  '', '', ( #7041 ) ) ;
#5685 = LINE ( 'NONE', #6544, #8633 ) ;
#5686 = PRESENTATION_LAYER_ASSIGNMENT (  '', '', ( #3291 ) ) ;
#5687 = VECTOR ( 'NONE', #5088, 1000.000000000000000 ) ;
#5688 =( NAMED_UNIT ( * ) SI_UNIT ( $, .STERADIAN. ) SOLID_ANGLE_UNIT ( ) );
#5689 = PRESENTATION_STYLE_ASSIGNMENT (( #8567 ) ) ;
#5690 = DIRECTION ( 'NONE',  ( 0.000000000000000000, 0.000000000000000000, 1.000000000000000000 ) ) ;
#5691 = CARTESIAN_POINT ( 'NONE',  ( -5.800000000029100100, 2.799999999999999822, 3.321173431502630446 ) ) ;
#5692 = ORIENTED_EDGE ( 'NONE', *, *, #4930, .T. ) ;
#5693 = AXIS2_PLACEMENT_3D ( 'NONE', #2577, #3893, #6778 ) ;
#5694 = LINE ( 'NONE', #6359, #4317 ) ;
#5695 = UNCERTAINTY_MEASURE_WITH_UNIT (LENGTH_MEASURE( 1.000000000000000082E-05 ), #22, 'distance_accuracy_value', 'NONE');
#5696 = DIRECTION ( 'NONE',  ( 1.000000000000000000, 0.000000000000000000, -0.000000000000000000 ) ) ;
#5697 = ORIENTED_EDGE ( 'NONE', *, *, #1860, .T. ) ;
#5698 = CIRCLE ( 'NONE', #4046, 0.6000000000000000888 ) ;
#5699 = PRESENTATION_STYLE_ASSIGNMENT (( #2840 ) ) ;
#5700 = CARTESIAN_POINT ( 'NONE',  ( -6.250000000014550139, 2.500000000000000000, 3.250000000000000444 ) ) ;
#5701 =( NAMED_UNIT ( * ) SI_UNIT ( $, .STERADIAN. ) SOLID_ANGLE_UNIT ( ) );
#5702 = CARTESIAN_POINT ( 'NONE',  ( 6.500000000000001776, -1.000000000000000000, -3.000000000000000444 ) ) ;
#5703 = SURFACE_SIDE_STYLE ('',( #7829 ) ) ;
#5704 = CIRCLE ( 'NONE', #3754, 0.1000000000000000472 ) ;
#5705 = DIRECTION ( 'NONE',  ( 1.000000000000000000, -0.000000000000000000, -0.000000000000000000 ) ) ;
#5706 = ORIENTED_EDGE ( 'NONE', *, *, #5364, .T. ) ;
#5707 = SURFACE_STYLE_USAGE ( .BOTH. , #2898 ) ;
#5708 = ORIENTED_EDGE ( 'NONE', *, *, #2290, .T. ) ;
#5709 = ORIENTED_EDGE ( 'NONE', *, *, #8560, .T. ) ;
#5710 = CARTESIAN_POINT ( 'NONE',  ( 5.904368729029565444, 2.248839264927097403, 5.493309800894469852 ) ) ;
#5711 = VECTOR ( 'NONE', #7731, 1000.000000000000114 ) ;
#5712 = UNCERTAINTY_MEASURE_WITH_UNIT (LENGTH_MEASURE( 1.000000000000000082E-05 ), #7238, 'distance_accuracy_value', 'NONE');
#5713 = ADVANCED_FACE ( 'NONE', ( #6412 ), #5783, .T. ) ;
#5714 = SURFACE_STYLE_USAGE ( .BOTH. , #695 ) ;
#5715 = FILL_AREA_STYLE_COLOUR ( '', #8228 ) ;
#5716 = ORIENTED_EDGE ( 'NONE', *, *, #3145, .T. ) ;
#5717 =( NAMED_UNIT ( * ) SI_UNIT ( $, .STERADIAN. ) SOLID_ANGLE_UNIT ( ) );
#5718 = ORIENTED_EDGE ( 'NONE', *, *, #2873, .F. ) ;
#5719 = EDGE_CURVE ( 'NONE', #3515, #2505, #6461, .T. ) ;
#5720 = CARTESIAN_POINT ( 'NONE',  ( -5.955718880829580009, 2.146138961327061612, 0.9553400473055143616 ) ) ;
#5721 = DIRECTION ( 'NONE',  ( 0.000000000000000000, 0.000000000000000000, -1.000000000000000000 ) ) ;
#5722 = APPLICATION_CONTEXT ( 'automotive_design' ) ;
#5723 = ADVANCED_FACE ( 'NONE', ( #4899 ), #9230, .F. ) ;
#5724 = PRESENTATION_STYLE_ASSIGNMENT (( #887 ) ) ;
#5725 =( GEOMETRIC_REPRESENTATION_CONTEXT ( 3 ) GLOBAL_UNCERTAINTY_ASSIGNED_CONTEXT ( ( #6263 ) ) GLOBAL_UNIT_ASSIGNED_CONTEXT ( ( #3391, #7011, #1373 ) ) REPRESENTATION_CONTEXT ( 'NONE', 'WORKASPACE' ) );
#5726 = SURFACE_SIDE_STYLE ('',( #9264 ) ) ;
#5727 = DIRECTION ( 'NONE',  ( -5.163828021512360244E-16, 0.000000000000000000, 1.000000000000000000 ) ) ;
#5728 = EDGE_LOOP ( 'NONE', ( #6498, #2769, #117, #8025 ) ) ;
#5729 = DIRECTION ( 'NONE',  ( 0.000000000000000000, -1.000000000000000000, 0.000000000000000000 ) ) ;
#5730 = DIRECTION ( 'NONE',  ( -0.4082482904638599641, 0.8164965809277291431, 0.4082482904638601307 ) ) ;
#5731 = EDGE_CURVE ( 'NONE', #8766, #1524, #5060, .T. ) ;
#5732 = EDGE_CURVE ( 'NONE', #4448, #1636, #5262, .T. ) ;
#5733 = CARTESIAN_POINT ( 'NONE',  ( 0.000000000000000000, -2.299999999979629894, 2.250000000000000444 ) ) ;
#5734 = DIRECTION ( 'NONE',  ( 0.000000000000000000, 0.000000000000000000, 1.000000000000000000 ) ) ;
#5735 = CARTESIAN_POINT ( 'NONE',  ( -3.250000000000000444, -2.199999999979629806, 1.000000000000000000 ) ) ;
#5736 = PRESENTATION_STYLE_ASSIGNMENT (( #3765 ) ) ;
#5737 = LINE ( 'NONE', #4134, #88 ) ;
#5738 = VERTEX_POINT ( 'NONE', #3900 ) ;
#5739 = FILL_AREA_STYLE_COLOUR ( '', #5812 ) ;
#5740 = PRESENTATION_LAYER_ASSIGNMENT (  '', '', ( #7697 ) ) ;
#5741 = DIRECTION ( 'NONE',  ( -0.000000000000000000, -0.000000000000000000, 1.000000000000000000 ) ) ;
#5742 = EDGE_CURVE ( 'NONE', #2052, #168, #7431, .T. ) ;
#5743 = LINE ( 'NONE', #3489, #6557 ) ;
#5744 =( NAMED_UNIT ( * ) SI_UNIT ( $, .STERADIAN. ) SOLID_ANGLE_UNIT ( ) );
#5745 = PRESENTATION_LAYER_ASSIGNMENT (  '', '', ( #3935 ) ) ;
#5746 = DIRECTION ( 'NONE',  ( 1.000000000000000000, 0.000000000000000000, -0.000000000000000000 ) ) ;
#5747 = CARTESIAN_POINT ( 'NONE',  ( 2.750000000000000000, 0.2000000000000000389, -2.799999999999999378 ) ) ;
#5748 = FILL_AREA_STYLE ('',( #2896 ) ) ;
#5749 = CARTESIAN_POINT ( 'NONE',  ( -5.933062582922061345, 2.291030663905768261, 5.375094501859782881 ) ) ;
#5750 = EDGE_LOOP ( 'NONE', ( #5580, #4060, #1405, #4381 ) ) ;
#5751 = ORIENTED_EDGE ( 'NONE', *, *, #1601, .T. ) ;
#5752 = EDGE_LOOP ( 'NONE', ( #4733, #1422, #3617, #3356, #207, #1577, #4054, #1921 ) ) ;
#5753 = FILL_AREA_STYLE_COLOUR ( '', #4202 ) ;
#5754 = DIRECTION ( 'NONE',  ( 1.000000000000000000, 0.000000000000000000, 0.000000000000000000 ) ) ;
#5755 = ORIENTED_EDGE ( 'NONE', *, *, #6575, .F. ) ;
#5756 = COLOUR_RGB ( '',0.2862745098039215508, 0.2862745098039215508, 0.2862745098039215508 ) ;
#5757 = CARTESIAN_POINT ( 'NONE',  ( 6.500000000000001776, 1.000000000000000000, -3.000000000000000444 ) ) ;
#5758 = VERTEX_POINT ( 'NONE', #1041 ) ;
#5759 = VECTOR ( 'NONE', #4304, 1000.000000000000000 ) ;
#5760 = EDGE_CURVE ( 'NONE', #8266, #71, #4602, .T. ) ;
#5761 = DIRECTION ( 'NONE',  ( 0.000000000000000000, 1.000000000000000000, -0.000000000000000000 ) ) ;
#5762 = CARTESIAN_POINT ( 'NONE',  ( -5.981304907480781807, 2.257735026898592956, 1.065834853613756517 ) ) ;
#5763 = PRESENTATION_LAYER_ASSIGNMENT (  '', '', ( #829 ) ) ;
#5764 = FILL_AREA_STYLE_COLOUR ( '', #613 ) ;
#5765 = CARTESIAN_POINT ( 'NONE',  ( -5.900000000029099745, 2.199999999979629806, 2.250000000000000444 ) ) ;
#5766 = DIRECTION ( 'NONE',  ( 0.000000000000000000, 0.000000000000000000, -1.000000000000000000 ) ) ;
#5768 = EDGE_CURVE ( 'NONE', #2792, #5183, #1598, .T. ) ;
#5767 = DIRECTION ( 'NONE',  ( 0.9369532139012849425, 0.000000000000000000, -0.3494548253495050050 ) ) ;
#5769 = ORIENTED_EDGE ( 'NONE', *, *, #5452, .F. ) ;
#5770 = EDGE_CURVE ( 'NONE', #2319, #7174, #2303, .T. ) ;
#5771 = VECTOR ( 'NONE', #2228, 1000.000000000000000 ) ;
#5772 = PRESENTATION_LAYER_ASSIGNMENT (  '', '', ( #7578 ) ) ;
#5773 = FILL_AREA_STYLE_COLOUR ( '', #5478 ) ;
#5774 = DIRECTION ( 'NONE',  ( 0.000000000000000000, 0.000000000000000000, 1.000000000000000000 ) ) ;
#5775 =( NAMED_UNIT ( * ) SI_UNIT ( $, .STERADIAN. ) SOLID_ANGLE_UNIT ( ) );
#5776 = FILL_AREA_STYLE ('',( #6551 ) ) ;
#5777 = DIRECTION ( 'NONE',  ( 0.000000000000000000, 0.000000000000000000, 1.000000000000000000 ) ) ;
#5778 = EDGE_CURVE ( 'NONE', #8963, #8202, #5213, .T. ) ;
#5779 = PRESENTATION_LAYER_ASSIGNMENT (  '', '', ( #4125 ) ) ;
#5780 = PRESENTATION_LAYER_ASSIGNMENT (  '', '', ( #3978 ) ) ;
#5781 = ORIENTED_EDGE ( 'NONE', *, *, #7499, .T. ) ;
#5782 = DIRECTION ( 'NONE',  ( 0.000000000000000000, 0.000000000000000000, 1.000000000000000000 ) ) ;
#5783 = PLANE ( 'NONE',  #2672 ) ;
#5784 = PLANE ( 'NONE',  #3655 ) ;
#5785 = MECHANICAL_DESIGN_GEOMETRIC_PRESENTATION_REPRESENTATION (  '', ( #2802 ), #2198 ) ;
#5786 = SURFACE_SIDE_STYLE ('',( #4287 ) ) ;
#5787 =( NAMED_UNIT ( * ) SI_UNIT ( $, .STERADIAN. ) SOLID_ANGLE_UNIT ( ) );
#5788 = DIRECTION ( 'NONE',  ( 0.000000000000000000, 0.000000000000000000, 1.000000000000000000 ) ) ;
#5789 =( LENGTH_UNIT ( ) NAMED_UNIT ( * ) SI_UNIT ( .MILLI., .METRE. ) );
#5790 = CARTESIAN_POINT ( 'NONE',  ( -3.250000000000000444, -2.799999999999999822, 1.000000000000000000 ) ) ;
#5791 = CARTESIAN_POINT ( 'NONE',  ( -4.049999999999999822, -2.799999999999999822, 2.250000000000000444 ) ) ;
#5792 = EDGE_CURVE ( 'NONE', #4961, #8625, #995, .T. ) ;
#5793 = ORIENTED_EDGE ( 'NONE', *, *, #7074, .T. ) ;
#5794 = SURFACE_SIDE_STYLE ('',( #65 ) ) ;
#5795 = VERTEX_POINT ( 'NONE', #3062 ) ;
#5796 = FILL_AREA_STYLE ('',( #5936 ) ) ;
#5797 = SURFACE_SIDE_STYLE ('',( #4435 ) ) ;
#5798 = STYLED_ITEM ( 'NONE', ( #6486 ), #8709 ) ;
#5799 = ORIENTED_EDGE ( 'NONE', *, *, #5976, .F. ) ;
#5800 = ORIENTED_EDGE ( 'NONE', *, *, #5490, .F. ) ;
#5801 = DIRECTION ( 'NONE',  ( -0.7071067811865474617, 0.000000000000000000, 0.7071067811865474617 ) ) ;
#5802 = VECTOR ( 'NONE', #4719, 1000.000000000000000 ) ;
#5803 = CARTESIAN_POINT ( 'NONE',  ( 5.800000000029100100, -2.299999999979629894, 0.000000000000000000 ) ) ;
#5804 = AXIS2_PLACEMENT_3D ( 'NONE', #1462, #4983, #2131 ) ;
#5805 = ORIENTED_EDGE ( 'NONE', *, *, #2410, .T. ) ;
#5806 =( GEOMETRIC_REPRESENTATION_CONTEXT ( 3 ) GLOBAL_UNCERTAINTY_ASSIGNED_CONTEXT ( ( #8857 ) ) GLOBAL_UNIT_ASSIGNED_CONTEXT ( ( #7298, #6028, #4615 ) ) REPRESENTATION_CONTEXT ( 'NONE', 'WORKASPACE' ) );
#5807 = FILL_AREA_STYLE_COLOUR ( '', #4111 ) ;
#5808 = ORIENTED_EDGE ( 'NONE', *, *, #3277, .T. ) ;
#5809 = AXIS2_PLACEMENT_3D ( 'NONE', #2778, #6305, #5024 ) ;
#5810 = ORIENTED_EDGE ( 'NONE', *, *, #1152, .F. ) ;
#5811 =( LENGTH_UNIT ( ) NAMED_UNIT ( * ) SI_UNIT ( .MILLI., .METRE. ) );
#5812 = COLOUR_RGB ( '',0.7450980392156862919, 0.7372549019607843590, 0.7294117647058823151 ) ;
#5813 = DIRECTION ( 'NONE',  ( 0.000000000000000000, 0.000000000000000000, -1.000000000000000000 ) ) ;
#5814 = COLOUR_RGB ( '',0.7921568627450980005, 0.8196078431372548767, 0.9333333333333333481 ) ;
#5815 = CARTESIAN_POINT ( 'NONE',  ( -6.051539568576596473, 2.241959649074080740, 5.353018577200450601 ) ) ;
#5816 = DIRECTION ( 'NONE',  ( -0.7071067811865474617, 0.000000000000000000, 0.7071067811865474617 ) ) ;
#5817 =( NAMED_UNIT ( * ) PLANE_ANGLE_UNIT ( ) SI_UNIT ( $, .RADIAN. ) );
#5818 = PRODUCT_DEFINITION_SHAPE ( 'NONE', 'NONE',  #5197 ) ;
#5819 = STYLED_ITEM ( 'NONE', ( #5699 ), #1385 ) ;
#5820 = CARTESIAN_POINT ( 'NONE',  ( 3.117763191479100193, -2.299999999979629894, 4.917763191452910299 ) ) ;
#5821 = ORIENTED_EDGE ( 'NONE', *, *, #2687, .T. ) ;
#5822 = PRESENTATION_LAYER_ASSIGNMENT (  '', '', ( #4473 ) ) ;
#5823 = AXIS2_PLACEMENT_3D ( 'NONE', #7180, #789, #4446 ) ;
#5824 = MECHANICAL_DESIGN_GEOMETRIC_PRESENTATION_REPRESENTATION (  '', ( #2525 ), #4022 ) ;
#5825 = VECTOR ( 'NONE', #5141, 1000.000000000000000 ) ;
#5826 = DIRECTION ( 'NONE',  ( 0.000000000000000000, -0.000000000000000000, -1.000000000000000000 ) ) ;
#5827 = DIRECTION ( 'NONE',  ( 0.000000000000000000, 0.000000000000000000, 1.000000000000000000 ) ) ;
#5828 = ADVANCED_FACE ( 'NONE', ( #2265 ), #8010, .T. ) ;
#5829 = CARTESIAN_POINT ( 'NONE',  ( -3.000000000014550139, -2.199999999979629806, 1.100000000000000089 ) ) ;
#5830 = VECTOR ( 'NONE', #8124, 1000.000000000000000 ) ;
#5831 = ORIENTED_EDGE ( 'NONE', *, *, #6133, .T. ) ;
#5832 = CARTESIAN_POINT ( 'NONE',  ( 3.049999999999999822, -0.2000000000000000111, -3.000000000000000000 ) ) ;
#5833 =( GEOMETRIC_REPRESENTATION_CONTEXT ( 3 ) GLOBAL_UNCERTAINTY_ASSIGNED_CONTEXT ( ( #6857 ) ) GLOBAL_UNIT_ASSIGNED_CONTEXT ( ( #86, #5059, #7940 ) ) REPRESENTATION_CONTEXT ( 'NONE', 'WORKASPACE' ) );
#5834 = VECTOR ( 'NONE', #7294, 1000.000000000000000 ) ;
#5835 = EDGE_CURVE ( 'NONE', #1792, #7610, #1552, .T. ) ;
#5836 = AXIS2_PLACEMENT_3D ( 'NONE', #4333, #2145, #4999 ) ;
#5837 = LINE ( 'NONE', #1602, #2510 ) ;
#5838 = CARTESIAN_POINT ( 'NONE',  ( -5.934165146415342207, -2.257735026898588959, 5.481304907451684194 ) ) ;
#5839 = DIRECTION ( 'NONE',  ( -1.000000000000000000, 0.000000000000000000, 0.000000000000000000 ) ) ;
#5840 = VECTOR ( 'NONE', #1768, 1000.000000000000000 ) ;
#5841 = PLANE ( 'NONE',  #7654 ) ;
#5842 = PRESENTATION_STYLE_ASSIGNMENT (( #2310 ) ) ;
#5843 = CYLINDRICAL_SURFACE ( 'NONE', #8836, 0.6000000000000000888 ) ;
#5844 = ORIENTED_EDGE ( 'NONE', *, *, #1654, .T. ) ;
#5845 = FILL_AREA_STYLE_COLOUR ( '', #8803 ) ;
#5846 = PRESENTATION_LAYER_ASSIGNMENT (  '', '', ( #9160 ) ) ;
#5847 = DIRECTION ( 'NONE',  ( -1.000000000000000000, 0.000000000000000000, 0.000000000000000000 ) ) ;
#5848 = ORIENTED_EDGE ( 'NONE', *, *, #6428, .T. ) ;
#5849 = VERTEX_POINT ( 'NONE', #3721 ) ;
#5850 = AXIS2_PLACEMENT_3D ( 'NONE', #5307, #7628, #8971 ) ;
#5851 =( NAMED_UNIT ( * ) SI_UNIT ( $, .STERADIAN. ) SOLID_ANGLE_UNIT ( ) );
#5852 =( NAMED_UNIT ( * ) PLANE_ANGLE_UNIT ( ) SI_UNIT ( $, .RADIAN. ) );
#5853 = CIRCLE ( 'NONE', #3314, 0.09999999999999978351 ) ;
#5854 = DIRECTION ( 'NONE',  ( -0.000000000000000000, 0.000000000000000000, -1.000000000000000000 ) ) ;
#5855 = CARTESIAN_POINT ( 'NONE',  ( -6.500000000000000888, 2.200000000000000178, 5.400000000000000355 ) ) ;
#5856 = SURFACE_STYLE_FILL_AREA ( #4445 ) ;
#5857 = LINE ( 'NONE', #2246, #3680 ) ;
#5858 = ORIENTED_EDGE ( 'NONE', *, *, #2002, .T. ) ;
#5859 = ORIENTED_EDGE ( 'NONE', *, *, #4920, .T. ) ;
#5860 = DIRECTION ( 'NONE',  ( 0.000000000000000000, 1.000000000000000000, 0.000000000000000000 ) ) ;
#5861 = PRESENTATION_LAYER_ASSIGNMENT (  '', '', ( #8133 ) ) ;
#5862 = SURFACE_STYLE_FILL_AREA ( #4401 ) ;
#5863 = UNCERTAINTY_MEASURE_WITH_UNIT (LENGTH_MEASURE( 1.000000000000000082E-05 ), #89, 'distance_accuracy_value', 'NONE');
#5864 = FILL_AREA_STYLE ('',( #139 ) ) ;
#5865 = SURFACE_STYLE_FILL_AREA ( #1455 ) ;
#5866 = CARTESIAN_POINT ( 'NONE',  ( 3.250000000000000444, -2.199999999979629806, 1.100000000000000089 ) ) ;
#5867 = DIRECTION ( 'NONE',  ( 0.9369532139013034833, 0.000000000000000000, 0.3494548253494552115 ) ) ;
#5868 = AXIS2_PLACEMENT_3D ( 'NONE', #8555, #629, #5727 ) ;
#5869 = LINE ( 'NONE', #8743, #8008 ) ;
#5870 = ORIENTED_EDGE ( 'NONE', *, *, #3770, .F. ) ;
#5871 = LINE ( 'NONE', #1645, #8894 ) ;
#5872 = LINE ( 'NONE', #996, #547 ) ;
#5873 = VECTOR ( 'NONE', #1025, 1000.000000000000000 ) ;
#5874 =( LENGTH_UNIT ( ) NAMED_UNIT ( * ) SI_UNIT ( .MILLI., .METRE. ) );
#5875 = LINE ( 'NONE', #108, #7505 ) ;
#5876 = LINE ( 'NONE', #300, #2466 ) ;
#5877 = DIRECTION ( 'NONE',  ( 0.000000000000000000, 1.000000000000000000, -0.000000000000000000 ) ) ;
#5878 = SURFACE_SIDE_STYLE ('',( #6604 ) ) ;
#5879 = VECTOR ( 'NONE', #9174, 1000.000000000000000 ) ;
#5880 = CARTESIAN_POINT ( 'NONE',  ( 4.049999999999999822, 1.300690094324699730, 0.5000000000000000000 ) ) ;
#5881 = ORIENTED_EDGE ( 'NONE', *, *, #8270, .F. ) ;
#5882 = SURFACE_STYLE_USAGE ( .BOTH. , #169 ) ;
#5883 = EDGE_CURVE ( 'NONE', #836, #8193, #5871, .T. ) ;
#5884 = VERTEX_POINT ( 'NONE', #293 ) ;
#5885 = DIRECTION ( 'NONE',  ( 0.000000000000000000, 0.000000000000000000, -1.000000000000000000 ) ) ;
#5886 = EDGE_CURVE ( 'NONE', #523, #6137, #5921, .T. ) ;
#5887 = ORIENTED_EDGE ( 'NONE', *, *, #6172, .T. ) ;
#5888 = FILL_AREA_STYLE ('',( #8070 ) ) ;
#5889 = CARTESIAN_POINT ( 'NONE',  ( 5.924094889577423473, 2.366934131628236404, 5.308158727481959716 ) ) ;
#5890 = FACE_OUTER_BOUND ( 'NONE', #9233, .T. ) ;
#5891 = MECHANICAL_DESIGN_GEOMETRIC_PRESENTATION_REPRESENTATION (  '', ( #6811 ), #6206 ) ;
#5892 =( LENGTH_UNIT ( ) NAMED_UNIT ( * ) SI_UNIT ( .MILLI., .METRE. ) );
#5893 = EDGE_CURVE ( 'NONE', #3597, #6609, #3809, .T. ) ;
#5894 = EDGE_CURVE ( 'NONE', #8777, #4352, #5167, .T. ) ;
#5895 = CARTESIAN_POINT ( 'NONE',  ( -6.500000000000000888, -2.799999999999999822, 0.000000000000000000 ) ) ;
#5896 =( NAMED_UNIT ( * ) SI_UNIT ( $, .STERADIAN. ) SOLID_ANGLE_UNIT ( ) );
#5897 = ORIENTED_EDGE ( 'NONE', *, *, #985, .T. ) ;
#5898 = ORIENTED_EDGE ( 'NONE', *, *, #1684, .T. ) ;
#5899 = AXIS2_PLACEMENT_3D ( 'NONE', #51, #5074, #153 ) ;
#5900 = PRESENTATION_LAYER_ASSIGNMENT (  '', '', ( #6210 ) ) ;
#5901 = CARTESIAN_POINT ( 'NONE',  ( -6.500000000000000888, 1.000000000000000000, -3.000000000000000000 ) ) ;
#5902 = CARTESIAN_POINT ( 'NONE',  ( -5.948839264976566454, 2.293309800874096194, 5.404368729000466054 ) ) ;
#5903 = SURFACE_SIDE_STYLE ('',( #372 ) ) ;
#5904 = CARTESIAN_POINT ( 'NONE',  ( 3.117763191479100193, -2.099999999979630161, 3.008881595726450087 ) ) ;
#5905 = EDGE_CURVE ( 'NONE', #473, #7071, #6161, .T. ) ;
#5906 = PRESENTATION_LAYER_ASSIGNMENT (  '', '', ( #7416 ) ) ;
#5907 = EDGE_CURVE ( 'NONE', #7611, #4439, #8275, .T. ) ;
#5908 = PRESENTATION_LAYER_ASSIGNMENT (  '', '', ( #8905 ) ) ;
#5909 = CARTESIAN_POINT ( 'NONE',  ( 4.049999999999999822, -2.200000000000000178, 1.100000000000000089 ) ) ;
#5910 = ORIENTED_EDGE ( 'NONE', *, *, #5770, .T. ) ;
#5911 = SURFACE_STYLE_USAGE ( .BOTH. , #1029 ) ;
#5912 =( GEOMETRIC_REPRESENTATION_CONTEXT ( 3 ) GLOBAL_UNCERTAINTY_ASSIGNED_CONTEXT ( ( #1077 ) ) GLOBAL_UNIT_ASSIGNED_CONTEXT ( ( #4419, #6553, #4698 ) ) REPRESENTATION_CONTEXT ( 'NONE', 'WORKASPACE' ) );
#5913 = CARTESIAN_POINT ( 'NONE',  ( -2.950000000000000178, -2.799999999999999822, 2.250000000000000444 ) ) ;
#5914 = DIRECTION ( 'NONE',  ( -0.000000000000000000, 0.000000000000000000, -1.000000000000000000 ) ) ;
#5915 = CARTESIAN_POINT ( 'NONE',  ( -5.900000000029099745, -2.299999999979629894, 2.250000000000000444 ) ) ;
#5916 = EDGE_CURVE ( 'NONE', #1841, #4724, #9059, .T. ) ;
#5917 = ORIENTED_EDGE ( 'NONE', *, *, #4120, .F. ) ;
#5918 =( GEOMETRIC_REPRESENTATION_CONTEXT ( 3 ) GLOBAL_UNCERTAINTY_ASSIGNED_CONTEXT ( ( #2392 ) ) GLOBAL_UNIT_ASSIGNED_CONTEXT ( ( #3142, #1717, #3180 ) ) REPRESENTATION_CONTEXT ( 'NONE', 'WORKASPACE' ) );
#5919 = FILL_AREA_STYLE ('',( #4468 ) ) ;
#5920 = CARTESIAN_POINT ( 'NONE',  ( -6.000000000029100278, -2.299999999979629894, 3.440418332022769921 ) ) ;
#5921 = LINE ( 'NONE', #8747, #3519 ) ;
#5922 = VECTOR ( 'NONE', #6648, 1000.000000000000000 ) ;
#5923 = SURFACE_STYLE_FILL_AREA ( #5302 ) ;
#5924 = AXIS2_PLACEMENT_3D ( 'NONE', #4559, #906, #3769 ) ;
#5925 = AXIS2_PLACEMENT_3D ( 'NONE', #3026, #1047, #913 ) ;
#5926 = CARTESIAN_POINT ( 'NONE',  ( -5.941959649123550236, -2.351539568527130530, 5.353018577200449712 ) ) ;
#5927 =( LENGTH_UNIT ( ) NAMED_UNIT ( * ) SI_UNIT ( .MILLI., .METRE. ) );
#5928 = AXIS2_PLACEMENT_3D ( 'NONE', #5829, #8143, #5075 ) ;
#5929 = CARTESIAN_POINT ( 'NONE',  ( 3.649999999999999911, 2.050345047162350109, 0.5000000000000000000 ) ) ;
#5930 = FILL_AREA_STYLE ('',( #3816 ) ) ;
#5931 = DIRECTION ( 'NONE',  ( 0.000000000000000000, 0.000000000000000000, 1.000000000000000000 ) ) ;
#5932 = SURFACE_SIDE_STYLE ('',( #8751 ) ) ;
#5933 = ORIENTED_EDGE ( 'NONE', *, *, #8094, .F. ) ;
#5934 =( LENGTH_UNIT ( ) NAMED_UNIT ( * ) SI_UNIT ( .MILLI., .METRE. ) );
#5935 = ORIENTED_EDGE ( 'NONE', *, *, #3035, .T. ) ;
#5936 = FILL_AREA_STYLE_COLOUR ( '', #3872 ) ;
#5937 = LINE ( 'NONE', #311, #4394 ) ;
#5938 =( GEOMETRIC_REPRESENTATION_CONTEXT ( 3 ) GLOBAL_UNCERTAINTY_ASSIGNED_CONTEXT ( ( #2039 ) ) GLOBAL_UNIT_ASSIGNED_CONTEXT ( ( #2434, #8909, #7806 ) ) REPRESENTATION_CONTEXT ( 'NONE', 'WORKASPACE' ) );
#5939 = ORIENTED_EDGE ( 'NONE', *, *, #5476, .F. ) ;
#5940 = DIRECTION ( 'NONE',  ( -0.000000000000000000, 1.000000000000000000, 0.000000000000000000 ) ) ;
#5941 = CARTESIAN_POINT ( 'NONE',  ( 0.2500000000000000000, 0.2000000000000000389, -2.799999999999999378 ) ) ;
#5942 = VECTOR ( 'NONE', #227, 1000.000000000000000 ) ;
#5943 = EDGE_CURVE ( 'NONE', #2195, #3447, #3942, .T. ) ;
#5944 = STYLED_ITEM ( 'NONE', ( #6335 ), #8623 ) ;
#5945 = CARTESIAN_POINT ( 'NONE',  ( 5.993309800923567465, -2.248839264927096959, 1.095631270999533058 ) ) ;
#5946 = FILL_AREA_STYLE ('',( #2419 ) ) ;
#5947 = CARTESIAN_POINT ( 'NONE',  ( 6.000000000029100278, -2.199999999979629806, 5.400000000000000355 ) ) ;
#5948 = ORIENTED_EDGE ( 'NONE', *, *, #9047, .T. ) ;
#5949 = ORIENTED_EDGE ( 'NONE', *, *, #5070, .T. ) ;
#5950 = CARTESIAN_POINT ( 'NONE',  ( 5.957735026948062895, -2.257735026898588959, 5.457735026918967947 ) ) ;
#5951 =( GEOMETRIC_REPRESENTATION_CONTEXT ( 3 ) GLOBAL_UNCERTAINTY_ASSIGNED_CONTEXT ( ( #6360 ) ) GLOBAL_UNIT_ASSIGNED_CONTEXT ( ( #7429, #156, #8579 ) ) REPRESENTATION_CONTEXT ( 'NONE', 'WORKASPACE' ) );
#5952 = EDGE_CURVE ( 'NONE', #9170, #1896, #5500, .T. ) ;
#5953 = UNCERTAINTY_MEASURE_WITH_UNIT (LENGTH_MEASURE( 1.000000000000000082E-05 ), #4694, 'distance_accuracy_value', 'NONE');
#5954 = SURFACE_SIDE_STYLE ('',( #6549 ) ) ;
#5955 = FILL_AREA_STYLE_COLOUR ( '', #7626 ) ;
#5956 =( NAMED_UNIT ( * ) PLANE_ANGLE_UNIT ( ) SI_UNIT ( $, .RADIAN. ) );
#5957 =( GEOMETRIC_REPRESENTATION_CONTEXT ( 3 ) GLOBAL_UNCERTAINTY_ASSIGNED_CONTEXT ( ( #8998 ) ) GLOBAL_UNIT_ASSIGNED_CONTEXT ( ( #2473, #8949, #2520 ) ) REPRESENTATION_CONTEXT ( 'NONE', 'WORKASPACE' ) );
#5958 =( LENGTH_UNIT ( ) NAMED_UNIT ( * ) SI_UNIT ( .MILLI., .METRE. ) );
#5959 = DIRECTION ( 'NONE',  ( 1.000000000000000000, 0.000000000000000000, -0.000000000000000000 ) ) ;
#5960 = STYLED_ITEM ( 'NONE', ( #2848 ), #5554 ) ;
#5961 = EDGE_CURVE ( 'NONE', #5233, #937, #9016, .T. ) ;
#5962 = AXIS2_PLACEMENT_3D ( 'NONE', #8775, #4362, #802 ) ;
#5963 = UNCERTAINTY_MEASURE_WITH_UNIT (LENGTH_MEASURE( 1.000000000000000082E-05 ), #9023, 'distance_accuracy_value', 'NONE');
#5964 = LINE ( 'NONE', #1673, #8112 ) ;
#5965 = CARTESIAN_POINT ( 'NONE',  ( -5.900000000029099745, 2.199999999979629806, 5.400000000000000355 ) ) ;
#5966 = FACE_OUTER_BOUND ( 'NONE', #6495, .T. ) ;
#5967 = AXIS2_PLACEMENT_3D ( 'NONE', #2933, #2187, #909 ) ;
#5968 = SURFACE_STYLE_USAGE ( .BOTH. , #239 ) ;
#5969 = PRESENTATION_STYLE_ASSIGNMENT (( #5257 ) ) ;
#5970 = EDGE_LOOP ( 'NONE', ( #6451, #4669, #8783, #8722, #3890, #6040, #3689, #479, #9266, #2838, #3848, #5503, #4095 ) ) ;
#5971 = SURFACE_STYLE_FILL_AREA ( #2301 ) ;
#5972 = CARTESIAN_POINT ( 'NONE',  ( -3.117763191482009866, -2.299999999979629894, 2.250000000000000444 ) ) ;
#5973 = SURFACE_STYLE_FILL_AREA ( #3107 ) ;
#5974 = PRESENTATION_STYLE_ASSIGNMENT (( #6597 ) ) ;
#5975 = MECHANICAL_DESIGN_GEOMETRIC_PRESENTATION_REPRESENTATION (  '', ( #7323 ), #4779 ) ;
#5976 = EDGE_CURVE ( 'NONE', #8132, #5617, #1975, .T. ) ;
#5977 = COLOUR_RGB ( '',0.7294117647058823151, 0.5176470588235293491, 0.3058823529411764941 ) ;
#5978 = DIRECTION ( 'NONE',  ( 1.000000000000000000, 0.000000000000000000, 0.000000000000000000 ) ) ;
#5979 = FILL_AREA_STYLE_COLOUR ( '', #680 ) ;
#5980 = DIRECTION ( 'NONE',  ( 1.000000000000000000, 0.000000000000000000, 0.000000000000000000 ) ) ;
#5981 = CARTESIAN_POINT ( 'NONE',  ( -3.250000000000000444, -2.799999999999999822, 0.5000000000000000000 ) ) ;
#5982 =( NAMED_UNIT ( * ) SI_UNIT ( $, .STERADIAN. ) SOLID_ANGLE_UNIT ( ) );
#5983 = DIRECTION ( 'NONE',  ( -1.000000000000000000, 0.000000000000000000, 0.000000000000000000 ) ) ;
#5984 = ORIENTED_EDGE ( 'NONE', *, *, #55, .F. ) ;
#5985 = MECHANICAL_DESIGN_GEOMETRIC_PRESENTATION_REPRESENTATION (  '', ( #5080 ), #1928 ) ;
#5986 =( LENGTH_UNIT ( ) NAMED_UNIT ( * ) SI_UNIT ( .MILLI., .METRE. ) );
#5987 = CARTESIAN_POINT ( 'NONE',  ( -1.550000000000000933, -8.300000000000000711, 2.250000000000000444 ) ) ;
#5988 = AXIS2_PLACEMENT_3D ( 'NONE', #3577, #6443, #8593 ) ;
#5989 = ORIENTED_EDGE ( 'NONE', *, *, #1076, .F. ) ;
#5990 = MECHANICAL_DESIGN_GEOMETRIC_PRESENTATION_REPRESENTATION (  '', ( #2096 ), #1631 ) ;
#5991 = VECTOR ( 'NONE', #8619, 1000.000000000000000 ) ;
#5992 = CARTESIAN_POINT ( 'NONE',  ( 5.904368729029565444, -2.248839264927095627, 1.006690199105530814 ) ) ;
#5993 = CARTESIAN_POINT ( 'NONE',  ( -1.900000000000000799, -8.800000000000000711, 2.250000000000000444 ) ) ;
#5994 = ORIENTED_EDGE ( 'NONE', *, *, #6029, .F. ) ;
#5995 = PRESENTATION_STYLE_ASSIGNMENT (( #7502 ) ) ;
#5996 = VECTOR ( 'NONE', #8154, 1000.000000000000000 ) ;
#5997 =( LENGTH_UNIT ( ) NAMED_UNIT ( * ) SI_UNIT ( .MILLI., .METRE. ) );
#5998 = AXIS2_PLACEMENT_3D ( 'NONE', #6984, #3359, #2710 ) ;
#5999 = VERTEX_POINT ( 'NONE', #8416 ) ;
#6000 = ORIENTED_EDGE ( 'NONE', *, *, #5186, .T. ) ;
#6001 =( GEOMETRIC_REPRESENTATION_CONTEXT ( 3 ) GLOBAL_UNCERTAINTY_ASSIGNED_CONTEXT ( ( #1628 ) ) GLOBAL_UNIT_ASSIGNED_CONTEXT ( ( #8457, #8412, #7056 ) ) REPRESENTATION_CONTEXT ( 'NONE', 'WORKASPACE' ) );
#6002 =( LENGTH_UNIT ( ) NAMED_UNIT ( * ) SI_UNIT ( .MILLI., .METRE. ) );
#6003 = COLOUR_RGB ( '',0.7450980392156862919, 0.7372549019607843590, 0.7294117647058823151 ) ;
#6004 = SURFACE_STYLE_FILL_AREA ( #6632 ) ;
#6005 = LINE ( 'NONE', #3973, #7539 ) ;
#6006 = EDGE_CURVE ( 'NONE', #5233, #1215, #6252, .T. ) ;
#6007 = SURFACE_STYLE_USAGE ( .BOTH. , #2780 ) ;
#6008 = CIRCLE ( 'NONE', #1958, 0.1000000000000000333 ) ;
#6009 = ORIENTED_EDGE ( 'NONE', *, *, #3711, .T. ) ;
#6010 = EDGE_CURVE ( 'NONE', #5379, #4982, #1127, .T. ) ;
#6011 = DIRECTION ( 'NONE',  ( -0.000000000000000000, -0.000000000000000000, -1.000000000000000000 ) ) ;
#6012 = MECHANICAL_DESIGN_GEOMETRIC_PRESENTATION_REPRESENTATION (  '', ( #3323 ), #5569 ) ;
#6013 = FACE_OUTER_BOUND ( 'NONE', #5970, .T. ) ;
#6014 = DIRECTION ( 'NONE',  ( -0.8589202801446089719, 0.000000000000000000, 0.5121093168028739706 ) ) ;
#6015 = ORIENTED_EDGE ( 'NONE', *, *, #8834, .T. ) ;
#6016 = CARTESIAN_POINT ( 'NONE',  ( -6.000000000029100278, 2.799999999999998934, 0.000000000000000000 ) ) ;
#6017 = CARTESIAN_POINT ( 'NONE',  ( -5.900000000029099745, 0.000000000000000000, 5.500000000000000000 ) ) ;
#6018 = EDGE_CURVE ( 'NONE', #6694, #973, #8965, .T. ) ;
#6019 = EDGE_CURVE ( 'NONE', #1802, #4907, #2587, .T. ) ;
#6020 = CARTESIAN_POINT ( 'NONE',  ( -6.000000000029100278, -2.299999999979629894, 0.000000000000000000 ) ) ;
#6021 =( GEOMETRIC_REPRESENTATION_CONTEXT ( 3 ) GLOBAL_UNCERTAINTY_ASSIGNED_CONTEXT ( ( #797 ) ) GLOBAL_UNIT_ASSIGNED_CONTEXT ( ( #1182, #8917, #4798 ) ) REPRESENTATION_CONTEXT ( 'NONE', 'WORKASPACE' ) );
#6022 = DIRECTION ( 'NONE',  ( 0.5773502691896242878, -0.5773502691896242878, -0.5773502691896287287 ) ) ;
#6023 = CARTESIAN_POINT ( 'NONE',  ( 5.900000000029099745, 2.299999999979629894, 2.250000000000000444 ) ) ;
#6024 = CARTESIAN_POINT ( 'NONE',  ( 2.949999999999999734, 2.799999999999999822, 1.000000000000000000 ) ) ;
#6025 = CARTESIAN_POINT ( 'NONE',  ( 5.991030663955239532, -2.233062582872592294, 1.124905498140214011 ) ) ;
#6026 = LINE ( 'NONE', #8280, #6460 ) ;
#6027 = ORIENTED_EDGE ( 'NONE', *, *, #1387, .T. ) ;
#6028 =( NAMED_UNIT ( * ) PLANE_ANGLE_UNIT ( ) SI_UNIT ( $, .RADIAN. ) );
#6029 = EDGE_CURVE ( 'NONE', #9025, #2688, #2268, .T. ) ;
#6030 = CARTESIAN_POINT ( 'NONE',  ( -6.000000000029100278, 0.000000000000000000, 2.250000000000000444 ) ) ;
#6031 = ORIENTED_EDGE ( 'NONE', *, *, #2332, .T. ) ;
#6032 = LINE ( 'NONE', #8194, #599 ) ;
#6034 = SURFACE_SIDE_STYLE ('',( #4002 ) ) ;
#6033 = VECTOR ( 'NONE', #8728, 1000.000000000000000 ) ;
#6035 = CARTESIAN_POINT ( 'NONE',  ( -3.250000000000000444, -2.799999999999999822, 0.000000000000000000 ) ) ;
#6036 = ORIENTED_EDGE ( 'NONE', *, *, #8482, .T. ) ;
#6037 = SURFACE_STYLE_FILL_AREA ( #4492 ) ;
#6038 = AXIS2_PLACEMENT_3D ( 'NONE', #2538, #6921, #1725 ) ;
#6039 = ORIENTED_EDGE ( 'NONE', *, *, #6906, .F. ) ;
#6040 = ORIENTED_EDGE ( 'NONE', *, *, #3669, .T. ) ;
#6041 = SURFACE_STYLE_USAGE ( .BOTH. , #1627 ) ;
#6042 = UNCERTAINTY_MEASURE_WITH_UNIT (LENGTH_MEASURE( 1.000000000000000082E-05 ), #4378, 'distance_accuracy_value', 'NONE');
#6043 = LINE ( 'NONE', #3972, #7498 ) ;
#6044 = FILL_AREA_STYLE_COLOUR ( '', #4271 ) ;
#6045 = FILL_AREA_STYLE_COLOUR ( '', #7103 ) ;
#6046 = SURFACE_SIDE_STYLE ('',( #3931 ) ) ;
#6047 = AXIS2_PLACEMENT_3D ( 'NONE', #3405, #9126, #6931 ) ;
#6048 = ORIENTED_EDGE ( 'NONE', *, *, #4690, .F. ) ;
#6049 = VECTOR ( 'NONE', #7385, 1000.000000000000000 ) ;
#6050 = PRODUCT_RELATED_PRODUCT_CATEGORY ( 'part', '', ( #4390 ) ) ;
#6051 = DIRECTION ( 'NONE',  ( 1.000000000000000000, 1.301042606982602008E-14, 0.000000000000000000 ) ) ;
#6052 = AXIS2_PLACEMENT_3D ( 'NONE', #8544, #2117, #5011 ) ;
#6053 = FILL_AREA_STYLE_COLOUR ( '', #2305 ) ;
#6054 = LINE ( 'NONE', #8220, #3636 ) ;
#6055 = VERTEX_POINT ( 'NONE', #5449 ) ;
#6056 = ADVANCED_FACE ( 'NONE', ( #6104 ), #8223, .F. ) ;
#6057 =( LENGTH_UNIT ( ) NAMED_UNIT ( * ) SI_UNIT ( .MILLI., .METRE. ) );
#6058 = DIRECTION ( 'NONE',  ( 0.000000000000000000, -0.000000000000000000, -1.000000000000000000 ) ) ;
#6059 = EDGE_CURVE ( 'NONE', #4876, #7106, #4662, .T. ) ;
#6060 = CARTESIAN_POINT ( 'NONE',  ( 3.250000000000000444, 0.2000000000000000111, 2.000000000000000000 ) ) ;
#6061 =( NAMED_UNIT ( * ) SI_UNIT ( $, .STERADIAN. ) SOLID_ANGLE_UNIT ( ) );
#6062 = DIRECTION ( 'NONE',  ( 0.000000000000000000, 1.000000000000000000, 0.000000000000000000 ) ) ;
#6063 = EDGE_CURVE ( 'NONE', #5659, #7987, #4174, .T. ) ;
#6064 = FILL_AREA_STYLE_COLOUR ( '', #8254 ) ;
#6065 = SURFACE_SIDE_STYLE ('',( #1688 ) ) ;
#6066 = LINE ( 'NONE', #5506, #7366 ) ;
#6067 = CARTESIAN_POINT ( 'NONE',  ( -3.250000000000000444, -2.799999999999999822, 1.000000000000000000 ) ) ;
#6068 = CARTESIAN_POINT ( 'NONE',  ( -6.500000000000001776, 1.000000000000000000, -3.000000000000000444 ) ) ;
#6069 = DIRECTION ( 'NONE',  ( 0.000000000000000000, 0.000000000000000000, 1.000000000000000000 ) ) ;
#6070 = SURFACE_STYLE_USAGE ( .BOTH. , #1055 ) ;
#6071 = VECTOR ( 'NONE', #9250, 1000.000000000000000 ) ;
#6072 = ORIENTED_EDGE ( 'NONE', *, *, #3315, .T. ) ;
#6073 = AXIS2_PLACEMENT_3D ( 'NONE', #941, #3713, #849 ) ;
#6074 = UNCERTAINTY_MEASURE_WITH_UNIT (LENGTH_MEASURE( 1.000000000000000082E-05 ), #7645, 'distance_accuracy_value', 'NONE');
#6075 = DIRECTION ( 'NONE',  ( -0.000000000000000000, -0.000000000000000000, -1.000000000000000000 ) ) ;
#6076 = EDGE_LOOP ( 'NONE', ( #1005, #3572, #1039, #3838 ) ) ;
#6077 = STYLED_ITEM ( 'NONE', ( #1436 ), #7704 ) ;
#6078 = DIRECTION ( 'NONE',  ( -3.175210755296170372E-16, 2.222647528707319063E-16, -1.000000000000000000 ) ) ;
#6079 = VECTOR ( 'NONE', #3901, 1000.000000000000000 ) ;
#6080 = FILL_AREA_STYLE ('',( #1891 ) ) ;
#6081 = DIRECTION ( 'NONE',  ( -0.000000000000000000, 1.000000000000000000, 0.000000000000000000 ) ) ;
#6082 = EDGE_CURVE ( 'NONE', #3407, #1533, #3701, .T. ) ;
#6083 = CARTESIAN_POINT ( 'NONE',  ( 6.500000000000000888, 1.000000000000000000, -3.000000000000000000 ) ) ;
#6084 = SURFACE_STYLE_USAGE ( .BOTH. , #8941 ) ;
#6085 = ORIENTED_EDGE ( 'NONE', *, *, #161, .T. ) ;
#6086 = VECTOR ( 'NONE', #7861, 1000.000000000000114 ) ;
#6087 = EDGE_LOOP ( 'NONE', ( #6411, #656, #6015, #7143 ) ) ;
#6088 = ORIENTED_EDGE ( 'NONE', *, *, #323, .F. ) ;
#6089 = FACE_OUTER_BOUND ( 'NONE', #3175, .T. ) ;
#6090 = AXIS2_PLACEMENT_3D ( 'NONE', #5901, #8771, #4500 ) ;
#6091 = ADVANCED_FACE ( 'NONE', ( #8506 ), #2028, .T. ) ;
#6092 = UNCERTAINTY_MEASURE_WITH_UNIT (LENGTH_MEASURE( 1.000000000000000082E-05 ), #3103, 'distance_accuracy_value', 'NONE');
#6093 = VECTOR ( 'NONE', #3172, 1000.000000000000000 ) ;
#6094 = SURFACE_SIDE_STYLE ('',( #2426 ) ) ;
#6095 = DIRECTION ( 'NONE',  ( -0.000000000000000000, 1.000000000000000000, 0.000000000000000000 ) ) ;
#6096 = FACE_OUTER_BOUND ( 'NONE', #4222, .T. ) ;
#6097 = CARTESIAN_POINT ( 'NONE',  ( 0.04999999999999994033, 0.2000000000000000389, -3.000000000000000000 ) ) ;
#6098 = EDGE_LOOP ( 'NONE', ( #2356, #2216, #7587, #4871, #6612 ) ) ;
#6099 = PLANE ( 'NONE',  #5462 ) ;
#6100 = MECHANICAL_DESIGN_GEOMETRIC_PRESENTATION_REPRESENTATION (  '', ( #4452 ), #8357 ) ;
#6101 = CARTESIAN_POINT ( 'NONE',  ( -6.000000000029100278, 2.299999999979629894, 0.000000000000000000 ) ) ;
#6102 =( NAMED_UNIT ( * ) PLANE_ANGLE_UNIT ( ) SI_UNIT ( $, .RADIAN. ) );
#6103 = VERTEX_POINT ( 'NONE', #7983 ) ;
#6104 = FACE_OUTER_BOUND ( 'NONE', #6530, .T. ) ;
#6105 = CARTESIAN_POINT ( 'NONE',  ( -1.824999999999999956, -2.199999999979629806, 1.000000000000000000 ) ) ;
#6106 = VECTOR ( 'NONE', #1620, 1000.000000000000000 ) ;
#6107 = STYLED_ITEM ( 'NONE', ( #3228 ), #1859 ) ;
#6108 = EDGE_CURVE ( 'NONE', #1451, #8543, #8153, .T. ) ;
#6109 = AXIS2_PLACEMENT_3D ( 'NONE', #4995, #7872, #2892 ) ;
#6110 = LINE ( 'NONE', #3904, #4949 ) ;
#6111 = FILL_AREA_STYLE_COLOUR ( '', #2267 ) ;
#6112 = PLANE ( 'NONE',  #3141 ) ;
#6113 = DIRECTION ( 'NONE',  ( -0.000000000000000000, -0.000000000000000000, -1.000000000000000000 ) ) ;
#6114 = SURFACE_STYLE_USAGE ( .BOTH. , #1137 ) ;
#6115 = PLANE ( 'NONE',  #4126 ) ;
#6116 = STYLED_ITEM ( 'NONE', ( #5037 ), #5723 ) ;
#6117 = ORIENTED_EDGE ( 'NONE', *, *, #3761, .F. ) ;
#6118 = AXIS2_PLACEMENT_3D ( 'NONE', #2956, #3040, #6577 ) ;
#6119 = CARTESIAN_POINT ( 'NONE',  ( -5.853018577229549990, 2.351539568527128310, 1.058040350905547378 ) ) ;
#6120 = CARTESIAN_POINT ( 'NONE',  ( 5.957735026948062007, 2.257735026898592068, 1.042264973081037160 ) ) ;
#6121 = EDGE_CURVE ( 'NONE', #5437, #7785, #788, .T. ) ;
#6122 = EDGE_LOOP ( 'NONE', ( #8976, #6564, #7868, #7747 ) ) ;
#6123 = LINE ( 'NONE', #4673, #8968 ) ;
#6124 = LINE ( 'NONE', #5464, #7816 ) ;
#6125 = VECTOR ( 'NONE', #6078, 1000.000000000000000 ) ;
#6126 = AXIS2_PLACEMENT_3D ( 'NONE', #8616, #817, #2095 ) ;
#6127 =( NAMED_UNIT ( * ) SI_UNIT ( $, .STERADIAN. ) SOLID_ANGLE_UNIT ( ) );
#6128 = CARTESIAN_POINT ( 'NONE',  ( -1.175000000014549961, 2.199999999979629806, 1.100000000000000089 ) ) ;
#6129 = MECHANICAL_DESIGN_GEOMETRIC_PRESENTATION_REPRESENTATION (  '', ( #7041 ), #7194 ) ;
#6130 = ORIENTED_EDGE ( 'NONE', *, *, #838, .F. ) ;
#6131 = CARTESIAN_POINT ( 'NONE',  ( 6.500000000000000888, -1.000000000000000000, -3.000000000000000000 ) ) ;
#6132 = PRODUCT_CONTEXT ( 'NONE', #87, 'mechanical' ) ;
#6133 = EDGE_CURVE ( 'NONE', #8681, #3645, #4888, .T. ) ;
#6134 = EDGE_CURVE ( 'NONE', #1140, #155, #7309, .T. ) ;
#6135 = VERTEX_POINT ( 'NONE', #5146 ) ;
#6136 = COLOUR_RGB ( '',0.2862745098039215508, 0.2862745098039215508, 0.2862745098039215508 ) ;
#6137 = VERTEX_POINT ( 'NONE', #6306 ) ;
#6138 = PRESENTATION_LAYER_ASSIGNMENT (  '', '', ( #889 ) ) ;
#6139 = UNCERTAINTY_MEASURE_WITH_UNIT (LENGTH_MEASURE( 1.000000000000000082E-05 ), #2757, 'distance_accuracy_value', 'NONE');
#6140 =( GEOMETRIC_REPRESENTATION_CONTEXT ( 3 ) GLOBAL_UNCERTAINTY_ASSIGNED_CONTEXT ( ( #5622 ) ) GLOBAL_UNIT_ASSIGNED_CONTEXT ( ( #120, #2484, #1030 ) ) REPRESENTATION_CONTEXT ( 'NONE', 'WORKASPACE' ) );
#6141 = FACE_OUTER_BOUND ( 'NONE', #2500, .T. ) ;
#6142 = AXIS2_PLACEMENT_3D ( 'NONE', #4764, #4715, #8290 ) ;
#6143 =( NAMED_UNIT ( * ) PLANE_ANGLE_UNIT ( ) SI_UNIT ( $, .RADIAN. ) );
#6144 = VERTEX_POINT ( 'NONE', #8678 ) ;
#6145 = MECHANICAL_DESIGN_GEOMETRIC_PRESENTATION_REPRESENTATION (  '', ( #149 ), #6001 ) ;
#6146 = EDGE_CURVE ( 'NONE', #3745, #4878, #8075, .T. ) ;
#6147 = ORIENTED_EDGE ( 'NONE', *, *, #9173, .T. ) ;
#6148 =( NAMED_UNIT ( * ) SI_UNIT ( $, .STERADIAN. ) SOLID_ANGLE_UNIT ( ) );
#6149 =( NAMED_UNIT ( * ) PLANE_ANGLE_UNIT ( ) SI_UNIT ( $, .RADIAN. ) );
#6150 = STYLED_ITEM ( 'NONE', ( #7888 ), #5288 ) ;
#6151 =( LENGTH_UNIT ( ) NAMED_UNIT ( * ) SI_UNIT ( .MILLI., .METRE. ) );
#6152 = FILL_AREA_STYLE ('',( #4555 ) ) ;
#6153 = CARTESIAN_POINT ( 'NONE',  ( -3.250000000000000444, 0.000000000000000000, 0.000000000000000000 ) ) ;
#6154 = FILL_AREA_STYLE ('',( #6053 ) ) ;
#6155 = SURFACE_STYLE_FILL_AREA ( #1816 ) ;
#6156 = CARTESIAN_POINT ( 'NONE',  ( 6.000000000029100278, -2.299999999989815080, 3.442489127153390616 ) ) ;
#6157 = ORIENTED_EDGE ( 'NONE', *, *, #4589, .T. ) ;
#6158 = PRESENTATION_LAYER_ASSIGNMENT (  '', '', ( #4660 ) ) ;
#6159 = SURFACE_STYLE_FILL_AREA ( #3191 ) ;
#6160 = LINE ( 'NONE', #1126, #8043 ) ;
#6161 = LINE ( 'NONE', #342, #2607 ) ;
#6162 = AXIS2_PLACEMENT_3D ( 'NONE', #9020, #3907, #8279 ) ;
#6163 = PRESENTATION_STYLE_ASSIGNMENT (( #4665 ) ) ;
#6164 = DIRECTION ( 'NONE',  ( 0.000000000000000000, 1.000000000000000000, -0.000000000000000000 ) ) ;
#6165 =( NAMED_UNIT ( * ) PLANE_ANGLE_UNIT ( ) SI_UNIT ( $, .RADIAN. ) );
#6166 = SURFACE_SIDE_STYLE ('',( #4610 ) ) ;
#6167 =( NAMED_UNIT ( * ) PLANE_ANGLE_UNIT ( ) SI_UNIT ( $, .RADIAN. ) );
#6168 = LINE ( 'NONE', #353, #8918 ) ;
#6169 = ORIENTED_EDGE ( 'NONE', *, *, #9291, .F. ) ;
#6170 = FILL_AREA_STYLE_COLOUR ( '', #8375 ) ;
#6171 = UNCERTAINTY_MEASURE_WITH_UNIT (LENGTH_MEASURE( 1.000000000000000082E-05 ), #8658, 'distance_accuracy_value', 'NONE');
#6172 = EDGE_CURVE ( 'NONE', #2075, #2409, #1622, .T. ) ;
#6173 = LINE ( 'NONE', #8191, #7784 ) ;
#6174 = CARTESIAN_POINT ( 'NONE',  ( 6.008521061221449244, 2.203302719417258082, 1.038618699873091522 ) ) ;
#6175 = VERTEX_POINT ( 'NONE', #3741 ) ;
#6176 = DIRECTION ( 'NONE',  ( 0.000000000000000000, 1.000000000000000000, 0.000000000000000000 ) ) ;
#6177 = STYLED_ITEM ( 'NONE', ( #2822 ), #8322 ) ;
#6178 = PRESENTATION_STYLE_ASSIGNMENT (( #1995 ) ) ;
#6179 = PRODUCT_DEFINITION ( 'UNKNOWN', '', #2080, #1666 ) ;
#6180 = FACE_OUTER_BOUND ( 'NONE', #4833, .T. ) ;
#6181 =( NAMED_UNIT ( * ) SI_UNIT ( $, .STERADIAN. ) SOLID_ANGLE_UNIT ( ) );
#6182 = ORIENTED_EDGE ( 'NONE', *, *, #1324, .T. ) ;
#6183 = EDGE_CURVE ( 'NONE', #1636, #2451, #3000, .T. ) ;
#6184 = CARTESIAN_POINT ( 'NONE',  ( 0.000000000000000000, 3.000000000000000000, 0.000000000000000000 ) ) ;
#6185 = EDGE_CURVE ( 'NONE', #1084, #7142, #8035, .T. ) ;
#6186 = ORIENTED_EDGE ( 'NONE', *, *, #1033, .T. ) ;
#6187 = ORIENTED_EDGE ( 'NONE', *, *, #1883, .T. ) ;
#6188 = CARTESIAN_POINT ( 'NONE',  ( -3.250000000000000444, -0.2000000000000000111, 2.000000000000000000 ) ) ;
#6189 = DIRECTION ( 'NONE',  ( 1.000000000000000000, -1.193253363971189941E-16, 0.000000000000000000 ) ) ;
#6190 = UNCERTAINTY_MEASURE_WITH_UNIT (LENGTH_MEASURE( 1.000000000000000082E-05 ), #1088, 'distance_accuracy_value', 'NONE');
#6191 = PRODUCT_DEFINITION_CONTEXT ( 'detailed design', #582, 'design' ) ;
#6192 = CARTESIAN_POINT ( 'NONE',  ( -1.550000000000000488, -8.300000000000000711, 2.250000000000000444 ) ) ;
#6193 = SURFACE_SIDE_STYLE ('',( #3332 ) ) ;
#6194 = ORIENTED_EDGE ( 'NONE', *, *, #2460, .F. ) ;
#6195 = PRESENTATION_STYLE_ASSIGNMENT (( #1168 ) ) ;
#6196 = ORIENTED_EDGE ( 'NONE', *, *, #6868, .F. ) ;
#6197 = CARTESIAN_POINT ( 'NONE',  ( 0.05000000000000000278, 0.000000000000000000, -3.000000000000000000 ) ) ;
#6198 = CARTESIAN_POINT ( 'NONE',  ( -5.900000000029099745, -2.200000000000000178, 5.500000000000000000 ) ) ;
#6199 = MECHANICAL_DESIGN_GEOMETRIC_PRESENTATION_REPRESENTATION (  '', ( #9042 ), #1683 ) ;
#6200 = EDGE_CURVE ( 'NONE', #6267, #4285, #3499, .T. ) ;
#6201 = CARTESIAN_POINT ( 'NONE',  ( -0.2500000000000000000, 0.2000000000000000111, 0.000000000000000000 ) ) ;
#6202 = CARTESIAN_POINT ( 'NONE',  ( 5.900000000029099745, -1.149999999989810062, 1.000000000000000000 ) ) ;
#6203 = ORIENTED_EDGE ( 'NONE', *, *, #55, .T. ) ;
#6204 = CARTESIAN_POINT ( 'NONE',  ( 3.250000000000000444, -0.2000000000000000389, -2.799999999999999378 ) ) ;
#6205 = CARTESIAN_POINT ( 'NONE',  ( -5.900000000029099745, 2.199999999979629806, 5.400000000000000355 ) ) ;
#6206 =( GEOMETRIC_REPRESENTATION_CONTEXT ( 3 ) GLOBAL_UNCERTAINTY_ASSIGNED_CONTEXT ( ( #3886 ) ) GLOBAL_UNIT_ASSIGNED_CONTEXT ( ( #3462, #1942, #6980 ) ) REPRESENTATION_CONTEXT ( 'NONE', 'WORKASPACE' ) );
#6207 =( NAMED_UNIT ( * ) SI_UNIT ( $, .STERADIAN. ) SOLID_ANGLE_UNIT ( ) );
#6208 = VERTEX_POINT ( 'NONE', #5588 ) ;
#6209 =( BOUNDED_SURFACE ( )  B_SPLINE_SURFACE ( 3, 3, ( 
 ( #7463, #373, #2524, #5385 ),
 ( #2478, #1806, #2428, #7415 ),
 ( #7607, #2574, #4729, #6814 ),
 ( #1164, #983, #329, #3844 ) ),
 .UNSPECIFIED., .F., .F., .F. ) 
 B_SPLINE_SURFACE_WITH_KNOTS ( ( 4, 4 ),
 ( 4, 4 ),
 ( 0.000000000000000000, 1.000000000000000000 ),
 ( 0.000000000000000000, 1.000000000000000000 ),
 .UNSPECIFIED. ) 
 GEOMETRIC_REPRESENTATION_ITEM ( )  RATIONAL_B_SPLINE_SURFACE ( (
 ( 1.000000000000000000, 0.3333333333333218240, 0.3333333333333218240, 1.000000000000000000),
 ( 0.9245018060306369190, 0.3081672686768683334, 0.3081672686768683334, 0.9245018060306369190),
 ( 0.9245018060306369190, 0.3081672686768683334, 0.3081672686768683334, 0.9245018060306369190),
 ( 1.000000000000000000, 0.3333333333333218240, 0.3333333333333218240, 1.000000000000000000) ) ) 
 REPRESENTATION_ITEM ( '' )  SURFACE ( )  );
#6210 = STYLED_ITEM ( 'NONE', ( #946 ), #5828 ) ;
#6211 =( LENGTH_UNIT ( ) NAMED_UNIT ( * ) SI_UNIT ( .MILLI., .METRE. ) );
#6212 = SURFACE_SIDE_STYLE ('',( #5507 ) ) ;
#6213 = DIRECTION ( 'NONE',  ( 0.000000000000000000, -1.000000000000000000, 0.000000000000000000 ) ) ;
#6214 = DIRECTION ( 'NONE',  ( 0.000000000000000000, -0.000000000000000000, -1.000000000000000000 ) ) ;
#6215 = DIRECTION ( 'NONE',  ( 0.000000000000000000, -1.000000000000000000, 0.000000000000000000 ) ) ;
#6216 = ORIENTED_EDGE ( 'NONE', *, *, #8032, .T. ) ;
#6217 = FACE_OUTER_BOUND ( 'NONE', #7036, .T. ) ;
#6218 = VECTOR ( 'NONE', #8961, 1000.000000000000000 ) ;
#6219 = CARTESIAN_POINT ( 'NONE',  ( 5.875094501888885823, 2.233062582872591406, 1.008969336073858969 ) ) ;
#6220 = ORIENTED_EDGE ( 'NONE', *, *, #8864, .T. ) ;
#6221 = STYLED_ITEM ( 'NONE', ( #1181 ), #950 ) ;
#6222 = PRESENTATION_LAYER_ASSIGNMENT (  '', '', ( #9071 ) ) ;
#6223 = SURFACE_STYLE_USAGE ( .BOTH. , #3360 ) ;
#6224 = CARTESIAN_POINT ( 'NONE',  ( 3.250000000000000444, 0.2000000000000000111, -3.000000000000000000 ) ) ;
#6225 = ORIENTED_EDGE ( 'NONE', *, *, #410, .T. ) ;
#6226 = DIRECTION ( 'NONE',  ( 1.000000000000000000, 0.000000000000000000, 0.000000000000000000 ) ) ;
#6227 = COLOUR_RGB ( '',0.7450980392156862919, 0.7372549019607843590, 0.7294117647058823151 ) ;
#6228 = EDGE_LOOP ( 'NONE', ( #6333, #559, #1267, #290, #8545 ) ) ;
#6229 =( GEOMETRIC_REPRESENTATION_CONTEXT ( 3 ) GLOBAL_UNCERTAINTY_ASSIGNED_CONTEXT ( ( #4755 ) ) GLOBAL_UNIT_ASSIGNED_CONTEXT ( ( #8603, #2078, #2917 ) ) REPRESENTATION_CONTEXT ( 'NONE', 'WORKASPACE' ) );
#6230 = VERTEX_POINT ( 'NONE', #6345 ) ;
#6231 = FACE_OUTER_BOUND ( 'NONE', #7613, .T. ) ;
#6232 = EDGE_CURVE ( 'NONE', #571, #3644, #4079, .T. ) ;
#6233 = AXIS2_PLACEMENT_3D ( 'NONE', #1466, #9182, #718 ) ;
#6234 = ORIENTED_EDGE ( 'NONE', *, *, #8493, .F. ) ;
#6235 = CARTESIAN_POINT ( 'NONE',  ( -5.957735026948062007, -2.257735026898593400, 1.042264973081036050 ) ) ;
#6236 = DIRECTION ( 'NONE',  ( 0.000000000000000000, -1.000000000000000000, -0.000000000000000000 ) ) ;
#6237 = DIRECTION ( 'NONE',  ( 0.000000000000000000, 0.000000000000000000, -1.000000000000000000 ) ) ;
#6238 = FILL_AREA_STYLE_COLOUR ( '', #5814 ) ;
#6239 = VERTEX_POINT ( 'NONE', #415 ) ;
#6240 = FILL_AREA_STYLE_COLOUR ( '', #5609 ) ;
#6241 = CLOSED_SHELL ( 'NONE', ( #5025, #8884, #30, #6716, #7182, #3184, #2572, #7388 ) ) ;
#6242 = ADVANCED_FACE ( 'NONE', ( #8897 ), #6803, .F. ) ;
#6243 = SURFACE_SIDE_STYLE ('',( #4691 ) ) ;
#6244 = CARTESIAN_POINT ( 'NONE',  ( 5.900000000000000355, 1.399999999999999911, 5.400000000000000355 ) ) ;
#6245 = EDGE_CURVE ( 'NONE', #1909, #7223, #3963, .T. ) ;
#6246 = CARTESIAN_POINT ( 'NONE',  ( -4.049999999999999822, -1.300690094324699952, 0.5000000000000000000 ) ) ;
#6247 = CARTESIAN_POINT ( 'NONE',  ( -5.800000000029100100, 0.000000000000000000, 5.500000000000000000 ) ) ;
#6248 = CARTESIAN_POINT ( 'NONE',  ( -5.800000000029100100, -2.799999999999999822, 3.321173431502630446 ) ) ;
#6249 = DIRECTION ( 'NONE',  ( 0.000000000000000000, -1.000000000000000000, -0.000000000000000000 ) ) ;
#6250 = ORIENTED_EDGE ( 'NONE', *, *, #4164, .F. ) ;
#6251 = FILL_AREA_STYLE_COLOUR ( '', #264 ) ;
#6252 = LINE ( 'NONE', #6060, #7716 ) ;
#6253 = DIRECTION ( 'NONE',  ( -1.000000000000000000, 0.000000000000000000, 0.000000000000000000 ) ) ;
#6254 = VERTEX_POINT ( 'NONE', #1706 ) ;
#6255 = VECTOR ( 'NONE', #2565, 1000.000000000000000 ) ;
#6256 =( LENGTH_UNIT ( ) NAMED_UNIT ( * ) SI_UNIT ( .MILLI., .METRE. ) );
#6257 = FILL_AREA_STYLE ('',( #5594 ) ) ;
#6258 = CARTESIAN_POINT ( 'NONE',  ( 6.000000000029100278, -2.799999999999999822, 3.440418332022770365 ) ) ;
#6259 = DIRECTION ( 'NONE',  ( 1.000000000000000000, 0.000000000000000000, 0.000000000000000000 ) ) ;
#6260 = ORIENTED_EDGE ( 'NONE', *, *, #7854, .T. ) ;
#6261 = CARTESIAN_POINT ( 'NONE',  ( -0.04999999999999995420, 0.2000000000000000111, -3.000000000000000000 ) ) ;
#6262 = FACE_OUTER_BOUND ( 'NONE', #1840, .T. ) ;
#6263 = UNCERTAINTY_MEASURE_WITH_UNIT (LENGTH_MEASURE( 1.000000000000000082E-05 ), #3391, 'distance_accuracy_value', 'NONE');
#6264 = STYLED_ITEM ( 'NONE', ( #7252 ), #5562 ) ;
#6265 = PRESENTATION_STYLE_ASSIGNMENT (( #2650 ) ) ;
#6266 = ADVANCED_FACE ( 'NONE', ( #1067 ), #8943, .T. ) ;
#6267 = VERTEX_POINT ( 'NONE', #320 ) ;
#6268 =( LENGTH_UNIT ( ) NAMED_UNIT ( * ) SI_UNIT ( .MILLI., .METRE. ) );
#6269 = VECTOR ( 'NONE', #2399, 1000.000000000000000 ) ;
#6270 = SURFACE_STYLE_FILL_AREA ( #8726 ) ;
#6271 = COLOUR_RGB ( '',0.7921568627450980005, 0.8196078431372548767, 0.9333333333333333481 ) ;
#6272 = CARTESIAN_POINT ( 'NONE',  ( 5.800000000029100100, -2.200000000000000178, 5.163708333923990423 ) ) ;
#6273 = CARTESIAN_POINT ( 'NONE',  ( -3.250000000000000888, 2.799999999999999822, 2.250000000000000444 ) ) ;
#6274 =( NAMED_UNIT ( * ) PLANE_ANGLE_UNIT ( ) SI_UNIT ( $, .RADIAN. ) );
#6275 = COLOUR_RGB ( '',0.7450980392156862919, 0.7372549019607843590, 0.7294117647058823151 ) ;
#6276 = DIRECTION ( 'NONE',  ( 1.000000000000000000, 0.000000000000000000, 0.000000000000000000 ) ) ;
#6277 = ORIENTED_EDGE ( 'NONE', *, *, #6082, .T. ) ;
#6278 = PRESENTATION_STYLE_ASSIGNMENT (( #561 ) ) ;
#6279 = CONTEXT_DEPENDENT_SHAPE_REPRESENTATION ( #1870, #2904 ) ;
#6280 = ADVANCED_FACE ( 'NONE', ( #3786 ), #3174, .T. ) ;
#6281 = ORIENTED_EDGE ( 'NONE', *, *, #6567, .F. ) ;
#6282 = ORIENTED_EDGE ( 'NONE', *, *, #2514, .F. ) ;
#6283 = VECTOR ( 'NONE', #8937, 1000.000000000000000 ) ;
#6284 = PRESENTATION_LAYER_ASSIGNMENT (  '', '', ( #7780 ) ) ;
#6285 = LINE ( 'NONE', #2054, #4053 ) ;
#6286 = UNCERTAINTY_MEASURE_WITH_UNIT (LENGTH_MEASURE( 1.000000000000000082E-05 ), #6211, 'distance_accuracy_value', 'NONE');
#6287 =( GEOMETRIC_REPRESENTATION_CONTEXT ( 3 ) GLOBAL_UNCERTAINTY_ASSIGNED_CONTEXT ( ( #6139 ) ) GLOBAL_UNIT_ASSIGNED_CONTEXT ( ( #2757, #648, #6512 ) ) REPRESENTATION_CONTEXT ( 'NONE', 'WORKASPACE' ) );
#6288 = UNCERTAINTY_MEASURE_WITH_UNIT (LENGTH_MEASURE( 1.000000000000000082E-05 ), #188, 'distance_accuracy_value', 'NONE');
#6289 = ORIENTED_EDGE ( 'NONE', *, *, #1897, .F. ) ;
#6290 =( NAMED_UNIT ( * ) PLANE_ANGLE_UNIT ( ) SI_UNIT ( $, .RADIAN. ) );
#6291 = LINE ( 'NONE', #9157, #8645 ) ;
#6292 = COLOUR_RGB ( '',0.2862745098039215508, 0.2862745098039215508, 0.2862745098039215508 ) ;
#6293 = PRESENTATION_STYLE_ASSIGNMENT (( #5537 ) ) ;
#6294 = CIRCLE ( 'NONE', #2694, 0.1000000000000002554 ) ;
#6295 = EDGE_LOOP ( 'NONE', ( #6711, #4135, #3755, #7974, #6250 ) ) ;
#6296 = DIRECTION ( 'NONE',  ( -0.8589202801446145230, 0.000000000000000000, 0.5121093168028647558 ) ) ;
#6297 = ORIENTED_EDGE ( 'NONE', *, *, #6710, .F. ) ;
#6298 = COLOUR_RGB ( '',0.2862745098039215508, 0.2862745098039215508, 0.2862745098039215508 ) ;
#6299 = MECHANICAL_DESIGN_GEOMETRIC_PRESENTATION_REPRESENTATION (  '', ( #8244 ), #610 ) ;
#6300 = FILL_AREA_STYLE_COLOUR ( '', #7153 ) ;
#6301 = FACE_OUTER_BOUND ( 'NONE', #6098, .T. ) ;
#6302 = DIRECTION ( 'NONE',  ( 0.000000000000000000, 0.000000000000000000, 1.000000000000000000 ) ) ;
#6303 =( GEOMETRIC_REPRESENTATION_CONTEXT ( 3 ) GLOBAL_UNCERTAINTY_ASSIGNED_CONTEXT ( ( #5863 ) ) GLOBAL_UNIT_ASSIGNED_CONTEXT ( ( #89, #5021, #6812 ) ) REPRESENTATION_CONTEXT ( 'NONE', 'WORKASPACE' ) );
#6304 = VERTEX_POINT ( 'NONE', #6900 ) ;
#6305 = DIRECTION ( 'NONE',  ( -0.000000000000000000, 1.000000000000000000, 0.000000000000000000 ) ) ;
#6306 = CARTESIAN_POINT ( 'NONE',  ( -3.250000000000000888, -2.299999999979629894, 2.250000000000000444 ) ) ;
#6307 = COLOUR_RGB ( '',0.7450980392156862919, 0.7372549019607843590, 0.7294117647058823151 ) ;
#6308 = EDGE_CURVE ( 'NONE', #3745, #7987, #3416, .T. ) ;
#6309 = PRESENTATION_LAYER_ASSIGNMENT (  '', '', ( #7961 ) ) ;
#6310 = CARTESIAN_POINT ( 'NONE',  ( -3.250000000000000444, 2.199999999979629806, 1.100000000000000089 ) ) ;
#6311 = DIRECTION ( 'NONE',  ( 0.000000000000000000, 0.000000000000000000, -1.000000000000000000 ) ) ;
#6312 = VECTOR ( 'NONE', #1593, 1000.000000000000000 ) ;
#6313 = SURFACE_STYLE_FILL_AREA ( #7018 ) ;
#6314 = DIRECTION ( 'NONE',  ( -0.8589202801446145230, -0.000000000000000000, 0.5121093168028647558 ) ) ;
#6315 = EDGE_CURVE ( 'NONE', #8667, #2248, #1303, .T. ) ;
#6316 = ORIENTED_EDGE ( 'NONE', *, *, #5082, .T. ) ;
#6317 = SURFACE_STYLE_FILL_AREA ( #4137 ) ;
#6318 = STYLED_ITEM ( 'NONE', ( #1445 ), #3399 ) ;
#6319 = ORIENTED_EDGE ( 'NONE', *, *, #6183, .F. ) ;
#6320 = DIRECTION ( 'NONE',  ( 0.000000000000000000, -0.000000000000000000, -1.000000000000000000 ) ) ;
#6321 = CARTESIAN_POINT ( 'NONE',  ( 6.500000000000000888, -2.199999999999999734, 5.400000000000000355 ) ) ;
#6322 = EDGE_CURVE ( 'NONE', #7071, #8885, #2717, .T. ) ;
#6323 = VECTOR ( 'NONE', #3027, 1000.000000000000000 ) ;
#6324 = CARTESIAN_POINT ( 'NONE',  ( -6.000000000029100278, 2.299999999979629894, 1.100000000000000089 ) ) ;
#6325 = FILL_AREA_STYLE ('',( #513 ) ) ;
#6326 = ORIENTED_EDGE ( 'NONE', *, *, #242, .F. ) ;
#6327 = ORIENTED_EDGE ( 'NONE', *, *, #5421, .F. ) ;
#6328 = ORIENTED_EDGE ( 'NONE', *, *, #8720, .T. ) ;
#6329 =( GEOMETRIC_REPRESENTATION_CONTEXT ( 3 ) GLOBAL_UNCERTAINTY_ASSIGNED_CONTEXT ( ( #1828 ) ) GLOBAL_UNIT_ASSIGNED_CONTEXT ( ( #7713, #532, #8502 ) ) REPRESENTATION_CONTEXT ( 'NONE', 'WORKASPACE' ) );
#6330 = CARTESIAN_POINT ( 'NONE',  ( -2.950000000000000178, -0.2000000000000000389, -3.000000000000000000 ) ) ;
#6331 = CARTESIAN_POINT ( 'NONE',  ( 3.250000000000000444, 2.199999999979629806, 1.100000000000000089 ) ) ;
#6332 = APPLICATION_CONTEXT ( 'automotive_design' ) ;
#6333 = ORIENTED_EDGE ( 'NONE', *, *, #8364, .F. ) ;
#6334 = CARTESIAN_POINT ( 'NONE',  ( -5.957735026948062895, -2.257735026898592068, 1.042264973081036272 ) ) ;
#6335 = PRESENTATION_STYLE_ASSIGNMENT (( #8402 ) ) ;
#6336 = VERTEX_POINT ( 'NONE', #1155 ) ;
#6337 = DIRECTION ( 'NONE',  ( 1.000000000000000000, 0.000000000000000000, -0.000000000000000000 ) ) ;
#6338 = LINE ( 'NONE', #3527, #7601 ) ;
#6339 = DIRECTION ( 'NONE',  ( 0.000000000000000000, 1.000000000000000000, 0.000000000000000000 ) ) ;
#6340 = CARTESIAN_POINT ( 'NONE',  ( 5.577829980359990891, -2.799999999999999822, 4.262348883218679774 ) ) ;
#6341 = CARTESIAN_POINT ( 'NONE',  ( 5.941959649123550236, 2.351539568527130530, 1.146981422799549399 ) ) ;
#6342 = LINE ( 'NONE', #4171, #3777 ) ;
#6343 = VERTEX_POINT ( 'NONE', #1838 ) ;
#6344 = SURFACE_STYLE_FILL_AREA ( #5548 ) ;
#6345 = CARTESIAN_POINT ( 'NONE',  ( 6.000000000029100278, 2.199999999999999734, 5.400000000000000355 ) ) ;
#6346 = SURFACE_STYLE_FILL_AREA ( #631 ) ;
#6347 = ORIENTED_EDGE ( 'NONE', *, *, #7008, .F. ) ;
#6348 = STYLED_ITEM ( 'NONE', ( #6872 ), #8200 ) ;
#6349 = MECHANICAL_DESIGN_GEOMETRIC_PRESENTATION_REPRESENTATION (  '', ( #2595 ), #3506 ) ;
#6350 = DIRECTION ( 'NONE',  ( 1.000000000000000000, 0.000000000000000000, -0.000000000000000000 ) ) ;
#6351 = CARTESIAN_POINT ( 'NONE',  ( -1.200000000000000844, -8.800000000000000711, 2.250000000000000444 ) ) ;
#6352 = CARTESIAN_POINT ( 'NONE',  ( 5.900000000029099745, 2.199999999979629806, 5.400000000000000355 ) ) ;
#6353 = EDGE_CURVE ( 'NONE', #6230, #1792, #351, .T. ) ;
#6354 = VECTOR ( 'NONE', #8012, 1000.000000000000000 ) ;
#6355 = CARTESIAN_POINT ( 'NONE',  ( -6.500000000000000888, -1.000000000000000000, -3.000000000000000000 ) ) ;
#6356 = CARTESIAN_POINT ( 'NONE',  ( -6.500000000000000888, -2.799999999999999822, 0.000000000000000000 ) ) ;
#6357 = SURFACE_SIDE_STYLE ('',( #7912 ) ) ;
#6358 = ORIENTED_EDGE ( 'NONE', *, *, #6945, .T. ) ;
#6359 = CARTESIAN_POINT ( 'NONE',  ( 4.049999999999999822, -2.799999999999999822, 2.250000000000000444 ) ) ;
#6360 = UNCERTAINTY_MEASURE_WITH_UNIT (LENGTH_MEASURE( 1.000000000000000082E-05 ), #7429, 'distance_accuracy_value', 'NONE');
#6361 = SURFACE_STYLE_USAGE ( .BOTH. , #6413 ) ;
#6362 = ORIENTED_EDGE ( 'NONE', *, *, #9100, .T. ) ;
#6363 = EDGE_CURVE ( 'NONE', #1882, #1173, #5525, .T. ) ;
#6364 = CARTESIAN_POINT ( 'NONE',  ( -2.850000000000000089, 0.2000000000000001499, -2.899999999999999911 ) ) ;
#6365 =( NAMED_UNIT ( * ) PLANE_ANGLE_UNIT ( ) SI_UNIT ( $, .RADIAN. ) );
#6366 = SURFACE_STYLE_USAGE ( .BOTH. , #5607 ) ;
#6367 = LINE ( 'NONE', #729, #1202 ) ;
#6368 =( GEOMETRIC_REPRESENTATION_CONTEXT ( 3 ) GLOBAL_UNCERTAINTY_ASSIGNED_CONTEXT ( ( #8238 ) ) GLOBAL_UNIT_ASSIGNED_CONTEXT ( ( #37, #2869, #5717 ) ) REPRESENTATION_CONTEXT ( 'NONE', 'WORKASPACE' ) );
#6369 = CARTESIAN_POINT ( 'NONE',  ( -5.846138961376536436, 2.255718880780107849, 5.544659952694488858 ) ) ;
#6370 = FACE_OUTER_BOUND ( 'NONE', #196, .T. ) ;
#6371 = ORIENTED_EDGE ( 'NONE', *, *, #5124, .F. ) ;
#6372 = DIRECTION ( 'NONE',  ( 0.000000000000000000, -1.000000000000000000, -0.000000000000000000 ) ) ;
#6373 = VERTEX_POINT ( 'NONE', #3511 ) ;
#6374 = ORIENTED_EDGE ( 'NONE', *, *, #265, .T. ) ;
#6375 = AXIS2_PLACEMENT_3D ( 'NONE', #4739, #7617, #7057 ) ;
#6376 = ADVANCED_FACE ( 'NONE', ( #474 ), #9040, .F. ) ;
#6377 = SURFACE_SIDE_STYLE ('',( #4205 ) ) ;
#6378 = AXIS2_PLACEMENT_3D ( 'NONE', #2202, #1317, #4160 ) ;
#6379 = CARTESIAN_POINT ( 'NONE',  ( 5.981304907480784472, 2.257735026898590291, 5.434165146386242817 ) ) ;
#6380 = CARTESIAN_POINT ( 'NONE',  ( -3.649999999999999911, -1.300690094324699952, 1.000000000000000000 ) ) ;
#6381 = UNCERTAINTY_MEASURE_WITH_UNIT (LENGTH_MEASURE( 1.000000000000000082E-05 ), #5466, 'distance_accuracy_value', 'NONE');
#6382 = MECHANICAL_DESIGN_GEOMETRIC_PRESENTATION_REPRESENTATION (  '', ( #4880 ), #7887 ) ;
#6383 = CARTESIAN_POINT ( 'NONE',  ( 5.900000000029099745, -2.299999999979629450, 0.000000000000000000 ) ) ;
#6384 = VECTOR ( 'NONE', #8522, 1000.000000000000000 ) ;
#6386 = VECTOR ( 'NONE', #6784, 1000.000000000000000 ) ;
#6385 = SURFACE_SIDE_STYLE ('',( #3522 ) ) ;
#6387 = ORIENTED_EDGE ( 'NONE', *, *, #963, .T. ) ;
#6388 = CARTESIAN_POINT ( 'NONE',  ( -5.800000000029100100, -2.799999999999999822, 3.321173431502630446 ) ) ;
#6389 = ORIENTED_EDGE ( 'NONE', *, *, #7464, .F. ) ;
#6390 = FILL_AREA_STYLE ('',( #794 ) ) ;
#6391 = PRESENTATION_LAYER_ASSIGNMENT (  '', '', ( #6077 ) ) ;
#6392 = FILL_AREA_STYLE ('',( #8334 ) ) ;
#6393 = FACE_OUTER_BOUND ( 'NONE', #1169, .T. ) ;
#6394 = SURFACE_SIDE_STYLE ('',( #5544 ) ) ;
#6395 = FILL_AREA_STYLE ('',( #3531 ) ) ;
#6396 = CARTESIAN_POINT ( 'NONE',  ( 6.000000000029100278, -2.799999999999999822, 3.440418332022770365 ) ) ;
#6397 = ORIENTED_EDGE ( 'NONE', *, *, #183, .T. ) ;
#6398 = COLOUR_RGB ( '',0.7450980392156862919, 0.7372549019607843590, 0.7294117647058823151 ) ;
#6399 = PLANE ( 'NONE',  #5809 ) ;
#6400 = AXIS2_PLACEMENT_3D ( 'NONE', #6879, #7629, #2032 ) ;
#6401 = VECTOR ( 'NONE', #7201, 1000.000000000000000 ) ;
#6402 = CARTESIAN_POINT ( 'NONE',  ( -5.900000000029099745, -2.299999999979629894, 1.100000000000000089 ) ) ;
#6403 = AXIS2_PLACEMENT_3D ( 'NONE', #4879, #7104, #664 ) ;
#6404 = SURFACE_STYLE_USAGE ( .BOTH. , #2175 ) ;
#6405 = CIRCLE ( 'NONE', #3402, 0.1000000000000002554 ) ;
#6406 = DIRECTION ( 'NONE',  ( -1.000000000000000000, 0.000000000000000000, -0.000000000000000000 ) ) ;
#6407 = CIRCLE ( 'NONE', #4443, 0.1000000000000002554 ) ;
#6408 = FILL_AREA_STYLE ('',( #8422 ) ) ;
#6409 = LINE ( 'NONE', #2700, #7595 ) ;
#6410 = LINE ( 'NONE', #1421, #4147 ) ;
#6411 = ORIENTED_EDGE ( 'NONE', *, *, #4992, .F. ) ;
#6412 = FACE_OUTER_BOUND ( 'NONE', #7347, .T. ) ;
#6413 = SURFACE_SIDE_STYLE ('',( #7205 ) ) ;
#6414 = AXIS2_PLACEMENT_3D ( 'NONE', #3364, #2660, #6898 ) ;
#6415 = FILL_AREA_STYLE ('',( #3409 ) ) ;
#6416 = SURFACE_SIDE_STYLE ('',( #7127 ) ) ;
#6417 = PLANE ( 'NONE',  #1767 ) ;
#6418 = CARTESIAN_POINT ( 'NONE',  ( 5.957735026948061119, -2.257735026898592068, 1.042264973081036050 ) ) ;
#6419 =( NAMED_UNIT ( * ) SI_UNIT ( $, .STERADIAN. ) SOLID_ANGLE_UNIT ( ) );
#6420 = AXIS2_PLACEMENT_3D ( 'NONE', #1329, #5729, #671 ) ;
#6421 =( LENGTH_UNIT ( ) NAMED_UNIT ( * ) SI_UNIT ( .MILLI., .METRE. ) );
#6422 = FILL_AREA_STYLE_COLOUR ( '', #4004 ) ;
#6423 = FACE_OUTER_BOUND ( 'NONE', #2620, .T. ) ;
#6424 = ADVANCED_FACE ( 'NONE', ( #7783 ), #1353, .F. ) ;
#6425 = ORIENTED_EDGE ( 'NONE', *, *, #5719, .T. ) ;
#6426 = PRESENTATION_LAYER_ASSIGNMENT (  '', '', ( #4909 ) ) ;
#6427 = VERTEX_POINT ( 'NONE', #3034 ) ;
#6428 = EDGE_CURVE ( 'NONE', #4235, #2118, #6657, .T. ) ;
#6429 = VERTEX_POINT ( 'NONE', #1566 ) ;
#6430 =( GEOMETRIC_REPRESENTATION_CONTEXT ( 3 ) GLOBAL_UNCERTAINTY_ASSIGNED_CONTEXT ( ( #8300 ) ) GLOBAL_UNIT_ASSIGNED_CONTEXT ( ( #1476, #7085, #8662 ) ) REPRESENTATION_CONTEXT ( 'NONE', 'WORKASPACE' ) );
#6431 = COLOUR_RGB ( '',0.7921568627450980005, 0.8196078431372548767, 0.9333333333333333481 ) ;
#6432 = PRODUCT_DEFINITION_SHAPE ( 'NONE', 'NONE',  #9308 ) ;
#6433 = AXIS2_PLACEMENT_3D ( 'NONE', #5128, #4373, #5084 ) ;
#6434 = CARTESIAN_POINT ( 'NONE',  ( 6.000000000029100278, 2.199999999979629806, 1.100000000000000089 ) ) ;
#6435 = ADVANCED_FACE ( 'NONE', ( #3563 ), #8664, .F. ) ;
#6436 = CARTESIAN_POINT ( 'NONE',  ( 0.000000000000000000, 0.000000000000000000, 0.000000000000000000 ) ) ;
#6437 = PRODUCT_DEFINITION_FORMATION_WITH_SPECIFIED_SOURCE ( 'ANY', '', #2289, .NOT_KNOWN. ) ;
#6438 = ORIENTED_EDGE ( 'NONE', *, *, #1075, .T. ) ;
#6439 = FILL_AREA_STYLE ('',( #3574 ) ) ;
#6440 = ORIENTED_EDGE ( 'NONE', *, *, #7622, .F. ) ;
#6441 = DIRECTION ( 'NONE',  ( 1.000000000000000000, 0.000000000000000000, 0.000000000000000000 ) ) ;
#6442 = PRESENTATION_LAYER_ASSIGNMENT (  '', '', ( #7323 ) ) ;
#6443 = DIRECTION ( 'NONE',  ( -0.000000000000000000, -0.000000000000000000, -1.000000000000000000 ) ) ;
#6444 =( NAMED_UNIT ( * ) SI_UNIT ( $, .STERADIAN. ) SOLID_ANGLE_UNIT ( ) );
#6445 = FILL_AREA_STYLE_COLOUR ( '', #6558 ) ;
#6446 = STYLED_ITEM ( 'NONE', ( #4622 ), #2676 ) ;
#6447 = VECTOR ( 'NONE', #3650, 1000.000000000000000 ) ;
#6448 = PLANE ( 'NONE',  #9234 ) ;
#6449 = CARTESIAN_POINT ( 'NONE',  ( -2.950000000000000178, -2.099999999979630161, 2.250000000000000444 ) ) ;
#6450 = EDGE_CURVE ( 'NONE', #551, #7844, #9290, .T. ) ;
#6451 = ORIENTED_EDGE ( 'NONE', *, *, #3984, .F. ) ;
#6452 = SURFACE_SIDE_STYLE ('',( #708 ) ) ;
#6453 = FACE_OUTER_BOUND ( 'NONE', #2344, .T. ) ;
#6454 = AXIS2_PLACEMENT_3D ( 'NONE', #274, #3045, #4450 ) ;
#6455 = DIRECTION ( 'NONE',  ( 0.000000000000000000, -1.000000000000000000, -0.000000000000000000 ) ) ;
#6456 = SURFACE_STYLE_FILL_AREA ( #8698 ) ;
#6457 = CARTESIAN_POINT ( 'NONE',  ( -5.900000000029099745, -2.299999999979629894, 2.250000000000000444 ) ) ;
#6458 = CARTESIAN_POINT ( 'NONE',  ( -4.049999999999999822, 2.200000000000000178, 1.100000000000000089 ) ) ;
#6459 = VERTEX_POINT ( 'NONE', #116 ) ;
#6460 = VECTOR ( 'NONE', #5311, 1000.000000000000000 ) ;
#6461 = LINE ( 'NONE', #15, #7027 ) ;
#6462 = VECTOR ( 'NONE', #6081, 1000.000000000000000 ) ;
#6463 = UNCERTAINTY_MEASURE_WITH_UNIT (LENGTH_MEASURE( 1.000000000000000082E-05 ), #9003, 'distance_accuracy_value', 'NONE');
#6464 = CARTESIAN_POINT ( 'NONE',  ( 4.049999999999999822, -2.799999999999999822, 1.000000000000000000 ) ) ;
#6465 = VECTOR ( 'NONE', #617, 1000.000000000000000 ) ;
#6466 = FACE_OUTER_BOUND ( 'NONE', #7383, .T. ) ;
#6467 = UNCERTAINTY_MEASURE_WITH_UNIT (LENGTH_MEASURE( 1.000000000000000082E-05 ), #8546, 'distance_accuracy_value', 'NONE');
#6468 = CARTESIAN_POINT ( 'NONE',  ( 0.2500000000000000000, 0.2000000000000000111, -2.799999999999999822 ) ) ;
#6469 = FILL_AREA_STYLE_COLOUR ( '', #8689 ) ;
#6470 = CARTESIAN_POINT ( 'NONE',  ( 5.577829980359990891, 2.799999999999999822, 4.262348883218679774 ) ) ;
#6471 = SURFACE_SIDE_STYLE ('',( #3602 ) ) ;
#6472 = CARTESIAN_POINT ( 'NONE',  ( -3.250000000000000444, 2.200000000000000178, 6.000000000000000000 ) ) ;
#6473 = ADVANCED_FACE ( 'NONE', ( #778 ), #6614, .T. ) ;
#6474 = VERTEX_POINT ( 'NONE', #6795 ) ;
#6475 = FILL_AREA_STYLE_COLOUR ( '', #4387 ) ;
#6476 = MECHANICAL_DESIGN_GEOMETRIC_PRESENTATION_REPRESENTATION (  '', ( #4660 ), #627 ) ;
#6477 = VERTEX_POINT ( 'NONE', #4574 ) ;
#6478 = ORIENTED_EDGE ( 'NONE', *, *, #4520, .F. ) ;
#6479 = PLANE ( 'NONE',  #1778 ) ;
#6480 = CARTESIAN_POINT ( 'NONE',  ( -3.250000000000000444, 0.000000000000000000, 0.000000000000000000 ) ) ;
#6481 = PRODUCT_RELATED_PRODUCT_CATEGORY ( 'part', '', ( #4237 ) ) ;
#6482 = PRESENTATION_LAYER_ASSIGNMENT (  '', '', ( #324 ) ) ;
#6483 = UNCERTAINTY_MEASURE_WITH_UNIT (LENGTH_MEASURE( 1.000000000000000082E-05 ), #5457, 'distance_accuracy_value', 'NONE');
#6484 = EDGE_CURVE ( 'NONE', #973, #312, #1791, .T. ) ;
#6485 = LINE ( 'NONE', #7261, #6619 ) ;
#6486 = PRESENTATION_STYLE_ASSIGNMENT (( #4346 ) ) ;
#6487 = ORIENTED_EDGE ( 'NONE', *, *, #2863, .T. ) ;
#6488 = DIRECTION ( 'NONE',  ( 0.000000000000000000, 0.000000000000000000, -1.000000000000000000 ) ) ;
#6489 = ORIENTED_EDGE ( 'NONE', *, *, #2593, .F. ) ;
#6490 = LINE ( 'NONE', #7144, #1130 ) ;
#6491 = EDGE_CURVE ( 'NONE', #4037, #5132, #7352, .T. ) ;
#6492 =( NAMED_UNIT ( * ) PLANE_ANGLE_UNIT ( ) SI_UNIT ( $, .RADIAN. ) );
#6493 = CARTESIAN_POINT ( 'NONE',  ( -5.948839264976567343, 2.204368728980097725, 5.493309800894465411 ) ) ;
#6494 = CARTESIAN_POINT ( 'NONE',  ( -3.250000000000000444, 2.299999999979629894, 5.500000000000000000 ) ) ;
#6495 = EDGE_LOOP ( 'NONE', ( #6048, #1972, #45, #1663, #8255 ) ) ;
#6496 = LINE ( 'NONE', #1376, #8072 ) ;
#6497 = CARTESIAN_POINT ( 'NONE',  ( -6.000000000029100278, -2.799999999999999822, 0.000000000000000000 ) ) ;
#6498 = ORIENTED_EDGE ( 'NONE', *, *, #675, .F. ) ;
#6499 =( GEOMETRIC_REPRESENTATION_CONTEXT ( 3 ) GLOBAL_UNCERTAINTY_ASSIGNED_CONTEXT ( ( #2961 ) ) GLOBAL_UNIT_ASSIGNED_CONTEXT ( ( #1107, #3835, #5426 ) ) REPRESENTATION_CONTEXT ( 'NONE', 'WORKASPACE' ) );
#6500 = EDGE_CURVE ( 'NONE', #3316, #4064, #3870, .T. ) ;
#6501 = DIRECTION ( 'NONE',  ( 0.000000000000000000, -1.000000000000000000, 0.000000000000000000 ) ) ;
#6502 =( LENGTH_UNIT ( ) NAMED_UNIT ( * ) SI_UNIT ( .MILLI., .METRE. ) );
#6503 = SURFACE_STYLE_USAGE ( .BOTH. , #4413 ) ;
#6504 = DIRECTION ( 'NONE',  ( 1.000000000000000000, 0.000000000000000000, 0.000000000000000000 ) ) ;
#6505 = DIRECTION ( 'NONE',  ( 0.000000000000000000, 1.000000000000000000, 0.000000000000000000 ) ) ;
#6506 = VERTEX_POINT ( 'NONE', #6654 ) ;
#6507 = AXIS2_PLACEMENT_3D ( 'NONE', #1595, #5777, #6677 ) ;
#6508 = AXIS2_PLACEMENT_3D ( 'NONE', #4010, #8437, #9097 ) ;
#6509 = FILL_AREA_STYLE ('',( #2219 ) ) ;
#6510 = EDGE_CURVE ( 'NONE', #4294, #523, #3824, .T. ) ;
#6511 =( GEOMETRIC_REPRESENTATION_CONTEXT ( 3 ) GLOBAL_UNCERTAINTY_ASSIGNED_CONTEXT ( ( #7461 ) ) GLOBAL_UNIT_ASSIGNED_CONTEXT ( ( #4617, #1003, #5361 ) ) REPRESENTATION_CONTEXT ( 'NONE', 'WORKASPACE' ) );
#6512 =( NAMED_UNIT ( * ) SI_UNIT ( $, .STERADIAN. ) SOLID_ANGLE_UNIT ( ) );
#6513 = CARTESIAN_POINT ( 'NONE',  ( -3.000000000014550139, -2.199999999979629806, 1.000000000000000000 ) ) ;
#6514 = CARTESIAN_POINT ( 'NONE',  ( 5.981304907480781807, -2.257735026898592068, 1.065834853613757849 ) ) ;
#6515 = SURFACE_SIDE_STYLE ('',( #2227 ) ) ;
#6516 = PRESENTATION_STYLE_ASSIGNMENT (( #7875 ) ) ;
#6517 = SURFACE_STYLE_FILL_AREA ( #4243 ) ;
#6518 = VERTEX_POINT ( 'NONE', #404 ) ;
#6519 = CARTESIAN_POINT ( 'NONE',  ( -5.957735026948062895, 2.257735026898593844, 5.457735026918960841 ) ) ;
#6520 = ORIENTED_EDGE ( 'NONE', *, *, #8656, .F. ) ;
#6521 = DIRECTION ( 'NONE',  ( 1.000000000000000000, 0.000000000000000000, 0.000000000000000000 ) ) ;
#6522 = VECTOR ( 'NONE', #5690, 1000.000000000000000 ) ;
#6523 = VECTOR ( 'NONE', #642, 1000.000000000000000 ) ;
#6524 = EDGE_LOOP ( 'NONE', ( #9246, #9294, #2245, #4009 ) ) ;
#6525 = ORIENTED_EDGE ( 'NONE', *, *, #4930, .F. ) ;
#6526 = CARTESIAN_POINT ( 'NONE',  ( -3.250000000000000444, 0.000000000000000000, 6.000000000000000000 ) ) ;
#6527 = DIRECTION ( 'NONE',  ( -0.5734623443633278805, 0.8192319205190407017, 0.000000000000000000 ) ) ;
#6528 =( BOUNDED_SURFACE ( )  B_SPLINE_SURFACE ( 3, 3, ( 
 ( #6334, #9205, #1848, #6235 ),
 ( #4728, #7606, #2621, #5481 ),
 ( #8350, #7657, #1906, #4783 ),
 ( #1223, #2905, #1485, #3613 ) ),
 .UNSPECIFIED., .F., .F., .F. ) 
 B_SPLINE_SURFACE_WITH_KNOTS ( ( 4, 4 ),
 ( 4, 4 ),
 ( 0.000000000000000000, 1.000000000000000000 ),
 ( 0.000000000000000000, 1.000000000000000000 ),
 .UNSPECIFIED. ) 
 GEOMETRIC_REPRESENTATION_ITEM ( )  RATIONAL_B_SPLINE_SURFACE ( (
 ( 1.000000000000000000, 0.3333333333333370896, 0.3333333333333370896, 1.000000000000000000),
 ( 0.9245018060306358088, 0.3081672686768821001, 0.3081672686768821001, 0.9245018060306358088),
 ( 0.9245018060306358088, 0.3081672686768821001, 0.3081672686768821001, 0.9245018060306358088),
 ( 1.000000000000000000, 0.3333333333333370896, 0.3333333333333370896, 1.000000000000000000) ) ) 
 REPRESENTATION_ITEM ( '' )  SURFACE ( )  );
#6529 = DIRECTION ( 'NONE',  ( -0.000000000000000000, -1.000000000000000000, -0.000000000000000000 ) ) ;
#6530 = EDGE_LOOP ( 'NONE', ( #488, #2422, #7548, #3219 ) ) ;
#6531 = COLOUR_RGB ( '',0.7450980392156862919, 0.7372549019607843590, 0.7294117647058823151 ) ;
#6532 = LINE ( 'NONE', #130, #8908 ) ;
#6533 = ORIENTED_EDGE ( 'NONE', *, *, #5258, .T. ) ;
#6534 = AXIS2_PLACEMENT_3D ( 'NONE', #6388, #698, #6296 ) ;
#6535 = ORIENTED_EDGE ( 'NONE', *, *, #3261, .F. ) ;
#6536 = FACE_OUTER_BOUND ( 'NONE', #867, .T. ) ;
#6537 = ADVANCED_FACE ( 'NONE', ( #2502 ), #2358, .F. ) ;
#6538 = UNCERTAINTY_MEASURE_WITH_UNIT (LENGTH_MEASURE( 1.000000000000000082E-05 ), #177, 'distance_accuracy_value', 'NONE');
#6539 = AXIS2_PLACEMENT_3D ( 'NONE', #347, #8748, #8151 ) ;
#6540 = CARTESIAN_POINT ( 'NONE',  ( -5.577829980359990891, 2.799999999999999822, 4.262348883218679774 ) ) ;
#6541 = CIRCLE ( 'NONE', #5161, 0.09999999999999951983 ) ;
#6542 = LINE ( 'NONE', #44, #36 ) ;
#6543 = EDGE_CURVE ( 'NONE', #6776, #5436, #5937, .T. ) ;
#6544 = CARTESIAN_POINT ( 'NONE',  ( 5.800000000029110758, 0.000000000000000000, 5.500000000000000000 ) ) ;
#6545 = MECHANICAL_DESIGN_GEOMETRIC_PRESENTATION_REPRESENTATION (  '', ( #4418 ), #380 ) ;
#6546 = VECTOR ( 'NONE', #5510, 1000.000000000000000 ) ;
#6547 = COLOUR_RGB ( '',0.7450980392156862919, 0.7372549019607843590, 0.7294117647058823151 ) ;
#6548 = FILL_AREA_STYLE ('',( #5208 ) ) ;
#6549 = SURFACE_STYLE_FILL_AREA ( #7236 ) ;
#6550 = CARTESIAN_POINT ( 'NONE',  ( -6.000000000029100278, -1.000000000000000000, -3.000000000000000444 ) ) ;
#6551 = FILL_AREA_STYLE_COLOUR ( '', #1694 ) ;
#6552 = ORIENTED_EDGE ( 'NONE', *, *, #4063, .F. ) ;
#6553 =( NAMED_UNIT ( * ) PLANE_ANGLE_UNIT ( ) SI_UNIT ( $, .RADIAN. ) );
#6554 =( NAMED_UNIT ( * ) SI_UNIT ( $, .STERADIAN. ) SOLID_ANGLE_UNIT ( ) );
#6555 = EDGE_CURVE ( 'NONE', #2004, #1636, #7538, .T. ) ;
#6556 = CARTESIAN_POINT ( 'NONE',  ( 4.049999999999999822, 2.299999999979629894, 2.250000000000000444 ) ) ;
#6557 = VECTOR ( 'NONE', #5761, 1000.000000000000000 ) ;
#6558 = COLOUR_RGB ( '',0.7450980392156862919, 0.7372549019607843590, 0.7294117647058823151 ) ;
#6559 = PRESENTATION_LAYER_ASSIGNMENT (  '', '', ( #9261 ) ) ;
#6560 = CARTESIAN_POINT ( 'NONE',  ( -5.906948992674671217, -2.312167334379925165, 5.454088753711022086 ) ) ;
#6561 = DIRECTION ( 'NONE',  ( -0.000000000000000000, -1.000000000000000000, -0.000000000000000000 ) ) ;
#6562 = CYLINDRICAL_SURFACE ( 'NONE', #464, 0.9221700196400069993 ) ;
#6563 = DIRECTION ( 'NONE',  ( -0.000000000000000000, 1.000000000000000000, -0.000000000000000000 ) ) ;
#6564 = ORIENTED_EDGE ( 'NONE', *, *, #2651, .F. ) ;
#6565 =( LENGTH_UNIT ( ) NAMED_UNIT ( * ) SI_UNIT ( .MILLI., .METRE. ) );
#6566 = ORIENTED_EDGE ( 'NONE', *, *, #2506, .T. ) ;
#6567 = EDGE_CURVE ( 'NONE', #4724, #8624, #7404, .T. ) ;
#6568 = CARTESIAN_POINT ( 'NONE',  ( -5.900000000029100633, 2.299999999979629894, 1.100000000000000089 ) ) ;
#6569 = STYLED_ITEM ( 'NONE', ( #7086 ), #8884 ) ;
#6570 = VERTEX_POINT ( 'NONE', #1099 ) ;
#6571 = ORIENTED_EDGE ( 'NONE', *, *, #6828, .T. ) ;
#6572 = CARTESIAN_POINT ( 'NONE',  ( -5.900000000029099745, -2.299999999979629894, 2.250000000000000444 ) ) ;
#6573 = DIRECTION ( 'NONE',  ( 0.000000000000000000, 0.000000000000000000, -1.000000000000000000 ) ) ;
#6574 = VECTOR ( 'NONE', #1634, 1000.000000000000000 ) ;
#6575 = EDGE_CURVE ( 'NONE', #2259, #1312, #2442, .T. ) ;
#6576 = DIRECTION ( 'NONE',  ( 0.000000000000000000, 0.000000000000000000, -1.000000000000000000 ) ) ;
#6577 = DIRECTION ( 'NONE',  ( 1.000000000000000000, 0.000000000000000000, 0.000000000000000000 ) ) ;
#6578 = SURFACE_SIDE_STYLE ('',( #8680 ) ) ;
#6579 = ORIENTED_EDGE ( 'NONE', *, *, #477, .F. ) ;
#6580 = ORIENTED_EDGE ( 'NONE', *, *, #5082, .F. ) ;
#6581 = CARTESIAN_POINT ( 'NONE',  ( -5.991030663955239532, 2.233062582872593183, 1.124905498140212901 ) ) ;
#6582 = MECHANICAL_DESIGN_GEOMETRIC_PRESENTATION_REPRESENTATION (  '', ( #4154 ), #5351 ) ;
#6583 = MECHANICAL_DESIGN_GEOMETRIC_PRESENTATION_REPRESENTATION (  '', ( #4470 ), #431 ) ;
#6584 = CARTESIAN_POINT ( 'NONE',  ( -5.961381300156012308, -2.203302719417256750, 5.508521061192350743 ) ) ;
#6585 = PRODUCT_DEFINITION_SHAPE ( 'NONE', 'NONE',  #4916 ) ;
#6586 = EDGE_CURVE ( 'NONE', #4878, #2957, #3165, .T. ) ;
#6587 = VECTOR ( 'NONE', #6406, 1000.000000000000000 ) ;
#6588 = STYLED_ITEM ( 'NONE', ( #9094 ), #4153 ) ;
#6589 = PRODUCT_RELATED_PRODUCT_CATEGORY ( 'part', '', ( #2289 ) ) ;
#6590 = PRESENTATION_STYLE_ASSIGNMENT (( #2970 ) ) ;
#6591 = CARTESIAN_POINT ( 'NONE',  ( 6.000000000029100278, 2.799999999999999822, 3.440418332022770365 ) ) ;
#6592 = STYLED_ITEM ( 'NONE', ( #4197 ), #4518 ) ;
#6593 = VERTEX_POINT ( 'NONE', #961 ) ;
#6594 = FACE_OUTER_BOUND ( 'NONE', #503, .T. ) ;
#6595 = EDGE_CURVE ( 'NONE', #598, #4898, #6696, .T. ) ;
#6596 = DIRECTION ( 'NONE',  ( -1.000000000000000000, 0.000000000000000000, -0.000000000000000000 ) ) ;
#6597 = SURFACE_STYLE_USAGE ( .BOTH. , #8785 ) ;
#6598 = PRESENTATION_LAYER_ASSIGNMENT (  '', '', ( #3600 ) ) ;
#6599 = STYLED_ITEM ( 'NONE', ( #5407 ), #2069 ) ;
#6600 = MECHANICAL_DESIGN_GEOMETRIC_PRESENTATION_REPRESENTATION (  '', ( #7049 ), #3738 ) ;
#6601 = DIRECTION ( 'NONE',  ( 0.000000000000000000, 0.000000000000000000, -1.000000000000000000 ) ) ;
#6602 = LINE ( 'NONE', #164, #8389 ) ;
#6603 = DIRECTION ( 'NONE',  ( -1.000000000000000000, 0.000000000000000000, -0.000000000000000000 ) ) ;
#6604 = SURFACE_STYLE_FILL_AREA ( #5930 ) ;
#6605 = VECTOR ( 'NONE', #6113, 1000.000000000000000 ) ;
#6606 = STYLED_ITEM ( 'NONE', ( #299 ), #2400 ) ;
#6607 =( NAMED_UNIT ( * ) SI_UNIT ( $, .STERADIAN. ) SOLID_ANGLE_UNIT ( ) );
#6608 = PLANE ( 'NONE',  #5546 ) ;
#6609 = VERTEX_POINT ( 'NONE', #9029 ) ;
#6610 = SURFACE_STYLE_FILL_AREA ( #3731 ) ;
#6611 = VECTOR ( 'NONE', #1314, 1000.000000000000000 ) ;
#6612 = ORIENTED_EDGE ( 'NONE', *, *, #3877, .F. ) ;
#6613 = SURFACE_STYLE_USAGE ( .BOTH. , #5230 ) ;
#6614 = CYLINDRICAL_SURFACE ( 'NONE', #47, 0.5999999999999999778 ) ;
#6615 = AXIS2_PLACEMENT_3D ( 'NONE', #384, #2343, #3852 ) ;
#6616 = VERTEX_POINT ( 'NONE', #4710 ) ;
#6617 = LINE ( 'NONE', #5236, #1648 ) ;
#6618 = ADVANCED_FACE ( 'NONE', ( #7075 ), #505, .F. ) ;
#6619 = VECTOR ( 'NONE', #5007, 1000.000000000000000 ) ;
#6620 = EDGE_CURVE ( 'NONE', #1070, #6987, #3943, .T. ) ;
#6621 = DIRECTION ( 'NONE',  ( 0.000000000000000000, 0.000000000000000000, 1.000000000000000000 ) ) ;
#6622 = DIRECTION ( 'NONE',  ( -5.163828021512360244E-16, 0.000000000000000000, -1.000000000000000000 ) ) ;
#6623 = DIRECTION ( 'NONE',  ( -1.000000000000000000, -0.000000000000000000, 0.000000000000000000 ) ) ;
#6624 = SHAPE_REPRESENTATION_RELATIONSHIP ( 'NONE' , 'NONE' ,  #8736, #5017 ) ;
#6625 = PLANE ( 'NONE',  #5619 ) ;
#6626 = ORIENTED_EDGE ( 'NONE', *, *, #3445, .F. ) ;
#6627 = ORIENTED_EDGE ( 'NONE', *, *, #2429, .F. ) ;
#6628 = VECTOR ( 'NONE', #5980, 1000.000000000000000 ) ;
#6629 = UNCERTAINTY_MEASURE_WITH_UNIT (LENGTH_MEASURE( 1.000000000000000082E-05 ), #2413, 'distance_accuracy_value', 'NONE');
#6630 =( NAMED_UNIT ( * ) SI_UNIT ( $, .STERADIAN. ) SOLID_ANGLE_UNIT ( ) );
#6631 = CARTESIAN_POINT ( 'NONE',  ( -5.957735026948063783, 2.281304907431313644, 5.434165146386241041 ) ) ;
#6632 = FILL_AREA_STYLE ('',( #7554 ) ) ;
#6633 = FILL_AREA_STYLE_COLOUR ( '', #1518 ) ;
#6634 =( NAMED_UNIT ( * ) SI_UNIT ( $, .STERADIAN. ) SOLID_ANGLE_UNIT ( ) );
#6635 = CARTESIAN_POINT ( 'NONE',  ( 3.649999999999999911, -2.050345047162350109, 0.5000000000000000000 ) ) ;
#6636 = DIRECTION ( 'NONE',  ( 0.000000000000000000, 1.000000000000000000, 0.000000000000000000 ) ) ;
#6637 = PRESENTATION_STYLE_ASSIGNMENT (( #2261 ) ) ;
#6638 = SURFACE_STYLE_USAGE ( .BOTH. , #4984 ) ;
#6639 = SURFACE_STYLE_USAGE ( .BOTH. , #8647 ) ;
#6640 = ORIENTED_EDGE ( 'NONE', *, *, #6828, .F. ) ;
#6641 = SURFACE_SIDE_STYLE ('',( #7132 ) ) ;
#6642 = DIRECTION ( 'NONE',  ( 0.8589202801446145230, 0.000000000000000000, -0.5121093168028647558 ) ) ;
#6643 = DIRECTION ( 'NONE',  ( 0.5734623443633283246, 0.8192319205190404796, -0.000000000000000000 ) ) ;
#6644 = LINE ( 'NONE', #2348, #6386 ) ;
#6645 = STYLED_ITEM ( 'NONE', ( #1114 ), #8562 ) ;
#6646 = ADVANCED_FACE ( 'NONE', ( #7771 ), #471, .T. ) ;
#6647 = SURFACE_SIDE_STYLE ('',( #2403 ) ) ;
#6648 = DIRECTION ( 'NONE',  ( -0.000000000000000000, -1.000000000000000000, -0.000000000000000000 ) ) ;
#6649 = SURFACE_STYLE_FILL_AREA ( #8789 ) ;
#6650 = DIRECTION ( 'NONE',  ( 0.000000000000000000, 0.000000000000000000, -1.000000000000000000 ) ) ;
#6651 = ORIENTED_EDGE ( 'NONE', *, *, #8307, .F. ) ;
#6652 = ORIENTED_EDGE ( 'NONE', *, *, #784, .F. ) ;
#6653 = DIRECTION ( 'NONE',  ( -3.175210755296169386E-16, -2.222647528707316105E-16, -1.000000000000000000 ) ) ;
#6654 = CARTESIAN_POINT ( 'NONE',  ( 3.250000000000000444, -2.200000000000000178, 0.5000000000000000000 ) ) ;
#6655 = EDGE_CURVE ( 'NONE', #7266, #8403, #3679, .T. ) ;
#6656 = ORIENTED_EDGE ( 'NONE', *, *, #3885, .T. ) ;
#6657 = CIRCLE ( 'NONE', #1539, 0.1000000000000000472 ) ;
#6658 = CARTESIAN_POINT ( 'NONE',  ( 5.981304907480782695, -2.257735026898593400, 1.065834853613757627 ) ) ;
#6659 = VECTOR ( 'NONE', #1696, 1000.000000000000000 ) ;
#6660 = PRESENTATION_STYLE_ASSIGNMENT (( #5327 ) ) ;
#6661 = EDGE_CURVE ( 'NONE', #8946, #8349, #4700, .T. ) ;
#6662 = CARTESIAN_POINT ( 'NONE',  ( -6.500000000000001776, 2.799999999999999822, 3.250000000000000888 ) ) ;
#6663 = ORIENTED_EDGE ( 'NONE', *, *, #2429, .T. ) ;
#6664 = ORIENTED_EDGE ( 'NONE', *, *, #9255, .F. ) ;
#6665 =( GEOMETRIC_REPRESENTATION_CONTEXT ( 3 ) GLOBAL_UNCERTAINTY_ASSIGNED_CONTEXT ( ( #7840 ) ) GLOBAL_UNIT_ASSIGNED_CONTEXT ( ( #3716, #5033, #4415 ) ) REPRESENTATION_CONTEXT ( 'NONE', 'WORKASPACE' ) );
#6666 = CARTESIAN_POINT ( 'NONE',  ( 5.924094889577415479, -2.366934131628235516, 5.308158727481966821 ) ) ;
#6667 = LINE ( 'NONE', #4545, #5942 ) ;
#6668 =( LENGTH_UNIT ( ) NAMED_UNIT ( * ) SI_UNIT ( .MILLI., .METRE. ) );
#6669 = DIRECTION ( 'NONE',  ( 0.000000000000000000, -0.000000000000000000, 1.000000000000000000 ) ) ;
#6670 =( NAMED_UNIT ( * ) SI_UNIT ( $, .STERADIAN. ) SOLID_ANGLE_UNIT ( ) );
#6671 = MECHANICAL_DESIGN_GEOMETRIC_PRESENTATION_REPRESENTATION (  '', ( #7416 ), #7131 ) ;
#6672 = PRESENTATION_STYLE_ASSIGNMENT (( #6007 ) ) ;
#6673 = EDGE_LOOP ( 'NONE', ( #3994, #4099, #8794, #8507 ) ) ;
#6674 = DIRECTION ( 'NONE',  ( -0.000000000000000000, -0.000000000000000000, 1.000000000000000000 ) ) ;
#6675 = VECTOR ( 'NONE', #3478, 1000.000000000000000 ) ;
#6676 = SURFACE_STYLE_FILL_AREA ( #7381 ) ;
#6677 = DIRECTION ( 'NONE',  ( 1.000000000000000000, 0.000000000000000000, 0.000000000000000000 ) ) ;
#6678 = VERTEX_POINT ( 'NONE', #6556 ) ;
#6679 = PRESENTATION_LAYER_ASSIGNMENT (  '', '', ( #9076 ) ) ;
#6680 = CARTESIAN_POINT ( 'NONE',  ( 6.000000000029100278, 2.299999999979629894, 1.100000000000000089 ) ) ;
#6681 = COLOUR_RGB ( '',0.7294117647058823151, 0.5176470588235293491, 0.3058823529411764941 ) ;
#6682 = EDGE_CURVE ( 'NONE', #7987, #9030, #1468, .T. ) ;
#6683 = CARTESIAN_POINT ( 'NONE',  ( 4.049999999999999822, 2.299999999979629894, 1.100000000000000089 ) ) ;
#6684 = VECTOR ( 'NONE', #3810, 1000.000000000000000 ) ;
#6685 = LINE ( 'NONE', #250, #5094 ) ;
#6686 = APPLICATION_CONTEXT ( 'automotive_design' ) ;
#6687 =( NAMED_UNIT ( * ) PLANE_ANGLE_UNIT ( ) SI_UNIT ( $, .RADIAN. ) );
#6688 = COLOUR_RGB ( '',0.2862745098039215508, 0.2862745098039215508, 0.2862745098039215508 ) ;
#6689 =( NAMED_UNIT ( * ) PLANE_ANGLE_UNIT ( ) SI_UNIT ( $, .RADIAN. ) );
#6690 = CARTESIAN_POINT ( 'NONE',  ( -2.950000000000000178, -2.299999999979629894, 2.250000000000000444 ) ) ;
#6691 = LINE ( 'NONE', #8926, #1945 ) ;
#6692 = ORIENTED_EDGE ( 'NONE', *, *, #7183, .T. ) ;
#6693 = PLANE ( 'NONE',  #7776 ) ;
#6694 = VERTEX_POINT ( 'NONE', #8706 ) ;
#6695 =( NAMED_UNIT ( * ) PLANE_ANGLE_UNIT ( ) SI_UNIT ( $, .RADIAN. ) );
#6696 = LINE ( 'NONE', #6030, #4847 ) ;
#6697 = STYLED_ITEM ( 'NONE', ( #7846 ), #82 ) ;
#6698 = EDGE_CURVE ( 'NONE', #4145, #970, #8613, .T. ) ;
#6699 = VECTOR ( 'NONE', #4217, 1000.000000000000000 ) ;
#6700 = VERTEX_POINT ( 'NONE', #4325 ) ;
#6701 =( NAMED_UNIT ( * ) PLANE_ANGLE_UNIT ( ) SI_UNIT ( $, .RADIAN. ) );
#6702 = DIRECTION ( 'NONE',  ( 0.4082482904638600751, -0.8164965809277291431, -0.4082482904638600751 ) ) ;
#6703 = EDGE_CURVE ( 'NONE', #8250, #5437, #2089, .T. ) ;
#6704 = AXIS2_PLACEMENT_3D ( 'NONE', #7097, #661, #1224 ) ;
#6705 = CARTESIAN_POINT ( 'NONE',  ( 6.000000000029100278, -2.199999999979629806, 2.250000000000000444 ) ) ;
#6706 = DIRECTION ( 'NONE',  ( -0.5734623443633283246, -0.8192319205190404796, 0.000000000000000000 ) ) ;
#6707 = ORIENTED_EDGE ( 'NONE', *, *, #5514, .T. ) ;
#6708 = PRODUCT_CONTEXT ( 'NONE', #6332, 'mechanical' ) ;
#6709 = ADVANCED_BREP_SHAPE_REPRESENTATION ( '', ( #7442, #5962 ), #3712 ) ;
#6710 = EDGE_CURVE ( 'NONE', #1692, #1002, #1388, .T. ) ;
#6711 = ORIENTED_EDGE ( 'NONE', *, *, #8473, .T. ) ;
#6712 = EDGE_LOOP ( 'NONE', ( #7540, #8744, #7651, #4397 ) ) ;
#6713 = CARTESIAN_POINT ( 'NONE',  ( 5.853018577229548214, -2.351539568527127866, 5.441959649094452622 ) ) ;
#6714 = MECHANICAL_DESIGN_GEOMETRIC_PRESENTATION_REPRESENTATION (  '', ( #5651 ), #4599 ) ;
#6715 = UNCERTAINTY_MEASURE_WITH_UNIT (LENGTH_MEASURE( 1.000000000000000082E-05 ), #3305, 'distance_accuracy_value', 'NONE');
#6716 = ADVANCED_FACE ( 'NONE', ( #2184 ), #5784, .T. ) ;
#6717 = DIRECTION ( 'NONE',  ( 0.000000000000000000, 1.000000000000000000, 0.000000000000000000 ) ) ;
#6718 = LINE ( 'NONE', #1951, #8380 ) ;
#6719 = CARTESIAN_POINT ( 'NONE',  ( -2.949999999999998845, -2.299999999979629894, 4.750000000000000000 ) ) ;
#6720 =( NAMED_UNIT ( * ) SI_UNIT ( $, .STERADIAN. ) SOLID_ANGLE_UNIT ( ) );
#6721 = PRESENTATION_STYLE_ASSIGNMENT (( #2383 ) ) ;
#6722 = PRESENTATION_LAYER_ASSIGNMENT (  '', '', ( #1460 ) ) ;
#6723 = ORIENTED_EDGE ( 'NONE', *, *, #4069, .T. ) ;
#6724 = AXIS2_PLACEMENT_3D ( 'NONE', #6635, #5766, #5204 ) ;
#6725 =( NAMED_UNIT ( * ) PLANE_ANGLE_UNIT ( ) SI_UNIT ( $, .RADIAN. ) );
#6726 = VERTEX_POINT ( 'NONE', #8572 ) ;
#6727 = CARTESIAN_POINT ( 'NONE',  ( 5.900000000029099745, 2.299999999979629894, 2.250000000000000000 ) ) ;
#6728 = LINE ( 'NONE', #7474, #537 ) ;
#6729 = EDGE_CURVE ( 'NONE', #3316, #2517, #5038, .T. ) ;
#6730 = CARTESIAN_POINT ( 'NONE',  ( 5.900000000029099745, 2.199999999999999734, 5.500000000000000000 ) ) ;
#6731 =( GEOMETRIC_REPRESENTATION_CONTEXT ( 3 ) GLOBAL_UNCERTAINTY_ASSIGNED_CONTEXT ( ( #4016 ) ) GLOBAL_UNIT_ASSIGNED_CONTEXT ( ( #646, #9236, #2795 ) ) REPRESENTATION_CONTEXT ( 'NONE', 'WORKASPACE' ) );
#6732 = CARTESIAN_POINT ( 'NONE',  ( 0.000000000000000000, 2.799999999999999822, 2.250000000000000444 ) ) ;
#6733 = DIRECTION ( 'NONE',  ( -0.000000000000000000, -0.000000000000000000, 1.000000000000000000 ) ) ;
#6734 = SURFACE_STYLE_FILL_AREA ( #6781 ) ;
#6735 = EDGE_LOOP ( 'NONE', ( #7037, #1964, #4994, #8299, #1775 ) ) ;
#6736 = CARTESIAN_POINT ( 'NONE',  ( -3.250000000000000444, -0.2000000000000000111, 0.000000000000000000 ) ) ;
#6737 = DIRECTION ( 'NONE',  ( -0.000000000000000000, 1.000000000000000000, 0.000000000000000000 ) ) ;
#6738 = ORIENTED_EDGE ( 'NONE', *, *, #5216, .T. ) ;
#6739 = COLOUR_RGB ( '',0.7450980392156862919, 0.7372549019607843590, 0.7294117647058823151 ) ;
#6740 = CARTESIAN_POINT ( 'NONE',  ( -6.000000000029100278, 2.199999999979629806, 1.100000000000000089 ) ) ;
#6741 = COLOUR_RGB ( '',0.8313725490196077761, 0.8313725490196077761, 0.8313725490196077761 ) ;
#6742 = SURFACE_STYLE_USAGE ( .BOTH. , #6647 ) ;
#6743 = FILL_AREA_STYLE ('',( #5979 ) ) ;
#6744 = CYLINDRICAL_SURFACE ( 'NONE', #9081, 0.1000000000000002554 ) ;
#6745 = ORIENTED_EDGE ( 'NONE', *, *, #5049, .F. ) ;
#6746 = AXIS2_PLACEMENT_3D ( 'NONE', #1248, #3959, #1102 ) ;
#6747 = MECHANICAL_DESIGN_GEOMETRIC_PRESENTATION_REPRESENTATION (  '', ( #5228 ), #134 ) ;
#6748 = FILL_AREA_STYLE_COLOUR ( '', #5977 ) ;
#6749 = DIRECTION ( 'NONE',  ( 1.000000000000000000, 0.000000000000000000, 0.000000000000000000 ) ) ;
#6750 = VECTOR ( 'NONE', #313, 1000.000000000000000 ) ;
#6751 = VERTEX_POINT ( 'NONE', #3504 ) ;
#6752 = CARTESIAN_POINT ( 'NONE',  ( 5.800000000029100100, 2.799999999999999822, 0.000000000000000000 ) ) ;
#6753 = LINE ( 'NONE', #3210, #1483 ) ;
#6754 = COLOUR_RGB ( '',0.2862745098039215508, 0.2862745098039215508, 0.2862745098039215508 ) ;
#6755 = EDGE_CURVE ( 'NONE', #2101, #8359, #5079, .T. ) ;
#6756 = DIRECTION ( 'NONE',  ( -0.000000000000000000, 1.000000000000000000, 0.000000000000000000 ) ) ;
#6757 = FILL_AREA_STYLE ('',( #8160 ) ) ;
#6758 = ORIENTED_EDGE ( 'NONE', *, *, #40, .T. ) ;
#6759 = DIRECTION ( 'NONE',  ( 0.000000000000000000, 0.000000000000000000, 1.000000000000000000 ) ) ;
#6760 = PRESENTATION_LAYER_ASSIGNMENT (  '', '', ( #3891 ) ) ;
#6761 = DIRECTION ( 'NONE',  ( 0.000000000000000000, 0.000000000000000000, 1.000000000000000000 ) ) ;
#6762 = STYLED_ITEM ( 'NONE', ( #8060 ), #2374 ) ;
#6763 = ORIENTED_EDGE ( 'NONE', *, *, #1415, .T. ) ;
#6764 = VERTEX_POINT ( 'NONE', #681 ) ;
#6765 = AXIS2_PLACEMENT_3D ( 'NONE', #42, #3580, #3621 ) ;
#6766 = CARTESIAN_POINT ( 'NONE',  ( 5.993309800923564801, -2.248839264927097847, 5.404368729000468718 ) ) ;
#6767 = CARTESIAN_POINT ( 'NONE',  ( 4.049999999999999822, -2.799999999999999822, 1.099999999999999867 ) ) ;
#6768 = AXIS2_PLACEMENT_3D ( 'NONE', #5596, #6213, #9227 ) ;
#6769 = EDGE_CURVE ( 'NONE', #414, #4526, #3546, .T. ) ;
#6770 = CARTESIAN_POINT ( 'NONE',  ( -2.950000000014549872, -2.199999999979629806, 5.400000000000000355 ) ) ;
#6771 = LINE ( 'NONE', #8859, #3463 ) ;
#6772 = DIRECTION ( 'NONE',  ( 1.000000000000000000, 0.000000000000000000, -0.000000000000000000 ) ) ;
#6773 =( NAMED_UNIT ( * ) SI_UNIT ( $, .STERADIAN. ) SOLID_ANGLE_UNIT ( ) );
#6774 = SHAPE_REPRESENTATION ( '4', ( #5823, #591, #4013, #6118 ), #4472 ) ;
#6775 = PRESENTATION_STYLE_ASSIGNMENT (( #4458 ) ) ;
#6776 = VERTEX_POINT ( 'NONE', #2266 ) ;
#6777 = PRESENTATION_STYLE_ASSIGNMENT (( #5911 ) ) ;
#6778 = DIRECTION ( 'NONE',  ( -0.8589202801446145230, 0.000000000000000000, -0.5121093168028647558 ) ) ;
#6779 =( NAMED_UNIT ( * ) PLANE_ANGLE_UNIT ( ) SI_UNIT ( $, .RADIAN. ) );
#6780 = SURFACE_SIDE_STYLE ('',( #3895 ) ) ;
#6781 = FILL_AREA_STYLE ('',( #4695 ) ) ;
#6782 = ORIENTED_EDGE ( 'NONE', *, *, #8432, .F. ) ;
#6783 = CARTESIAN_POINT ( 'NONE',  ( 0.1499999999999999944, -0.1000000000000000056, -2.899999999999999911 ) ) ;
#6784 = DIRECTION ( 'NONE',  ( -0.8589202801446089719, 0.000000000000000000, -0.5121093168028739706 ) ) ;
#6785 = EDGE_CURVE ( 'NONE', #8885, #6751, #8889, .T. ) ;
#6786 = PRESENTATION_LAYER_ASSIGNMENT (  '', '', ( #4219 ) ) ;
#6787 = CARTESIAN_POINT ( 'NONE',  ( -3.250000000000000444, 1.300690094324699730, 1.000000000000000000 ) ) ;
#6788 = CARTESIAN_POINT ( 'NONE',  ( 0.1999999999999980405, -8.800000000000000711, 2.250000000000000444 ) ) ;
#6789 = CARTESIAN_POINT ( 'NONE',  ( 5.875094501888885823, -2.233062582872591850, 1.008969336073859857 ) ) ;
#6790 = LINE ( 'NONE', #1053, #5996 ) ;
#6791 = FILL_AREA_STYLE_COLOUR ( '', #6688 ) ;
#6792 = ORIENTED_EDGE ( 'NONE', *, *, #910, .F. ) ;
#6793 = COLOUR_RGB ( '',0.7450980392156862919, 0.7372549019607843590, 0.7294117647058823151 ) ;
#6794 =( NAMED_UNIT ( * ) SI_UNIT ( $, .STERADIAN. ) SOLID_ANGLE_UNIT ( ) );
#6795 = CARTESIAN_POINT ( 'NONE',  ( 6.000000000029100278, 2.799999999999999822, 3.442489127153391060 ) ) ;
#6796 = ADVANCED_FACE ( 'NONE', ( #3596 ), #4372, .T. ) ;
#6797 = ORIENTED_EDGE ( 'NONE', *, *, #2410, .F. ) ;
#6798 = FILL_AREA_STYLE_COLOUR ( '', #739 ) ;
#6799 = FILL_AREA_STYLE ('',( #7542 ) ) ;
#6800 = VECTOR ( 'NONE', #127, 1000.000000000000000 ) ;
#6801 = DIRECTION ( 'NONE',  ( 1.000000000000000000, 0.000000000000000000, 0.000000000000000000 ) ) ;
#6802 = ORIENTED_EDGE ( 'NONE', *, *, #8835, .T. ) ;
#6803 = PLANE ( 'NONE',  #2152 ) ;
#6804 = APPLICATION_PROTOCOL_DEFINITION ( 'draft international standard', 'automotive_design', 1998, #2299 ) ;
#6805 = COLOUR_RGB ( '',0.2862745098039215508, 0.2862745098039215508, 0.2862745098039215508 ) ;
#6806 = ORIENTED_EDGE ( 'NONE', *, *, #7627, .T. ) ;
#6807 = EDGE_LOOP ( 'NONE', ( #1450, #1740, #4910, #439, #7495, #2763 ) ) ;
#6808 = CARTESIAN_POINT ( 'NONE',  ( 5.981304907480780031, -2.257735026898593400, 5.434165146386244594 ) ) ;
#6809 = DIRECTION ( 'NONE',  ( 0.000000000000000000, 0.000000000000000000, 1.000000000000000000 ) ) ;
#6810 = UNCERTAINTY_MEASURE_WITH_UNIT (LENGTH_MEASURE( 1.000000000000000082E-05 ), #3140, 'distance_accuracy_value', 'NONE');
#6811 = STYLED_ITEM ( 'NONE', ( #1245 ), #6618 ) ;
#6812 =( NAMED_UNIT ( * ) SI_UNIT ( $, .STERADIAN. ) SOLID_ANGLE_UNIT ( ) );
#6813 = FILL_AREA_STYLE_COLOUR ( '', #3681 ) ;
#6814 = CARTESIAN_POINT ( 'NONE',  ( -5.993309800923571018, -2.248839264927092962, 1.095631270999532836 ) ) ;
#6815 =( NAMED_UNIT ( * ) SI_UNIT ( $, .STERADIAN. ) SOLID_ANGLE_UNIT ( ) );
#6816 = CARTESIAN_POINT ( 'NONE',  ( -6.000000000029100278, 1.000000000000000000, 0.000000000000000000 ) ) ;
#6817 = MECHANICAL_DESIGN_GEOMETRIC_PRESENTATION_REPRESENTATION (  '', ( #2601 ), #5294 ) ;
#6818 = EDGE_CURVE ( 'NONE', #1259, #3510, #2492, .T. ) ;
#6819 = MECHANICAL_DESIGN_GEOMETRIC_PRESENTATION_REPRESENTATION (  '', ( #6210 ), #8461 ) ;
#6820 = UNCERTAINTY_MEASURE_WITH_UNIT (LENGTH_MEASURE( 1.000000000000000082E-05 ), #2551, 'distance_accuracy_value', 'NONE');
#6821 = CARTESIAN_POINT ( 'NONE',  ( 5.900000000029099745, 2.199999999979629806, 5.400000000000000355 ) ) ;
#6822 = FACE_OUTER_BOUND ( 'NONE', #4978, .T. ) ;
#6823 = FACE_OUTER_BOUND ( 'NONE', #3183, .T. ) ;
#6824 = EDGE_CURVE ( 'NONE', #7174, #836, #200, .T. ) ;
#6825 = ORIENTED_EDGE ( 'NONE', *, *, #6232, .T. ) ;
#6826 = CARTESIAN_POINT ( 'NONE',  ( -6.000000000029100278, 2.299999999979629894, 0.000000000000000000 ) ) ;
#6827 = CARTESIAN_POINT ( 'NONE',  ( 6.250000000014550139, -2.200000000000000178, 3.250000000000000444 ) ) ;
#6828 = EDGE_CURVE ( 'NONE', #3022, #2517, #5872, .T. ) ;
#6829 = VECTOR ( 'NONE', #2776, 1000.000000000000000 ) ;
#6830 = AXIS2_PLACEMENT_3D ( 'NONE', #5965, #1120, #2485 ) ;
#6831 = LINE ( 'NONE', #1874, #2998 ) ;
#6832 = FACE_OUTER_BOUND ( 'NONE', #3087, .T. ) ;
#6833 = CARTESIAN_POINT ( 'NONE',  ( 6.000000000029100278, -1.149999999989810062, 5.400000000000000355 ) ) ;
#6834 = CYLINDRICAL_SURFACE ( 'NONE', #6162, 0.1000000000000000472 ) ;
#6835 = MECHANICAL_DESIGN_GEOMETRIC_PRESENTATION_REPRESENTATION (  '', ( #5166 ), #3535 ) ;
#6836 =( LENGTH_UNIT ( ) NAMED_UNIT ( * ) SI_UNIT ( .MILLI., .METRE. ) );
#6837 = LINE ( 'NONE', #1690, #5032 ) ;
#6838 = EDGE_CURVE ( 'NONE', #312, #8869, #6644, .T. ) ;
#6839 = VECTOR ( 'NONE', #4744, 1000.000000000000000 ) ;
#6840 = EDGE_CURVE ( 'NONE', #8753, #9170, #8106, .T. ) ;
#6841 = ORIENTED_EDGE ( 'NONE', *, *, #234, .T. ) ;
#6842 = DIRECTION ( 'NONE',  ( 0.8192319205190408127, 0.5734623443633279916, -3.875838667619849496E-16 ) ) ;
#6843 = UNCERTAINTY_MEASURE_WITH_UNIT (LENGTH_MEASURE( 1.000000000000000082E-05 ), #898, 'distance_accuracy_value', 'NONE');
#6844 = ORIENTED_EDGE ( 'NONE', *, *, #234, .F. ) ;
#6845 = FILL_AREA_STYLE_COLOUR ( '', #443 ) ;
#6846 = PRESENTATION_STYLE_ASSIGNMENT (( #1103 ) ) ;
#6847 = CARTESIAN_POINT ( 'NONE',  ( 3.117763191479099749, -2.299999999979629894, 2.250000000000000444 ) ) ;
#6848 = STYLED_ITEM ( 'NONE', ( #4815 ), #30 ) ;
#6849 = CARTESIAN_POINT ( 'NONE',  ( -3.117763191482009866, -2.299999999979629894, 4.917763191452910299 ) ) ;
#6850 = AXIS2_PLACEMENT_3D ( 'NONE', #6310, #8371, #4703 ) ;
#6851 = ORIENTED_EDGE ( 'NONE', *, *, #2663, .T. ) ;
#6852 = DIRECTION ( 'NONE',  ( 0.000000000000000000, 0.000000000000000000, 1.000000000000000000 ) ) ;
#6853 = DIRECTION ( 'NONE',  ( 0.000000000000000000, 0.000000000000000000, 1.000000000000000000 ) ) ;
#6854 = ORIENTED_EDGE ( 'NONE', *, *, #6322, .F. ) ;
#6855 = ORIENTED_EDGE ( 'NONE', *, *, #1923, .F. ) ;
#6856 =( GEOMETRIC_REPRESENTATION_CONTEXT ( 3 ) GLOBAL_UNCERTAINTY_ASSIGNED_CONTEXT ( ( #5513 ) ) GLOBAL_UNIT_ASSIGNED_CONTEXT ( ( #978, #276, #2378 ) ) REPRESENTATION_CONTEXT ( 'NONE', 'WORKASPACE' ) );
#6857 = UNCERTAINTY_MEASURE_WITH_UNIT (LENGTH_MEASURE( 1.000000000000000082E-05 ), #86, 'distance_accuracy_value', 'NONE');
#6858 = PRODUCT_DEFINITION_CONTEXT ( 'detailed design', #9221, 'design' ) ;
#6859 = FILL_AREA_STYLE ('',( #6045 ) ) ;
#6860 = FACE_OUTER_BOUND ( 'NONE', #7267, .T. ) ;
#6861 =( NAMED_UNIT ( * ) PLANE_ANGLE_UNIT ( ) SI_UNIT ( $, .RADIAN. ) );
#6862 = ORIENTED_EDGE ( 'NONE', *, *, #1528, .T. ) ;
#6863 = LINE ( 'NONE', #3230, #7260 ) ;
#6864 = ORIENTED_EDGE ( 'NONE', *, *, #3988, .T. ) ;
#6865 =( NAMED_UNIT ( * ) PLANE_ANGLE_UNIT ( ) SI_UNIT ( $, .RADIAN. ) );
#6866 = FILL_AREA_STYLE ('',( #7563 ) ) ;
#6867 = CARTESIAN_POINT ( 'NONE',  ( -4.049999999999999822, -1.300690094324699952, 1.000000000000000000 ) ) ;
#6868 = EDGE_CURVE ( 'NONE', #1235, #3867, #8225, .T. ) ;
#6869 = STYLED_ITEM ( 'NONE', ( #7013 ), #9235 ) ;
#6870 = FILL_AREA_STYLE_COLOUR ( '', #8397 ) ;
#6871 = CARTESIAN_POINT ( 'NONE',  ( -0.1500000000000017431, -8.300000000000000711, 2.250000000000000444 ) ) ;
#6872 = PRESENTATION_STYLE_ASSIGNMENT (( #1772 ) ) ;
#6873 = ORIENTED_EDGE ( 'NONE', *, *, #6059, .F. ) ;
#6874 = DIRECTION ( 'NONE',  ( 0.000000000000000000, -0.000000000000000000, -1.000000000000000000 ) ) ;
#6875 = DIRECTION ( 'NONE',  ( 1.000000000000000000, -4.336808689942006692E-15, 0.000000000000000000 ) ) ;
#6876 = STYLED_ITEM ( 'NONE', ( #9038 ), #5549 ) ;
#6877 =( BOUNDED_SURFACE ( )  B_SPLINE_SURFACE ( 3, 3, ( 
 ( #1664, #8807, #5950, #7367 ),
 ( #934, #3748, #3884, #6808 ),
 ( #2424, #6713, #2373, #6766 ),
 ( #7412, #4542, #6666, #4637 ) ),
 .UNSPECIFIED., .F., .F., .F. ) 
 B_SPLINE_SURFACE_WITH_KNOTS ( ( 4, 4 ),
 ( 4, 4 ),
 ( 0.000000000000000000, 1.000000000000000000 ),
 ( 0.000000000000000000, 1.000000000000000000 ),
 .UNSPECIFIED. ) 
 GEOMETRIC_REPRESENTATION_ITEM ( )  RATIONAL_B_SPLINE_SURFACE ( (
 ( 1.000000000000000000, 0.3333333333333295401, 0.3333333333333295401, 1.000000000000000000),
 ( 0.9245018060306368080, 0.3081672686768754388, 0.3081672686768754388, 0.9245018060306368080),
 ( 0.9245018060306368080, 0.3081672686768754388, 0.3081672686768754388, 0.9245018060306368080),
 ( 1.000000000000000000, 0.3333333333333295401, 0.3333333333333295401, 1.000000000000000000) ) ) 
 REPRESENTATION_ITEM ( '' )  SURFACE ( )  );
#6878 = PRESENTATION_STYLE_ASSIGNMENT (( #1046 ) ) ;
#6879 = CARTESIAN_POINT ( 'NONE',  ( -5.577829980359990891, -2.799999999999999822, 4.262348883218679774 ) ) ;
#6880 = ADVANCED_FACE ( 'NONE', ( #3155 ), #7386, .F. ) ;
#6881 = CARTESIAN_POINT ( 'NONE',  ( -6.000000000029100278, -2.199999999979629806, 0.000000000000000000 ) ) ;
#6882 = DIRECTION ( 'NONE',  ( -0.3494548253495050050, 0.000000000000000000, -0.9369532139012849425 ) ) ;
#6883 = SURFACE_SIDE_STYLE ('',( #3993 ) ) ;
#6884 = PRESENTATION_LAYER_ASSIGNMENT (  '', '', ( #4470 ) ) ;
#6885 = ORIENTED_EDGE ( 'NONE', *, *, #5665, .F. ) ;
#6886 = CARTESIAN_POINT ( 'NONE',  ( -3.649999999999999911, -2.050345047162350109, 1.000000000000000000 ) ) ;
#6887 = CARTESIAN_POINT ( 'NONE',  ( -5.957735026948062007, 2.257735026898592068, 1.042264973081034940 ) ) ;
#6888 = FILL_AREA_STYLE ('',( #7584 ) ) ;
#6889 = VECTOR ( 'NONE', #5734, 1000.000000000000000 ) ;
#6890 = VERTEX_POINT ( 'NONE', #8058 ) ;
#6891 =( GEOMETRIC_REPRESENTATION_CONTEXT ( 3 ) GLOBAL_UNCERTAINTY_ASSIGNED_CONTEXT ( ( #4453 ) ) GLOBAL_UNIT_ASSIGNED_CONTEXT ( ( #3322, #9139, #469 ) ) REPRESENTATION_CONTEXT ( 'NONE', 'WORKASPACE' ) );
#6892 = SURFACE_SIDE_STYLE ('',( #1148 ) ) ;
#6893 = FACE_OUTER_BOUND ( 'NONE', #8792, .T. ) ;
#6894 = PRESENTATION_STYLE_ASSIGNMENT (( #7885 ) ) ;
#6895 = VECTOR ( 'NONE', #5095, 1000.000000000000114 ) ;
#6896 = DIRECTION ( 'NONE',  ( 1.000000000000000000, 0.000000000000000000, 0.000000000000000000 ) ) ;
#6897 = CARTESIAN_POINT ( 'NONE',  ( -6.000000000029100278, -2.299999999979629894, 3.250000000000000444 ) ) ;
#6898 = DIRECTION ( 'NONE',  ( -1.000000000000000000, 0.000000000000000000, -0.000000000000000000 ) ) ;
#6899 = VERTEX_POINT ( 'NONE', #948 ) ;
#6900 = CARTESIAN_POINT ( 'NONE',  ( 5.957735026948062007, -2.257735026898592068, 1.042264973081037160 ) ) ;
#6901 = ORIENTED_EDGE ( 'NONE', *, *, #2001, .T. ) ;
#6902 = AXIS2_PLACEMENT_3D ( 'NONE', #5109, #7848, #7226 ) ;
#6903 = VERTEX_POINT ( 'NONE', #6683 ) ;
#6904 = COLOUR_RGB ( '',0.7450980392156862919, 0.7372549019607843590, 0.7294117647058823151 ) ;
#6905 = ADVANCED_FACE ( 'NONE', ( #2401 ), #2639, .F. ) ;
#6906 = EDGE_CURVE ( 'NONE', #8847, #1900, #5502, .T. ) ;
#6907 = UNCERTAINTY_MEASURE_WITH_UNIT (LENGTH_MEASURE( 1.000000000000000082E-05 ), #2835, 'distance_accuracy_value', 'NONE');
#6908 = VECTOR ( 'NONE', #519, 1000.000000000000000 ) ;
#6909 = LINE ( 'NONE', #9052, #4955 ) ;
#6910 =( GEOMETRIC_REPRESENTATION_CONTEXT ( 3 ) GLOBAL_UNCERTAINTY_ASSIGNED_CONTEXT ( ( #2723 ) ) GLOBAL_UNIT_ASSIGNED_CONTEXT ( ( #7341, #952, #2351 ) ) REPRESENTATION_CONTEXT ( 'NONE', 'WORKASPACE' ) );
#6911 = FILL_AREA_STYLE_COLOUR ( '', #9103 ) ;
#6912 = FILL_AREA_STYLE ('',( #1166 ) ) ;
#6913 = VERTEX_POINT ( 'NONE', #3398 ) ;
#6914 = STYLED_ITEM ( 'NONE', ( #8260 ), #5025 ) ;
#6915 =( NAMED_UNIT ( * ) SI_UNIT ( $, .STERADIAN. ) SOLID_ANGLE_UNIT ( ) );
#6916 = ORIENTED_EDGE ( 'NONE', *, *, #7529, .T. ) ;
#6917 = FACE_OUTER_BOUND ( 'NONE', #224, .T. ) ;
#6918 =( GEOMETRIC_REPRESENTATION_CONTEXT ( 3 ) GLOBAL_UNCERTAINTY_ASSIGNED_CONTEXT ( ( #9297 ) ) GLOBAL_UNIT_ASSIGNED_CONTEXT ( ( #2262, #7956, #5775 ) ) REPRESENTATION_CONTEXT ( 'NONE', 'WORKASPACE' ) );
#6919 = DIRECTION ( 'NONE',  ( -0.000000000000000000, -0.000000000000000000, 1.000000000000000000 ) ) ;
#6920 = DIRECTION ( 'NONE',  ( 0.000000000000000000, 0.000000000000000000, 1.000000000000000000 ) ) ;
#6921 = DIRECTION ( 'NONE',  ( 1.000000000000000000, 0.000000000000000000, 0.000000000000000000 ) ) ;
#6922 = ORIENTED_EDGE ( 'NONE', *, *, #69, .F. ) ;
#6923 = DIRECTION ( 'NONE',  ( 0.000000000000000000, -1.000000000000000000, 0.000000000000000000 ) ) ;
#6924 = SURFACE_STYLE_FILL_AREA ( #8967 ) ;
#6925 = EDGE_LOOP ( 'NONE', ( #8732, #2899, #4636, #8438 ) ) ;
#6926 =( GEOMETRIC_REPRESENTATION_CONTEXT ( 3 ) GLOBAL_UNCERTAINTY_ASSIGNED_CONTEXT ( ( #8768 ) ) GLOBAL_UNIT_ASSIGNED_CONTEXT ( ( #4704, #1932, #348 ) ) REPRESENTATION_CONTEXT ( 'NONE', 'WORKASPACE' ) );
#6927 = DIRECTION ( 'NONE',  ( 0.7071067811865483499, 0.000000000000000000, -0.7071067811865467956 ) ) ;
#6928 = FACE_OUTER_BOUND ( 'NONE', #5728, .T. ) ;
#6929 =( NAMED_UNIT ( * ) PLANE_ANGLE_UNIT ( ) SI_UNIT ( $, .RADIAN. ) );
#6930 =( NAMED_UNIT ( * ) SI_UNIT ( $, .STERADIAN. ) SOLID_ANGLE_UNIT ( ) );
#6931 = DIRECTION ( 'NONE',  ( 1.000000000000000000, 0.000000000000000000, 0.000000000000000000 ) ) ;
#6932 = DIRECTION ( 'NONE',  ( -0.4082482904638590759, 0.8164965809277276998, -0.4082482904638636834 ) ) ;
#6933 = ORIENTED_EDGE ( 'NONE', *, *, #1698, .F. ) ;
#6934 = UNCERTAINTY_MEASURE_WITH_UNIT (LENGTH_MEASURE( 1.000000000000000082E-05 ), #5350, 'distance_accuracy_value', 'NONE');
#6935 = CARTESIAN_POINT ( 'NONE',  ( -1.899999999999999911, -8.800000000000000711, 4.750000000000000000 ) ) ;
#6936 = EDGE_CURVE ( 'NONE', #6726, #937, #4747, .T. ) ;
#6937 = ORIENTED_EDGE ( 'NONE', *, *, #1087, .T. ) ;
#6938 = DIRECTION ( 'NONE',  ( 0.000000000000000000, -1.000000000000000000, 0.000000000000000000 ) ) ;
#6939 = PRESENTATION_STYLE_ASSIGNMENT (( #4857 ) ) ;
#6940 = DIRECTION ( 'NONE',  ( 0.4082482904638588539, -0.8164965809277276998, -0.4082482904638638499 ) ) ;
#6941 =( NAMED_UNIT ( * ) SI_UNIT ( $, .STERADIAN. ) SOLID_ANGLE_UNIT ( ) );
#6942 = DIRECTION ( 'NONE',  ( -1.000000000000000000, 2.386506727942370021E-16, 0.000000000000000000 ) ) ;
#6943 = CARTESIAN_POINT ( 'NONE',  ( 3.250000000000000444, -2.799999999999999822, 1.099999999999999867 ) ) ;
#6944 = FILL_AREA_STYLE ('',( #412 ) ) ;
#6945 = EDGE_CURVE ( 'NONE', #670, #7669, #3687, .T. ) ;
#6946 = ORIENTED_EDGE ( 'NONE', *, *, #1689, .T. ) ;
#6947 = SURFACE_SIDE_STYLE ('',( #7034 ) ) ;
#6948 = ORIENTED_EDGE ( 'NONE', *, *, #3276, .T. ) ;
#6949 = ORIENTED_EDGE ( 'NONE', *, *, #8595, .F. ) ;
#6950 =( NAMED_UNIT ( * ) PLANE_ANGLE_UNIT ( ) SI_UNIT ( $, .RADIAN. ) );
#6951 = UNCERTAINTY_MEASURE_WITH_UNIT (LENGTH_MEASURE( 1.000000000000000082E-05 ), #5958, 'distance_accuracy_value', 'NONE');
#6952 = UNCERTAINTY_MEASURE_WITH_UNIT (LENGTH_MEASURE( 1.000000000000000082E-05 ), #1266, 'distance_accuracy_value', 'NONE');
#6953 = ORIENTED_EDGE ( 'NONE', *, *, #8482, .F. ) ;
#6954 = LINE ( 'NONE', #4019, #4652 ) ;
#6955 = EDGE_CURVE ( 'NONE', #640, #6, #1278, .T. ) ;
#6956 =( LENGTH_UNIT ( ) NAMED_UNIT ( * ) SI_UNIT ( .MILLI., .METRE. ) );
#6957 = SURFACE_STYLE_FILL_AREA ( #5486 ) ;
#6958 = DIRECTION ( 'NONE',  ( 0.000000000000000000, -1.000000000000000000, 0.000000000000000000 ) ) ;
#6959 = STYLED_ITEM ( 'NONE', ( #9144 ), #6376 ) ;
#6960 = CARTESIAN_POINT ( 'NONE',  ( 5.993309800923568353, 2.248839264927097403, 1.095631270999533724 ) ) ;
#6961 = DIRECTION ( 'NONE',  ( 0.000000000000000000, 1.000000000000000000, 0.000000000000000000 ) ) ;
#6962 = PLANE ( 'NONE',  #4831 ) ;
#6963 = LINE ( 'NONE', #8413, #4620 ) ;
#6964 = ORIENTED_EDGE ( 'NONE', *, *, #526, .T. ) ;
#6965 = SURFACE_SIDE_STYLE ('',( #1776 ) ) ;
#6966 = FILL_AREA_STYLE_COLOUR ( '', #1708 ) ;
#6967 = DIRECTION ( 'NONE',  ( -0.000000000000000000, 1.000000000000000000, -0.000000000000000000 ) ) ;
#6968 =( GEOMETRIC_REPRESENTATION_CONTEXT ( 3 ) GLOBAL_UNCERTAINTY_ASSIGNED_CONTEXT ( ( #4638 ) ) GLOBAL_UNIT_ASSIGNED_CONTEXT ( ( #1295, #1143, #594 ) ) REPRESENTATION_CONTEXT ( 'NONE', 'WORKASPACE' ) );
#6969 = SURFACE_STYLE_USAGE ( .BOTH. , #3446 ) ;
#6970 = LINE ( 'NONE', #1822, #2708 ) ;
#6971 = SURFACE_STYLE_USAGE ( .BOTH. , #2591 ) ;
#6972 = CARTESIAN_POINT ( 'NONE',  ( -6.000000000029100278, 2.799999999999999822, 3.440418332022770365 ) ) ;
#6973 = DIRECTION ( 'NONE',  ( 0.000000000000000000, 0.000000000000000000, -1.000000000000000000 ) ) ;
#6974 = CARTESIAN_POINT ( 'NONE',  ( 4.049999999999999822, 2.799999999999999822, 1.100000000000000089 ) ) ;
#6975 =( LENGTH_UNIT ( ) NAMED_UNIT ( * ) SI_UNIT ( .MILLI., .METRE. ) );
#6976 = DIRECTION ( 'NONE',  ( 0.000000000000000000, -0.000000000000000000, -1.000000000000000000 ) ) ;
#6977 = ORIENTED_EDGE ( 'NONE', *, *, #1684, .F. ) ;
#6978 =( NAMED_UNIT ( * ) SI_UNIT ( $, .STERADIAN. ) SOLID_ANGLE_UNIT ( ) );
#6979 = FILL_AREA_STYLE ('',( #5563 ) ) ;
#6980 =( NAMED_UNIT ( * ) SI_UNIT ( $, .STERADIAN. ) SOLID_ANGLE_UNIT ( ) );
#6981 = VECTOR ( 'NONE', #4688, 1000.000000000000000 ) ;
#6982 = FILL_AREA_STYLE ('',( #4239 ) ) ;
#6983 = MECHANICAL_DESIGN_GEOMETRIC_PRESENTATION_REPRESENTATION (  '', ( #6221 ), #2781 ) ;
#6984 = CARTESIAN_POINT ( 'NONE',  ( -5.800000000029109870, -2.200000000000000178, 5.400000000000000355 ) ) ;
#6985 = DIRECTION ( 'NONE',  ( -0.000000000000000000, 1.000000000000000000, 0.000000000000000000 ) ) ;
#6986 = LINE ( 'NONE', #8481, #7311 ) ;
#6987 = VERTEX_POINT ( 'NONE', #7527 ) ;
#6988 = FILL_AREA_STYLE_COLOUR ( '', #516 ) ;
#6989 = STYLED_ITEM ( 'NONE', ( #4751 ), #331 ) ;
#6990 = CIRCLE ( 'NONE', #4117, 0.1000000000000000333 ) ;
#6991 = VERTEX_POINT ( 'NONE', #3301 ) ;
#6992 =( GEOMETRIC_REPRESENTATION_CONTEXT ( 3 ) GLOBAL_UNCERTAINTY_ASSIGNED_CONTEXT ( ( #6934 ) ) GLOBAL_UNIT_ASSIGNED_CONTEXT ( ( #5350, #8832, #6061 ) ) REPRESENTATION_CONTEXT ( 'NONE', 'WORKASPACE' ) );
#6993 = ORIENTED_EDGE ( 'NONE', *, *, #1139, .T. ) ;
#6994 = PRESENTATION_STYLE_ASSIGNMENT (( #1843 ) ) ;
#6995 = CARTESIAN_POINT ( 'NONE',  ( 5.906948992674674770, 2.312167334379927830, 5.454088753711017645 ) ) ;
#6996 = EDGE_CURVE ( 'NONE', #94, #3216, #1237, .T. ) ;
#6997 = CARTESIAN_POINT ( 'NONE',  ( -5.800000000029100100, -2.799999999999999822, 3.321173431502630446 ) ) ;
#6998 = AXIS2_PLACEMENT_3D ( 'NONE', #7679, #6215, #6976 ) ;
#6999 = VERTEX_POINT ( 'NONE', #9175 ) ;
#7000 = LINE ( 'NONE', #7701, #8561 ) ;
#7001 =( NAMED_UNIT ( * ) PLANE_ANGLE_UNIT ( ) SI_UNIT ( $, .RADIAN. ) );
#7002 = VERTEX_POINT ( 'NONE', #1129 ) ;
#7003 = ORIENTED_EDGE ( 'NONE', *, *, #726, .T. ) ;
#7004 = MECHANICAL_DESIGN_GEOMETRIC_PRESENTATION_REPRESENTATION (  '', ( #4741 ), #4734 ) ;
#7005 =( LENGTH_UNIT ( ) NAMED_UNIT ( * ) SI_UNIT ( .MILLI., .METRE. ) );
#7006 = COLOUR_RGB ( '',0.7294117647058823151, 0.5176470588235293491, 0.3058823529411764941 ) ;
#7007 = ADVANCED_FACE ( 'NONE', ( #4078 ), #3986, .F. ) ;
#7008 = EDGE_CURVE ( 'NONE', #8681, #6700, #4938, .T. ) ;
#7009 = FACE_OUTER_BOUND ( 'NONE', #7695, .T. ) ;
#7010 = DIRECTION ( 'NONE',  ( 0.000000000000000000, -0.000000000000000000, 1.000000000000000000 ) ) ;
#7011 =( NAMED_UNIT ( * ) PLANE_ANGLE_UNIT ( ) SI_UNIT ( $, .RADIAN. ) );
#7012 = ORIENTED_EDGE ( 'NONE', *, *, #7248, .F. ) ;
#7013 = PRESENTATION_STYLE_ASSIGNMENT (( #4123 ) ) ;
#7014 = MECHANICAL_DESIGN_GEOMETRIC_PRESENTATION_REPRESENTATION (  '', ( #2966 ), #5951 ) ;
#7015 = EDGE_CURVE ( 'NONE', #1215, #2664, #2827, .T. ) ;
#7016 = COLOUR_RGB ( '',0.8313725490196077761, 0.8313725490196077761, 0.8313725490196077761 ) ;
#7017 = FILL_AREA_STYLE ('',( #3540 ) ) ;
#7018 = FILL_AREA_STYLE ('',( #3454 ) ) ;
#7019 = CARTESIAN_POINT ( 'NONE',  ( -1.550000000000000266, -8.300000000000000711, 4.750000000000000000 ) ) ;
#7020 = EDGE_LOOP ( 'NONE', ( #9043, #4680, #4754, #5989 ) ) ;
#7021 = UNCERTAINTY_MEASURE_WITH_UNIT (LENGTH_MEASURE( 1.000000000000000082E-05 ), #166, 'distance_accuracy_value', 'NONE');
#7022 = VECTOR ( 'NONE', #8291, 1000.000000000000000 ) ;
#7023 = VECTOR ( 'NONE', #7276, 1000.000000000000000 ) ;
#7024 = ORIENTED_EDGE ( 'NONE', *, *, #5091, .F. ) ;
#7025 = AXIS2_PLACEMENT_3D ( 'NONE', #2269, #57, #6601 ) ;
#7026 = LINE ( 'NONE', #3466, #8856 ) ;
#7027 = VECTOR ( 'NONE', #3634, 1000.000000000000000 ) ;
#7028 = MECHANICAL_DESIGN_GEOMETRIC_PRESENTATION_REPRESENTATION (  '', ( #1757 ), #113 ) ;
#7029 =( NAMED_UNIT ( * ) PLANE_ANGLE_UNIT ( ) SI_UNIT ( $, .RADIAN. ) );
#7030 = CARTESIAN_POINT ( 'NONE',  ( 6.500000000000000888, -2.799999999999999822, 0.000000000000000000 ) ) ;
#7031 = AXIS2_PLACEMENT_3D ( 'NONE', #9187, #8433, #5566 ) ;
#7032 = LINE ( 'NONE', #2608, #7460 ) ;
#7033 = ORIENTED_EDGE ( 'NONE', *, *, #4641, .F. ) ;
#7034 = SURFACE_STYLE_FILL_AREA ( #2000 ) ;
#7035 = MECHANICAL_DESIGN_GEOMETRIC_PRESENTATION_REPRESENTATION (  '', ( #4473 ), #8092 ) ;
#7036 = EDGE_LOOP ( 'NONE', ( #3758, #5485, #243, #7401 ) ) ;
#7037 = ORIENTED_EDGE ( 'NONE', *, *, #9037, .T. ) ;
#7038 =( LENGTH_UNIT ( ) NAMED_UNIT ( * ) SI_UNIT ( .MILLI., .METRE. ) );
#7039 = LINE ( 'NONE', #658, #4110 ) ;
#7040 = UNCERTAINTY_MEASURE_WITH_UNIT (LENGTH_MEASURE( 1.000000000000000082E-05 ), #3783, 'distance_accuracy_value', 'NONE');
#7041 = STYLED_ITEM ( 'NONE', ( #2357 ), #4391 ) ;
#7042 = ORIENTED_EDGE ( 'NONE', *, *, #7739, .F. ) ;
#7043 = SURFACE_SIDE_STYLE ('',( #2010 ) ) ;
#7044 = MECHANICAL_DESIGN_GEOMETRIC_PRESENTATION_REPRESENTATION (  '', ( #1769 ), #5833 ) ;
#7045 = AXIS2_PLACEMENT_3D ( 'NONE', #8910, #8959, #5343 ) ;
#7046 = ORIENTED_EDGE ( 'NONE', *, *, #7963, .T. ) ;
#7047 = SURFACE_SIDE_STYLE ('',( #8495 ) ) ;
#7048 = CARTESIAN_POINT ( 'NONE',  ( 5.900000000029099745, 2.199999999979629806, 2.250000000000000444 ) ) ;
#7049 = STYLED_ITEM ( 'NONE', ( #2114 ), #4575 ) ;
#7050 = PLANE ( 'NONE',  #9148 ) ;
#7051 = EDGE_CURVE ( 'NONE', #6343, #7785, #7233, .T. ) ;
#7052 = FILL_AREA_STYLE_COLOUR ( '', #2986 ) ;
#7053 = EDGE_CURVE ( 'NONE', #1944, #6477, #4884, .T. ) ;
#7054 = STYLED_ITEM ( 'NONE', ( #8114 ), #2942 ) ;
#7055 = SURFACE_STYLE_USAGE ( .BOTH. , #4167 ) ;
#7056 =( NAMED_UNIT ( * ) SI_UNIT ( $, .STERADIAN. ) SOLID_ANGLE_UNIT ( ) );
#7057 = DIRECTION ( 'NONE',  ( 0.000000000000000000, 0.000000000000000000, -1.000000000000000000 ) ) ;
#7058 = CARTESIAN_POINT ( 'NONE',  ( 6.500000000000000888, -2.200000000000000178, 6.000000000000000000 ) ) ;
#7059 = EDGE_LOOP ( 'NONE', ( #3464, #7925, #1374, #6387, #4732, #5447, #5848, #8365 ) ) ;
#7060 = CARTESIAN_POINT ( 'NONE',  ( 2.950000000000000178, 0.000000000000000000, -3.000000000000000000 ) ) ;
#7061 = EDGE_CURVE ( 'NONE', #6144, #6899, #8641, .T. ) ;
#7062 = FILL_AREA_STYLE_COLOUR ( '', #3225 ) ;
#7063 =( GEOMETRIC_REPRESENTATION_CONTEXT ( 3 ) GLOBAL_UNCERTAINTY_ASSIGNED_CONTEXT ( ( #1401 ) ) GLOBAL_UNIT_ASSIGNED_CONTEXT ( ( #2034, #2743, #4232 ) ) REPRESENTATION_CONTEXT ( 'NONE', 'WORKASPACE' ) );
#7064 = PRESENTATION_LAYER_ASSIGNMENT (  '', '', ( #6150 ) ) ;
#7065 = DIRECTION ( 'NONE',  ( 0.000000000000000000, 0.000000000000000000, 1.000000000000000000 ) ) ;
#7066 = CARTESIAN_POINT ( 'NONE',  ( -0.8500000000000007550, -8.300000000000000711, 2.250000000000000444 ) ) ;
#7067 = CARTESIAN_POINT ( 'NONE',  ( -3.250000000000000444, -2.299999999979629894, 5.500000000000000000 ) ) ;
#7068 = STYLED_ITEM ( 'NONE', ( #3319 ), #3668 ) ;
#7069 = SURFACE_STYLE_FILL_AREA ( #4183 ) ;
#7070 = CARTESIAN_POINT ( 'NONE',  ( -5.900000000029099745, 2.199999999979629806, 1.100000000000000089 ) ) ;
#7071 = VERTEX_POINT ( 'NONE', #6402 ) ;
#7072 = FILL_AREA_STYLE ('',( #4812 ) ) ;
#7073 = ADVANCED_FACE ( 'NONE', ( #1417 ), #760, .T. ) ;
#7074 = EDGE_CURVE ( 'NONE', #5612, #3975, #3534, .T. ) ;
#7075 = FACE_OUTER_BOUND ( 'NONE', #2412, .T. ) ;
#7076 = PRESENTATION_LAYER_ASSIGNMENT (  '', '', ( #1797 ) ) ;
#7077 = ORIENTED_EDGE ( 'NONE', *, *, #284, .F. ) ;
#7078 =( NAMED_UNIT ( * ) SI_UNIT ( $, .STERADIAN. ) SOLID_ANGLE_UNIT ( ) );
#7079 = CARTESIAN_POINT ( 'NONE',  ( -2.750000000000000000, -0.2000000000000000389, -2.799999999999999378 ) ) ;
#7080 = SURFACE_SIDE_STYLE ('',( #3960 ) ) ;
#7081 = LINE ( 'NONE', #7874, #1031 ) ;
#7082 = FILL_AREA_STYLE ('',( #3467 ) ) ;
#7083 = DIRECTION ( 'NONE',  ( -0.4082482904638590759, 0.8164965809277276998, 0.4082482904638636834 ) ) ;
#7084 = PLANE ( 'NONE',  #2386 ) ;
#7085 =( NAMED_UNIT ( * ) PLANE_ANGLE_UNIT ( ) SI_UNIT ( $, .RADIAN. ) );
#7086 = PRESENTATION_STYLE_ASSIGNMENT (( #1998 ) ) ;
#7087 = ORIENTED_EDGE ( 'NONE', *, *, #682, .T. ) ;
#7088 = EDGE_CURVE ( 'NONE', #6208, #3837, #5685, .T. ) ;
#7089 =( NAMED_UNIT ( * ) SI_UNIT ( $, .STERADIAN. ) SOLID_ANGLE_UNIT ( ) );
#7090 = CONTEXT_DEPENDENT_SHAPE_REPRESENTATION ( #870, #2074 ) ;
#7091 = ORIENTED_EDGE ( 'NONE', *, *, #3189, .F. ) ;
#7092 = VERTEX_POINT ( 'NONE', #4981 ) ;
#7093 = CIRCLE ( 'NONE', #8276, 0.1000000000000002554 ) ;
#7094 = CARTESIAN_POINT ( 'NONE',  ( 5.957735026948062895, 2.257735026898590736, 5.457735026918963506 ) ) ;
#7095 = ORIENTED_EDGE ( 'NONE', *, *, #410, .F. ) ;
#7096 = FILL_AREA_STYLE ('',( #1263 ) ) ;
#7097 = CARTESIAN_POINT ( 'NONE',  ( -6.000000000029100278, -2.299999999979629894, 0.000000000000000000 ) ) ;
#7098 = EDGE_CURVE ( 'NONE', #4526, #551, #4270, .T. ) ;
#7099 = SURFACE_STYLE_USAGE ( .BOTH. , #6385 ) ;
#7100 = ORIENTED_EDGE ( 'NONE', *, *, #152, .T. ) ;
#7101 = LINE ( 'NONE', #7797, #3811 ) ;
#7102 = VERTEX_POINT ( 'NONE', #7154 ) ;
#7103 = COLOUR_RGB ( '',0.7294117647058823151, 0.5176470588235293491, 0.3058823529411764941 ) ;
#7104 = DIRECTION ( 'NONE',  ( 0.000000000000000000, -1.000000000000000000, 0.000000000000000000 ) ) ;
#7105 =( LENGTH_UNIT ( ) NAMED_UNIT ( * ) SI_UNIT ( .MILLI., .METRE. ) );
#7106 = VERTEX_POINT ( 'NONE', #2029 ) ;
#7107 = SURFACE_STYLE_USAGE ( .BOTH. , #5492 ) ;
#7108 = CARTESIAN_POINT ( 'NONE',  ( 6.000000000029100278, -1.000000000000000000, 0.000000000000000000 ) ) ;
#7109 = CARTESIAN_POINT ( 'NONE',  ( -3.250000000000000444, -0.2000000000000000111, -3.000000000000000000 ) ) ;
#7110 = PRODUCT_DEFINITION_SHAPE ( 'NONE', 'NONE',  #9307 ) ;
#7111 = ORIENTED_EDGE ( 'NONE', *, *, #9101, .T. ) ;
#7112 = EDGE_CURVE ( 'NONE', #790, #4145, #4422, .T. ) ;
#7113 = CARTESIAN_POINT ( 'NONE',  ( 4.049999999999999822, -2.799999999999999822, 0.000000000000000000 ) ) ;
#7114 = EDGE_CURVE ( 'NONE', #7106, #7297, #3968, .T. ) ;
#7115 = DIRECTION ( 'NONE',  ( 0.000000000000000000, -1.000000000000000000, -0.000000000000000000 ) ) ;
#7116 = ADVANCED_FACE ( 'NONE', ( #6453 ), #4176, .T. ) ;
#7117 = MECHANICAL_DESIGN_GEOMETRIC_PRESENTATION_REPRESENTATION (  '', ( #3194 ), #9213 ) ;
#7118 = SURFACE_STYLE_USAGE ( .BOTH. , #2744 ) ;
#7119 = DIRECTION ( 'NONE',  ( 0.000000000000000000, 0.000000000000000000, -1.000000000000000000 ) ) ;
#7120 = ORIENTED_EDGE ( 'NONE', *, *, #343, .T. ) ;
#7121 = EDGE_CURVE ( 'NONE', #1756, #9210, #8776, .T. ) ;
#7122 = UNCERTAINTY_MEASURE_WITH_UNIT (LENGTH_MEASURE( 1.000000000000000082E-05 ), #511, 'distance_accuracy_value', 'NONE');
#7123 = DIRECTION ( 'NONE',  ( -0.000000000000000000, -0.000000000000000000, 1.000000000000000000 ) ) ;
#7124 = PRESENTATION_LAYER_ASSIGNMENT (  '', '', ( #2167 ) ) ;
#7125 = ORIENTED_EDGE ( 'NONE', *, *, #4690, .T. ) ;
#7126 = VECTOR ( 'NONE', #905, 1000.000000000000000 ) ;
#7127 = SURFACE_STYLE_FILL_AREA ( #6982 ) ;
#7128 = EDGE_CURVE ( 'NONE', #3352, #8765, #7417, .T. ) ;
#7129 = CARTESIAN_POINT ( 'NONE',  ( 3.649999999999999911, -2.050345047162350109, 1.000000000000000000 ) ) ;
#7130 = CARTESIAN_POINT ( 'NONE',  ( -3.250000000000000888, 2.299999999979629894, 2.250000000000000444 ) ) ;
#7131 =( GEOMETRIC_REPRESENTATION_CONTEXT ( 3 ) GLOBAL_UNCERTAINTY_ASSIGNED_CONTEXT ( ( #8708 ) ) GLOBAL_UNIT_ASSIGNED_CONTEXT ( ( #2394, #3150, #7712 ) ) REPRESENTATION_CONTEXT ( 'NONE', 'WORKASPACE' ) );
#7132 = SURFACE_STYLE_FILL_AREA ( #3857 ) ;
#7133 = VERTEX_POINT ( 'NONE', #2338 ) ;
#7134 = ORIENTED_EDGE ( 'NONE', *, *, #8094, .T. ) ;
#7135 = VERTEX_POINT ( 'NONE', #4596 ) ;
#7136 = VECTOR ( 'NONE', #8870, 1000.000000000000114 ) ;
#7137 = EDGE_CURVE ( 'NONE', #3176, #3152, #1671, .T. ) ;
#7138 = UNCERTAINTY_MEASURE_WITH_UNIT (LENGTH_MEASURE( 1.000000000000000082E-05 ), #5324, 'distance_accuracy_value', 'NONE');
#7139 = FILL_AREA_STYLE_COLOUR ( '', #4504 ) ;
#7140 =( LENGTH_UNIT ( ) NAMED_UNIT ( * ) SI_UNIT ( .MILLI., .METRE. ) );
#7141 = STYLED_ITEM ( 'NONE', ( #5974 ), #6880 ) ;
#7142 = VERTEX_POINT ( 'NONE', #4506 ) ;
#7143 = ORIENTED_EDGE ( 'NONE', *, *, #6245, .F. ) ;
#7144 = CARTESIAN_POINT ( 'NONE',  ( 5.800000000029100100, -2.299999999979629894, 0.000000000000000000 ) ) ;
#7145 =( GEOMETRIC_REPRESENTATION_CONTEXT ( 3 ) GLOBAL_UNCERTAINTY_ASSIGNED_CONTEXT ( ( #3460 ) ) GLOBAL_UNIT_ASSIGNED_CONTEXT ( ( #2786, #8512, #4946 ) ) REPRESENTATION_CONTEXT ( 'NONE', 'WORKASPACE' ) );
#7146 = DIRECTION ( 'NONE',  ( 0.000000000000000000, 1.000000000000000000, -0.000000000000000000 ) ) ;
#7147 = PRESENTATION_STYLE_ASSIGNMENT (( #3662 ) ) ;
#7148 =( NAMED_UNIT ( * ) PLANE_ANGLE_UNIT ( ) SI_UNIT ( $, .RADIAN. ) );
#7149 = CARTESIAN_POINT ( 'NONE',  ( -5.800000000029100100, 2.799999999999999822, 3.321173431502630446 ) ) ;
#7150 = ORIENTED_EDGE ( 'NONE', *, *, #5364, .F. ) ;
#7151 = SURFACE_SIDE_STYLE ('',( #6344 ) ) ;
#7152 = AXIS2_PLACEMENT_3D ( 'NONE', #5031, #8606, #2922 ) ;
#7153 = COLOUR_RGB ( '',0.7450980392156862919, 0.7372549019607843590, 0.7294117647058823151 ) ;
#7154 = CARTESIAN_POINT ( 'NONE',  ( 6.000000000029100278, 2.299999999989815080, 3.442489127153391060 ) ) ;
#7155 = VERTEX_POINT ( 'NONE', #235 ) ;
#7156 = ADVANCED_FACE ( 'NONE', ( #3099 ), #5252, .F. ) ;
#7157 = PRESENTATION_STYLE_ASSIGNMENT (( #8607 ) ) ;
#7158 =( GEOMETRIC_REPRESENTATION_CONTEXT ( 3 ) GLOBAL_UNCERTAINTY_ASSIGNED_CONTEXT ( ( #1294 ) ) GLOBAL_UNIT_ASSIGNED_CONTEXT ( ( #7140, #2768, #1362 ) ) REPRESENTATION_CONTEXT ( 'NONE', 'WORKASPACE' ) );
#7159 = ORIENTED_EDGE ( 'NONE', *, *, #5886, .F. ) ;
#7160 = DIRECTION ( 'NONE',  ( 1.000000000000000000, 0.000000000000000000, 0.000000000000000000 ) ) ;
#7161 = ORIENTED_EDGE ( 'NONE', *, *, #2651, .T. ) ;
#7162 = ADVANCED_FACE ( 'NONE', ( #986 ), #8048, .T. ) ;
#7163 = EDGE_CURVE ( 'NONE', #5617, #1002, #8264, .T. ) ;
#7164 = LINE ( 'NONE', #8434, #8265 ) ;
#7165 = CARTESIAN_POINT ( 'NONE',  ( -4.049999999999999822, 2.799999999999999822, 2.250000000000000444 ) ) ;
#7166 = MECHANICAL_DESIGN_GEOMETRIC_PRESENTATION_REPRESENTATION (  '', ( #1160 ), #3859 ) ;
#7167 = CARTESIAN_POINT ( 'NONE',  ( -5.957735026948062895, 2.257735026898592956, 5.457735026918961729 ) ) ;
#7168 = ORIENTED_EDGE ( 'NONE', *, *, #2863, .F. ) ;
#7169 = CARTESIAN_POINT ( 'NONE',  ( -4.049999999999999822, -2.799999999999999822, 2.250000000000000444 ) ) ;
#7170 = ADVANCED_FACE ( 'NONE', ( #1268 ), #8212, .F. ) ;
#7171 = APPLICATION_CONTEXT ( 'automotive_design' ) ;
#7172 = EDGE_CURVE ( 'NONE', #6609, #3823, #6863, .T. ) ;
#7173 = ORIENTED_EDGE ( 'NONE', *, *, #7800, .T. ) ;
#7174 = VERTEX_POINT ( 'NONE', #6816 ) ;
#7175 = FILL_AREA_STYLE_COLOUR ( '', #6003 ) ;
#7176 = UNCERTAINTY_MEASURE_WITH_UNIT (LENGTH_MEASURE( 1.000000000000000082E-05 ), #6256, 'distance_accuracy_value', 'NONE');
#7177 = MECHANICAL_DESIGN_GEOMETRIC_PRESENTATION_REPRESENTATION (  '', ( #5209 ), #6731 ) ;
#7178 = FILL_AREA_STYLE_COLOUR ( '', #1058 ) ;
#7179 = PRESENTATION_STYLE_ASSIGNMENT (( #1529 ) ) ;
#7180 = CARTESIAN_POINT ( 'NONE',  ( 0.000000000000000000, 0.000000000000000000, 0.000000000000000000 ) ) ;
#7181 = ORIENTED_EDGE ( 'NONE', *, *, #2001, .F. ) ;
#7182 = ADVANCED_FACE ( 'NONE', ( #4113 ), #6099, .T. ) ;
#7183 = EDGE_CURVE ( 'NONE', #5758, #1817, #1490, .T. ) ;
#7184 = PRESENTATION_STYLE_ASSIGNMENT (( #7936 ) ) ;
#7185 = EDGE_LOOP ( 'NONE', ( #3703, #3036, #3806, #902 ) ) ;
#7186 = DIRECTION ( 'NONE',  ( -1.000000000000000000, 0.000000000000000000, 4.440892098500620245E-16 ) ) ;
#7187 = PLANE ( 'NONE',  #7795 ) ;
#7188 = VECTOR ( 'NONE', #3500, 1000.000000000000000 ) ;
#7189 = CARTESIAN_POINT ( 'NONE',  ( -6.066934131677707676, 2.108158727461594939, 5.424094889548316090 ) ) ;
#7190 = COLOUR_RGB ( '',0.7450980392156862919, 0.7372549019607843590, 0.7294117647058823151 ) ;
#7191 = CARTESIAN_POINT ( 'NONE',  ( 6.000000000029100278, 2.199999999979629806, 0.000000000000000000 ) ) ;
#7192 = ORIENTED_EDGE ( 'NONE', *, *, #7053, .T. ) ;
#7193 =( NAMED_UNIT ( * ) SI_UNIT ( $, .STERADIAN. ) SOLID_ANGLE_UNIT ( ) );
#7194 =( GEOMETRIC_REPRESENTATION_CONTEXT ( 3 ) GLOBAL_UNCERTAINTY_ASSIGNED_CONTEXT ( ( #8041 ) ) GLOBAL_UNIT_ASSIGNED_CONTEXT ( ( #5986, #6695, #823 ) ) REPRESENTATION_CONTEXT ( 'NONE', 'WORKASPACE' ) );
#7195 = ORIENTED_EDGE ( 'NONE', *, *, #478, .F. ) ;
#7196 =( GEOMETRIC_REPRESENTATION_CONTEXT ( 3 ) GLOBAL_UNCERTAINTY_ASSIGNED_CONTEXT ( ( #9201 ) ) GLOBAL_UNIT_ASSIGNED_CONTEXT ( ( #7105, #702, #8594 ) ) REPRESENTATION_CONTEXT ( 'NONE', 'WORKASPACE' ) );
#7197 = COLOUR_RGB ( '',0.2862745098039215508, 0.2862745098039215508, 0.2862745098039215508 ) ;
#7198 = SURFACE_STYLE_FILL_AREA ( #6548 ) ;
#7199 = PLANE ( 'NONE',  #4318 ) ;
#7200 = DIRECTION ( 'NONE',  ( 0.000000000000000000, 0.000000000000000000, -1.000000000000000000 ) ) ;
#7201 = DIRECTION ( 'NONE',  ( -0.000000000000000000, -0.000000000000000000, -1.000000000000000000 ) ) ;
#7202 = VERTEX_POINT ( 'NONE', #3524 ) ;
#7203 = COLOUR_RGB ( '',0.7450980392156862919, 0.7372549019607843590, 0.7294117647058823151 ) ;
#7204 = EDGE_CURVE ( 'NONE', #1002, #1457, #7101, .T. ) ;
#7205 = SURFACE_STYLE_FILL_AREA ( #6509 ) ;
#7206 =( NAMED_UNIT ( * ) SI_UNIT ( $, .STERADIAN. ) SOLID_ANGLE_UNIT ( ) );
#7207 = DIRECTION ( 'NONE',  ( 0.7071067811865473507, 0.000000000000000000, 0.7071067811865477948 ) ) ;
#7208 =( LENGTH_UNIT ( ) NAMED_UNIT ( * ) SI_UNIT ( .MILLI., .METRE. ) );
#7209 = LINE ( 'NONE', #5791, #5687 ) ;
#7210 = FILL_AREA_STYLE_COLOUR ( '', #3420 ) ;
#7211 = ORIENTED_EDGE ( 'NONE', *, *, #3091, .F. ) ;
#7212 =( NAMED_UNIT ( * ) SI_UNIT ( $, .STERADIAN. ) SOLID_ANGLE_UNIT ( ) );
#7213 = STYLED_ITEM ( 'NONE', ( #8196 ), #3605 ) ;
#7214 = ADVANCED_FACE ( 'NONE', ( #3486 ), #4925, .T. ) ;
#7215 = ORIENTED_EDGE ( 'NONE', *, *, #2693, .F. ) ;
#7216 = ORIENTED_EDGE ( 'NONE', *, *, #6769, .T. ) ;
#7217 = CARTESIAN_POINT ( 'NONE',  ( 0.5499999999999992673, -2.099999999979630161, 4.750000000000000000 ) ) ;
#7218 = EDGE_CURVE ( 'NONE', #2792, #3131, #2306, .T. ) ;
#7219 =( NAMED_UNIT ( * ) PLANE_ANGLE_UNIT ( ) SI_UNIT ( $, .RADIAN. ) );
#7220 = ADVANCED_FACE ( 'NONE', ( #2814 ), #5670, .T. ) ;
#7221 = ORIENTED_EDGE ( 'NONE', *, *, #4654, .T. ) ;
#7222 = DIRECTION ( 'NONE',  ( 0.000000000000000000, -1.000000000000000000, -0.000000000000000000 ) ) ;
#7223 = VERTEX_POINT ( 'NONE', #5757 ) ;
#7224 = CARTESIAN_POINT ( 'NONE',  ( -2.950000000000000178, -2.799999999999999822, -4.750000000000000000 ) ) ;
#7225 =( BOUNDED_SURFACE ( )  B_SPLINE_SURFACE ( 3, 3, ( 
 ( #3039, #3917, #2324, #7359 ),
 ( #362, #928, #5191, #6658 ),
 ( #5992, #219, #3080, #5945 ),
 ( #2367, #7451, #8852, #602 ) ),
 .UNSPECIFIED., .F., .F., .F. ) 
 B_SPLINE_SURFACE_WITH_KNOTS ( ( 4, 4 ),
 ( 4, 4 ),
 ( 0.000000000000000000, 1.000000000000000000 ),
 ( 0.000000000000000000, 1.000000000000000000 ),
 .UNSPECIFIED. ) 
 GEOMETRIC_REPRESENTATION_ITEM ( )  RATIONAL_B_SPLINE_SURFACE ( (
 ( 1.000000000000000000, 0.3333333333333320381, 0.3333333333333320381, 1.000000000000000000),
 ( 0.9245018060306351426, 0.3081672686768771596, 0.3081672686768771596, 0.9245018060306351426),
 ( 0.9245018060306351426, 0.3081672686768771596, 0.3081672686768771596, 0.9245018060306351426),
 ( 1.000000000000000000, 0.3333333333333320381, 0.3333333333333320381, 1.000000000000000000) ) ) 
 REPRESENTATION_ITEM ( '' )  SURFACE ( )  );
#7226 = DIRECTION ( 'NONE',  ( 1.000000000000000000, 0.000000000000000000, -0.000000000000000000 ) ) ;
#7227 = EDGE_CURVE ( 'NONE', #7142, #3867, #7843, .T. ) ;
#7228 =( LENGTH_UNIT ( ) NAMED_UNIT ( * ) SI_UNIT ( .MILLI., .METRE. ) );
#7229 = CARTESIAN_POINT ( 'NONE',  ( -5.957735026948062895, 2.257735026898592956, 5.457735026918962618 ) ) ;
#7230 = DIRECTION ( 'NONE',  ( 0.000000000000000000, 0.000000000000000000, 1.000000000000000000 ) ) ;
#7231 = PRESENTATION_STYLE_ASSIGNMENT (( #3622 ) ) ;
#7232 = CARTESIAN_POINT ( 'NONE',  ( 5.900000000029099745, 2.199999999979629806, 5.400000000000000355 ) ) ;
#7233 = LINE ( 'NONE', #8, #5030 ) ;
#7234 = ORIENTED_EDGE ( 'NONE', *, *, #3834, .T. ) ;
#7235 = MECHANICAL_DESIGN_GEOMETRIC_PRESENTATION_REPRESENTATION (  '', ( #7697 ), #4991 ) ;
#7236 = FILL_AREA_STYLE ('',( #1380 ) ) ;
#7237 = LINE ( 'NONE', #7955, #6889 ) ;
#7238 =( LENGTH_UNIT ( ) NAMED_UNIT ( * ) SI_UNIT ( .MILLI., .METRE. ) );
#7239 = CARTESIAN_POINT ( 'NONE',  ( -3.250000000000000444, 0.2000000000000000389, -2.799999999999999378 ) ) ;
#7240 = DIRECTION ( 'NONE',  ( -0.7071067811865470176, 0.000000000000000000, 0.7071067811865480168 ) ) ;
#7241 = ORIENTED_EDGE ( 'NONE', *, *, #904, .T. ) ;
#7242 = AXIS2_PLACEMENT_3D ( 'NONE', #810, #4466, #3766 ) ;
#7243 = SURFACE_STYLE_FILL_AREA ( #1507 ) ;
#7244 = CARTESIAN_POINT ( 'NONE',  ( 3.049999999999999822, 0.2000000000000000944, -3.000000000000000000 ) ) ;
#7245 =( GEOMETRIC_REPRESENTATION_CONTEXT ( 3 ) GLOBAL_UNCERTAINTY_ASSIGNED_CONTEXT ( ( #5286 ) ) GLOBAL_UNIT_ASSIGNED_CONTEXT ( ( #4773, #2049, #5613 ) ) REPRESENTATION_CONTEXT ( 'NONE', 'WORKASPACE' ) );
#7246 =( LENGTH_UNIT ( ) NAMED_UNIT ( * ) SI_UNIT ( .MILLI., .METRE. ) );
#7247 =( LENGTH_UNIT ( ) NAMED_UNIT ( * ) SI_UNIT ( .MILLI., .METRE. ) );
#7248 = EDGE_CURVE ( 'NONE', #6474, #7299, #2468, .T. ) ;
#7249 = CARTESIAN_POINT ( 'NONE',  ( -5.900000000029100633, 2.199999999979629806, 1.000000000000000000 ) ) ;
#7250 = CARTESIAN_POINT ( 'NONE',  ( -6.000000000029100278, 2.299999999979629894, 0.000000000000000000 ) ) ;
#7251 = ORIENTED_EDGE ( 'NONE', *, *, #3203, .T. ) ;
#7252 = PRESENTATION_STYLE_ASSIGNMENT (( #8526 ) ) ;
#7253 = ORIENTED_EDGE ( 'NONE', *, *, #2578, .T. ) ;
#7254 = CARTESIAN_POINT ( 'NONE',  ( 6.500000000000000888, -1.000000000000000000, 0.000000000000000000 ) ) ;
#7255 = ORIENTED_EDGE ( 'NONE', *, *, #1124, .T. ) ;
#7256 = EDGE_LOOP ( 'NONE', ( #6627, #6723, #4479, #7882 ) ) ;
#7257 = CARTESIAN_POINT ( 'NONE',  ( 2.850000000000000089, 0.1000000000000000056, -2.899999999999999911 ) ) ;
#7258 = CARTESIAN_POINT ( 'NONE',  ( 5.808158727511062658, 2.366934131628241289, 5.424094889548317866 ) ) ;
#7259 = EDGE_CURVE ( 'NONE', #3447, #3676, #5857, .T. ) ;
#7260 = VECTOR ( 'NONE', #8355, 1000.000000000000000 ) ;
#7261 = CARTESIAN_POINT ( 'NONE',  ( 3.250000000000000444, -2.799999999999999822, 0.5000000000000000000 ) ) ;
#7262 = FILL_AREA_STYLE ('',( #2953 ) ) ;
#7263 = DIRECTION ( 'NONE',  ( 1.000000000000000000, 0.000000000000000000, 0.000000000000000000 ) ) ;
#7264 = AXIS2_PLACEMENT_3D ( 'NONE', #5344, #288, #1036 ) ;
#7265 = FILL_AREA_STYLE ('',( #5807 ) ) ;
#7266 = VERTEX_POINT ( 'NONE', #7986 ) ;
#7267 = EDGE_LOOP ( 'NONE', ( #5648, #6196, #6933, #1157 ) ) ;
#7268 = FACE_OUTER_BOUND ( 'NONE', #1728, .T. ) ;
#7269 = UNCERTAINTY_MEASURE_WITH_UNIT (LENGTH_MEASURE( 1.000000000000000082E-05 ), #1273, 'distance_accuracy_value', 'NONE');
#7270 = EDGE_CURVE ( 'NONE', #6991, #3022, #6532, .T. ) ;
#7271 = MECHANICAL_DESIGN_GEOMETRIC_PRESENTATION_REPRESENTATION (  '', ( #222 ), #5912 ) ;
#7272 = DIRECTION ( 'NONE',  ( 1.000000000000000000, -4.770489558936207519E-14, 0.000000000000000000 ) ) ;
#7273 = COLOUR_RGB ( '',0.7450980392156862919, 0.7372549019607843590, 0.7294117647058823151 ) ;
#7274 = CARTESIAN_POINT ( 'NONE',  ( -5.933062582922062234, 2.291030663905768705, 5.375094501859784657 ) ) ;
#7275 = SURFACE_STYLE_USAGE ( .BOTH. , #5726 ) ;
#7276 = DIRECTION ( 'NONE',  ( -0.000000000000000000, -1.000000000000000000, 0.000000000000000000 ) ) ;
#7277 = SURFACE_STYLE_USAGE ( .BOTH. , #8819 ) ;
#7278 = MECHANICAL_DESIGN_GEOMETRIC_PRESENTATION_REPRESENTATION (  '', ( #5318 ), #5918 ) ;
#7279 = EDGE_CURVE ( 'NONE', #1896, #2004, #2958, .T. ) ;
#7280 = EDGE_CURVE ( 'NONE', #8221, #6999, #179, .T. ) ;
#7281 =( GEOMETRIC_REPRESENTATION_CONTEXT ( 3 ) GLOBAL_UNCERTAINTY_ASSIGNED_CONTEXT ( ( #8330 ) ) GLOBAL_UNIT_ASSIGNED_CONTEXT ( ( #1873, #5451, #6207 ) ) REPRESENTATION_CONTEXT ( 'NONE', 'WORKASPACE' ) );
#7282 =( NAMED_UNIT ( * ) PLANE_ANGLE_UNIT ( ) SI_UNIT ( $, .RADIAN. ) );
#7283 = FILL_AREA_STYLE ('',( #8608 ) ) ;
#7284 = SURFACE_SIDE_STYLE ('',( #2926 ) ) ;
#7285 = MECHANICAL_DESIGN_GEOMETRIC_PRESENTATION_REPRESENTATION (  '', ( #5035 ), #1297 ) ;
#7286 = ORIENTED_EDGE ( 'NONE', *, *, #3892, .T. ) ;
#7287 = SURFACE_STYLE_FILL_AREA ( #5919 ) ;
#7288 = CARTESIAN_POINT ( 'NONE',  ( 5.800000000029100100, 2.200000000000000178, 5.500000000000000000 ) ) ;
#7289 = PRESENTATION_LAYER_ASSIGNMENT (  '', '', ( #2048 ) ) ;
#7290 = VECTOR ( 'NONE', #7452, 1000.000000000000000 ) ;
#7291 = FILL_AREA_STYLE_COLOUR ( '', #3871 ) ;
#7292 = CARTESIAN_POINT ( 'NONE',  ( -5.991030663955239532, -2.233062582872591406, 5.375094501859784657 ) ) ;
#7293 = CARTESIAN_POINT ( 'NONE',  ( 6.000000000029100278, -2.299999999979629894, 0.000000000000000000 ) ) ;
#7294 = DIRECTION ( 'NONE',  ( -0.7071067811865483499, 0.000000000000000000, 0.7071067811865467956 ) ) ;
#7295 = DIRECTION ( 'NONE',  ( 0.000000000000000000, 0.000000000000000000, -1.000000000000000000 ) ) ;
#7296 = DIRECTION ( 'NONE',  ( 0.000000000000000000, -0.000000000000000000, 1.000000000000000000 ) ) ;
#7297 = VERTEX_POINT ( 'NONE', #5947 ) ;
#7298 =( LENGTH_UNIT ( ) NAMED_UNIT ( * ) SI_UNIT ( .MILLI., .METRE. ) );
#7299 = VERTEX_POINT ( 'NONE', #834 ) ;
#7300 = PRESENTATION_STYLE_ASSIGNMENT (( #4383 ) ) ;
#7301 = AXIS2_PLACEMENT_3D ( 'NONE', #6128, #6801, #4583 ) ;
#7302 = ORIENTED_EDGE ( 'NONE', *, *, #6308, .T. ) ;
#7303 = ORIENTED_EDGE ( 'NONE', *, *, #3551, .F. ) ;
#7304 = LINE ( 'NONE', #8670, #7328 ) ;
#7305 = SURFACE_STYLE_USAGE ( .BOTH. , #8028 ) ;
#7306 = VECTOR ( 'NONE', #4601, 1000.000000000000000 ) ;
#7307 = CARTESIAN_POINT ( 'NONE',  ( 6.500000000000001776, -2.799999999999999822, 0.000000000000000000 ) ) ;
#7308 = AXIS2_PLACEMENT_3D ( 'NONE', #4181, #7065, #6350 ) ;
#7309 = LINE ( 'NONE', #2736, #8289 ) ;
#7310 = DIRECTION ( 'NONE',  ( 1.000000000000000000, 0.000000000000000000, 0.000000000000000000 ) ) ;
#7311 = VECTOR ( 'NONE', #2564, 1000.000000000000000 ) ;
#7312 = DIRECTION ( 'NONE',  ( 1.000000000000000000, 0.000000000000000000, 0.000000000000000000 ) ) ;
#7313 = ORIENTED_EDGE ( 'NONE', *, *, #5188, .F. ) ;
#7314 = ORIENTED_EDGE ( 'NONE', *, *, #8925, .F. ) ;
#7315 = CARTESIAN_POINT ( 'NONE',  ( 0.2499999999999997780, -0.1000000000000000056, -2.799999999999999822 ) ) ;
#7316 = MECHANICAL_DESIGN_GEOMETRIC_PRESENTATION_REPRESENTATION (  '', ( #869 ), #1020 ) ;
#7317 = MECHANICAL_DESIGN_GEOMETRIC_PRESENTATION_REPRESENTATION (  '', ( #4612 ), #1615 ) ;
#7318 =( NAMED_UNIT ( * ) SI_UNIT ( $, .STERADIAN. ) SOLID_ANGLE_UNIT ( ) );
#7319 = CARTESIAN_POINT ( 'NONE',  ( -2.950000000000000178, 2.299999999979629894, 2.250000000000000444 ) ) ;
#7320 = PRESENTATION_STYLE_ASSIGNMENT (( #7275 ) ) ;
#7321 = DIRECTION ( 'NONE',  ( 1.000000000000000000, -0.000000000000000000, 0.000000000000000000 ) ) ;
#7322 = DIRECTION ( 'NONE',  ( -1.000000000000000000, -0.000000000000000000, -0.000000000000000000 ) ) ;
#7323 = STYLED_ITEM ( 'NONE', ( #2486 ), #1745 ) ;
#7324 =( NAMED_UNIT ( * ) PLANE_ANGLE_UNIT ( ) SI_UNIT ( $, .RADIAN. ) );
#7325 = ORIENTED_EDGE ( 'NONE', *, *, #6620, .F. ) ;
#7326 = EDGE_CURVE ( 'NONE', #2897, #2421, #4447, .T. ) ;
#7327 = SURFACE_SIDE_STYLE ('',( #8778 ) ) ;
#7328 = VECTOR ( 'NONE', #4440, 1000.000000000000000 ) ;
#7329 = FILL_AREA_STYLE ('',( #8643 ) ) ;
#7330 = DIRECTION ( 'NONE',  ( 0.000000000000000000, 0.000000000000000000, -1.000000000000000000 ) ) ;
#7331 = FACE_OUTER_BOUND ( 'NONE', #7397, .T. ) ;
#7332 = DIRECTION ( 'NONE',  ( 0.000000000000000000, -0.000000000000000000, -1.000000000000000000 ) ) ;
#7333 = CARTESIAN_POINT ( 'NONE',  ( 5.900000000029099745, -2.299999999979629894, 2.250000000000000000 ) ) ;
#7334 = ADVANCED_FACE ( 'NONE', ( #4398 ), #6625, .T. ) ;
#7335 =( GEOMETRIC_REPRESENTATION_CONTEXT ( 3 ) GLOBAL_UNCERTAINTY_ASSIGNED_CONTEXT ( ( #1162 ) ) GLOBAL_UNIT_ASSIGNED_CONTEXT ( ( #150, #8808, #5701 ) ) REPRESENTATION_CONTEXT ( 'NONE', 'WORKASPACE' ) );
#7336 = VERTEX_POINT ( 'NONE', #7363 ) ;
#7337 = FILL_AREA_STYLE_COLOUR ( '', #8505 ) ;
#7338 = CARTESIAN_POINT ( 'NONE',  ( -3.250000000000000444, 1.000000000000000000, 0.000000000000000000 ) ) ;
#7339 = AXIS2_PLACEMENT_3D ( 'NONE', #3185, #4554, #3759 ) ;
#7340 = VECTOR ( 'NONE', #4292, 1000.000000000000000 ) ;
#7341 =( LENGTH_UNIT ( ) NAMED_UNIT ( * ) SI_UNIT ( .MILLI., .METRE. ) );
#7342 =( LENGTH_UNIT ( ) NAMED_UNIT ( * ) SI_UNIT ( .MILLI., .METRE. ) );
#7343 =( LENGTH_UNIT ( ) NAMED_UNIT ( * ) SI_UNIT ( .MILLI., .METRE. ) );
#7344 = SURFACE_SIDE_STYLE ('',( #5223 ) ) ;
#7345 = CARTESIAN_POINT ( 'NONE',  ( -5.944721359579096642, 2.289442719079620492, 5.400000000000000355 ) ) ;
#7346 = FACE_OUTER_BOUND ( 'NONE', #1244, .T. ) ;
#7347 = EDGE_LOOP ( 'NONE', ( #1523, #491, #3258, #3665 ) ) ;
#7348 =( NAMED_UNIT ( * ) PLANE_ANGLE_UNIT ( ) SI_UNIT ( $, .RADIAN. ) );
#7349 = STYLED_ITEM ( 'NONE', ( #7147 ), #4929 ) ;
#7350 = ORIENTED_EDGE ( 'NONE', *, *, #2593, .T. ) ;
#7351 = DIRECTION ( 'NONE',  ( 0.000000000000000000, 1.000000000000000000, 0.000000000000000000 ) ) ;
#7352 = LINE ( 'NONE', #5987, #1257 ) ;
#7353 = AXIS2_PLACEMENT_3D ( 'NONE', #8646, #2177, #2297 ) ;
#7354 = ORIENTED_EDGE ( 'NONE', *, *, #2629, .F. ) ;
#7355 = FILL_AREA_STYLE ('',( #7977 ) ) ;
#7356 = DIRECTION ( 'NONE',  ( 0.000000000000000000, 0.000000000000000000, 1.000000000000000000 ) ) ;
#7357 =( GEOMETRIC_REPRESENTATION_CONTEXT ( 3 ) GLOBAL_UNCERTAINTY_ASSIGNED_CONTEXT ( ( #3794 ) ) GLOBAL_UNIT_ASSIGNED_CONTEXT ( ( #8033, #8631, #5050 ) ) REPRESENTATION_CONTEXT ( 'NONE', 'WORKASPACE' ) );
#7358 = PRESENTATION_LAYER_ASSIGNMENT (  '', '', ( #7213 ) ) ;
#7359 = CARTESIAN_POINT ( 'NONE',  ( 5.957735026948062007, -2.257735026898593400, 1.042264973081036050 ) ) ;
#7360 = DIRECTION ( 'NONE',  ( -1.000000000000000000, -0.000000000000000000, -0.000000000000000000 ) ) ;
#7361 = SURFACE_SIDE_STYLE ('',( #6037 ) ) ;
#7362 =( LENGTH_UNIT ( ) NAMED_UNIT ( * ) SI_UNIT ( .MILLI., .METRE. ) );
#7363 = CARTESIAN_POINT ( 'NONE',  ( 3.117763191479099749, -2.099999999979630161, 2.250000000000000444 ) ) ;
#7364 = ORIENTED_EDGE ( 'NONE', *, *, #7172, .T. ) ;
#7365 = VERTEX_POINT ( 'NONE', #6662 ) ;
#7366 = VECTOR ( 'NONE', #3199, 1000.000000000000000 ) ;
#7367 = CARTESIAN_POINT ( 'NONE',  ( 5.957735026948060231, -2.257735026898592956, 5.457735026918965282 ) ) ;
#7368 = UNCERTAINTY_MEASURE_WITH_UNIT (LENGTH_MEASURE( 1.000000000000000082E-05 ), #5934, 'distance_accuracy_value', 'NONE');
#7369 =( NAMED_UNIT ( * ) PLANE_ANGLE_UNIT ( ) SI_UNIT ( $, .RADIAN. ) );
#7370 =( NAMED_UNIT ( * ) PLANE_ANGLE_UNIT ( ) SI_UNIT ( $, .RADIAN. ) );
#7371 = PRESENTATION_STYLE_ASSIGNMENT (( #8773 ) ) ;
#7372 =( LENGTH_UNIT ( ) NAMED_UNIT ( * ) SI_UNIT ( .MILLI., .METRE. ) );
#7373 = VECTOR ( 'NONE', #7720, 1000.000000000000114 ) ;
#7374 = CARTESIAN_POINT ( 'NONE',  ( -6.000000000029100278, 2.299999999979629894, 3.440418332022770365 ) ) ;
#7375 = SURFACE_STYLE_FILL_AREA ( #8090 ) ;
#7376 = ORIENTED_EDGE ( 'NONE', *, *, #8239, .T. ) ;
#7377 = CARTESIAN_POINT ( 'NONE',  ( -5.800000000029100100, 0.000000000000000000, 5.500000000000000000 ) ) ;
#7378 = COLOUR_RGB ( '',0.7450980392156862919, 0.7372549019607843590, 0.7294117647058823151 ) ;
#7379 = CARTESIAN_POINT ( 'NONE',  ( 2.750000000000000000, -0.2000000000000000111, 0.000000000000000000 ) ) ;
#7380 = PRESENTATION_STYLE_ASSIGNMENT (( #8098 ) ) ;
#7381 = FILL_AREA_STYLE ('',( #3804 ) ) ;
#7382 = LINE ( 'NONE', #943, #8589 ) ;
#7383 = EDGE_LOOP ( 'NONE', ( #1758, #3781, #8820, #8928 ) ) ;
#7384 = LINE ( 'NONE', #5261, #381 ) ;
#7385 = DIRECTION ( 'NONE',  ( -0.000000000000000000, 1.000000000000000000, 0.000000000000000000 ) ) ;
#7386 = PLANE ( 'NONE',  #4274 ) ;
#7387 = AXIS2_PLACEMENT_3D ( 'NONE', #853, #7957, #7240 ) ;
#7388 = ADVANCED_FACE ( 'NONE', ( #3086 ), #2921, .T. ) ;
#7389 = DIRECTION ( 'NONE',  ( 0.000000000000000000, 0.000000000000000000, -1.000000000000000000 ) ) ;
#7390 =( NAMED_UNIT ( * ) PLANE_ANGLE_UNIT ( ) SI_UNIT ( $, .RADIAN. ) );
#7391 = DIRECTION ( 'NONE',  ( -0.000000000000000000, -0.000000000000000000, -1.000000000000000000 ) ) ;
#7392 = DIRECTION ( 'NONE',  ( 0.000000000000000000, 0.000000000000000000, 1.000000000000000000 ) ) ;
#7393 = PRESENTATION_LAYER_ASSIGNMENT (  '', '', ( #3646 ) ) ;
#7394 = STYLED_ITEM ( 'NONE', ( #5376 ), #6280 ) ;
#7395 = CARTESIAN_POINT ( 'NONE',  ( -6.250000000014550139, -2.500000000000000000, 3.250000000000000444 ) ) ;
#7396 = PLANE ( 'NONE',  #7740 ) ;
#7397 = EDGE_LOOP ( 'NONE', ( #8431, #3393, #5887, #5781 ) ) ;
#7398 = SURFACE_STYLE_USAGE ( .BOTH. , #1057 ) ;
#7399 = ORIENTED_EDGE ( 'NONE', *, *, #1076, .T. ) ;
#7400 = SURFACE_STYLE_FILL_AREA ( #2990 ) ;
#7401 = ORIENTED_EDGE ( 'NONE', *, *, #4040, .F. ) ;
#7402 = CARTESIAN_POINT ( 'NONE',  ( 2.949999999999999734, -2.299999999979629894, 2.250000000000000444 ) ) ;
#7403 =( NAMED_UNIT ( * ) SI_UNIT ( $, .STERADIAN. ) SOLID_ANGLE_UNIT ( ) );
#7404 = CIRCLE ( 'NONE', #9050, 0.1000000000000002554 ) ;
#7405 =( NAMED_UNIT ( * ) PLANE_ANGLE_UNIT ( ) SI_UNIT ( $, .RADIAN. ) );
#7406 = ORIENTED_EDGE ( 'NONE', *, *, #4255, .T. ) ;
#7407 = APPLICATION_PROTOCOL_DEFINITION ( 'draft international standard', 'automotive_design', 1998, #7171 ) ;
#7408 = ORIENTED_EDGE ( 'NONE', *, *, #7949, .F. ) ;
#7409 = ORIENTED_EDGE ( 'NONE', *, *, #1700, .T. ) ;
#7410 = MECHANICAL_DESIGN_GEOMETRIC_PRESENTATION_REPRESENTATION (  '', ( #2167 ), #6665 ) ;
#7411 = ADVANCED_FACE ( 'NONE', ( #8097 ), #4461, .T. ) ;
#7412 = CARTESIAN_POINT ( 'NONE',  ( 5.875094501888884935, -2.233062582872590962, 5.491030663926140143 ) ) ;
#7413 = FILL_AREA_STYLE_COLOUR ( '', #3098 ) ;
#7414 = DIRECTION ( 'NONE',  ( -1.000000000000000000, -1.193253363971189941E-16, 0.000000000000000000 ) ) ;
#7415 = CARTESIAN_POINT ( 'NONE',  ( -5.981304907480786248, -2.257735026898591624, 1.065834853613755850 ) ) ;
#7416 = STYLED_ITEM ( 'NONE', ( #8177 ), #639 ) ;
#7417 = CIRCLE ( 'NONE', #9063, 0.6000000000000000888 ) ;
#7418 = DIRECTION ( 'NONE',  ( 0.8192319205190408127, 0.5734623443633279916, -3.875838667619849496E-16 ) ) ;
#7419 = EDGE_LOOP ( 'NONE', ( #8293, #6039, #2730, #1365, #1709, #4795 ) ) ;
#7420 = FACE_OUTER_BOUND ( 'NONE', #3924, .T. ) ;
#7421 = AXIS2_PLACEMENT_3D ( 'NONE', #1736, #2307, #4667 ) ;
#7422 = CIRCLE ( 'NONE', #3961, 0.1000000000000002554 ) ;
#7423 = CARTESIAN_POINT ( 'NONE',  ( 5.957735026948062007, 2.257735026898592068, 5.457735026918963506 ) ) ;
#7424 = SURFACE_STYLE_FILL_AREA ( #3629 ) ;
#7425 =( NAMED_UNIT ( * ) PLANE_ANGLE_UNIT ( ) SI_UNIT ( $, .RADIAN. ) );
#7426 = SURFACE_SIDE_STYLE ('',( #1679 ) ) ;
#7427 = ORIENTED_EDGE ( 'NONE', *, *, #5678, .F. ) ;
#7428 = CIRCLE ( 'NONE', #5027, 0.1000000000000000472 ) ;
#7429 =( LENGTH_UNIT ( ) NAMED_UNIT ( * ) SI_UNIT ( .MILLI., .METRE. ) );
#7430 = CARTESIAN_POINT ( 'NONE',  ( 3.250000000000000444, 2.799999999999999822, 1.100000000000000089 ) ) ;
#7431 = LINE ( 'NONE', #8871, #7472 ) ;
#7432 = AXIS2_PLACEMENT_3D ( 'NONE', #5130, #6563, #6650 ) ;
#7433 = CARTESIAN_POINT ( 'NONE',  ( 2.950000000000000178, -2.799999999999999822, 2.250000000000000444 ) ) ;
#7434 = VECTOR ( 'NONE', #9269, 1000.000000000000000 ) ;
#7435 = DIRECTION ( 'NONE',  ( 0.000000000000000000, 1.000000000000000000, 0.000000000000000000 ) ) ;
#7436 = MECHANICAL_DESIGN_GEOMETRIC_PRESENTATION_REPRESENTATION (  '', ( #3548 ), #8665 ) ;
#7437 =( NAMED_UNIT ( * ) SI_UNIT ( $, .STERADIAN. ) SOLID_ANGLE_UNIT ( ) );
#7438 = AXIS2_PLACEMENT_3D ( 'NONE', #5647, #7724, #5034 ) ;
#7439 = DIRECTION ( 'NONE',  ( -1.000000000000000000, -0.000000000000000000, 0.000000000000000000 ) ) ;
#7440 = FILL_AREA_STYLE ('',( #5409 ) ) ;
#7441 = DIRECTION ( 'NONE',  ( -1.000000000000000000, -0.000000000000000000, -0.000000000000000000 ) ) ;
#7442 = MANIFOLD_SOLID_BREP ( 'Imported1', #6241 ) ;
#7443 = ORIENTED_EDGE ( 'NONE', *, *, #784, .T. ) ;
#7444 =( NAMED_UNIT ( * ) SI_UNIT ( $, .STERADIAN. ) SOLID_ANGLE_UNIT ( ) );
#7445 = CARTESIAN_POINT ( 'NONE',  ( -2.949999999999998845, -2.799999999999999822, 2.250000000000000444 ) ) ;
#7446 = FILL_AREA_STYLE ('',( #5274 ) ) ;
#7447 = AXIS2_PLACEMENT_3D ( 'NONE', #8044, #5813, #5201 ) ;
#7448 = EDGE_CURVE ( 'NONE', #7637, #4214, #7906, .T. ) ;
#7449 = ORIENTED_EDGE ( 'NONE', *, *, #2221, .T. ) ;
#7450 = CARTESIAN_POINT ( 'NONE',  ( 5.900000000029099745, 2.199999999979629806, 1.100000000000000089 ) ) ;
#7451 = CARTESIAN_POINT ( 'NONE',  ( 5.942030276266708100, -2.099191034116945964, 0.9420335616960372471 ) ) ;
#7452 = DIRECTION ( 'NONE',  ( -0.000000000000000000, 0.000000000000000000, -1.000000000000000000 ) ) ;
#7453 = EDGE_CURVE ( 'NONE', #1312, #1841, #1562, .T. ) ;
#7454 = ORIENTED_EDGE ( 'NONE', *, *, #1689, .F. ) ;
#7455 = SURFACE_STYLE_USAGE ( .BOTH. , #1661 ) ;
#7456 = ITEM_DEFINED_TRANSFORMATION ( 'NONE', 'NONE', #1343,  #5962 ) ;
#7457 = ORIENTED_EDGE ( 'NONE', *, *, #9256, .T. ) ;
#7458 = EDGE_LOOP ( 'NONE', ( #5165, #4822, #2900, #5910 ) ) ;
#7459 =( NAMED_UNIT ( * ) PLANE_ANGLE_UNIT ( ) SI_UNIT ( $, .RADIAN. ) );
#7460 = VECTOR ( 'NONE', #5469, 1000.000000000000000 ) ;
#7461 = UNCERTAINTY_MEASURE_WITH_UNIT (LENGTH_MEASURE( 1.000000000000000082E-05 ), #4617, 'distance_accuracy_value', 'NONE');
#7462 = DIRECTION ( 'NONE',  ( 0.000000000000000000, -1.000000000000000000, -0.000000000000000000 ) ) ;
#7463 = CARTESIAN_POINT ( 'NONE',  ( -5.957735026948062007, -2.257735026898592068, 1.042264973081037160 ) ) ;
#7464 = EDGE_CURVE ( 'NONE', #6764, #1551, #6541, .T. ) ;
#7465 = VECTOR ( 'NONE', #8940, 1000.000000000000000 ) ;
#7466 = EDGE_CURVE ( 'NONE', #3561, #1551, #7422, .T. ) ;
#7467 = COLOUR_RGB ( '',0.7450980392156862919, 0.7372549019607843590, 0.7294117647058823151 ) ;
#7468 = SURFACE_STYLE_FILL_AREA ( #282 ) ;
#7469 = ORIENTED_EDGE ( 'NONE', *, *, #9001, .F. ) ;
#7470 = AXIS2_PLACEMENT_3D ( 'NONE', #6770, #3178, #5382 ) ;
#7471 = PLANE ( 'NONE',  #3292 ) ;
#7472 = VECTOR ( 'NONE', #855, 1000.000000000000000 ) ;
#7473 =( GEOMETRIC_REPRESENTATION_CONTEXT ( 3 ) GLOBAL_UNCERTAINTY_ASSIGNED_CONTEXT ( ( #8168 ) ) GLOBAL_UNIT_ASSIGNED_CONTEXT ( ( #1364, #9207, #5625 ) ) REPRESENTATION_CONTEXT ( 'NONE', 'WORKASPACE' ) );
#7474 = CARTESIAN_POINT ( 'NONE',  ( 5.800000000029100100, 2.799999999999999822, 6.000000000000000000 ) ) ;
#7475 = DIRECTION ( 'NONE',  ( -0.5121093168028647558, 0.000000000000000000, 0.8589202801446145230 ) ) ;
#7476 = CARTESIAN_POINT ( 'NONE',  ( 0.000000000000000000, 2.799999999999999822, 0.000000000000000000 ) ) ;
#7477 = DIRECTION ( 'NONE',  ( -0.8192319205190404796, 0.5734623443633283246, 3.875838667619851961E-16 ) ) ;
#7478 = ORIENTED_EDGE ( 'NONE', *, *, #1798, .F. ) ;
#7479 = DIRECTION ( 'NONE',  ( 0.000000000000000000, -0.000000000000000000, -1.000000000000000000 ) ) ;
#7480 =( GEOMETRIC_REPRESENTATION_CONTEXT ( 3 ) GLOBAL_UNCERTAINTY_ASSIGNED_CONTEXT ( ( #1111 ) ) GLOBAL_UNIT_ASSIGNED_CONTEXT ( ( #5997, #476, #3218 ) ) REPRESENTATION_CONTEXT ( 'NONE', 'WORKASPACE' ) );
#7481 = VECTOR ( 'NONE', #3196, 1000.000000000000000 ) ;
#7482 = CARTESIAN_POINT ( 'NONE',  ( -2.950000000000000178, -8.300000000000000711, 4.750000000000000000 ) ) ;
#7483 =( GEOMETRIC_REPRESENTATION_CONTEXT ( 3 ) GLOBAL_UNCERTAINTY_ASSIGNED_CONTEXT ( ( #3970 ) ) GLOBAL_UNIT_ASSIGNED_CONTEXT ( ( #5495, #8407, #333 ) ) REPRESENTATION_CONTEXT ( 'NONE', 'WORKASPACE' ) );
#7484 = LINE ( 'NONE', #2496, #3730 ) ;
#7485 = CARTESIAN_POINT ( 'NONE',  ( 0.5499999999999990452, -2.099999999979630161, 2.250000000000000444 ) ) ;
#7486 = CARTESIAN_POINT ( 'NONE',  ( -2.750000000000000000, 0.2000000000000000111, -3.000000000000000000 ) ) ;
#7487 = DIRECTION ( 'NONE',  ( 0.000000000000000000, 0.000000000000000000, 1.000000000000000000 ) ) ;
#7488 = PRESENTATION_STYLE_ASSIGNMENT (( #3949 ) ) ;
#7489 =( NAMED_UNIT ( * ) SI_UNIT ( $, .STERADIAN. ) SOLID_ANGLE_UNIT ( ) );
#7490 = ORIENTED_EDGE ( 'NONE', *, *, #5433, .F. ) ;
#7491 = MECHANICAL_DESIGN_GEOMETRIC_PRESENTATION_REPRESENTATION (  '', ( #7641 ), #601 ) ;
#7492 = UNCERTAINTY_MEASURE_WITH_UNIT (LENGTH_MEASURE( 1.000000000000000082E-05 ), #4332, 'distance_accuracy_value', 'NONE');
#7493 =( LENGTH_UNIT ( ) NAMED_UNIT ( * ) SI_UNIT ( .MILLI., .METRE. ) );
#7494 = PRESENTATION_LAYER_ASSIGNMENT (  '', '', ( #2363 ) ) ;
#7495 = ORIENTED_EDGE ( 'NONE', *, *, #2884, .T. ) ;
#7496 = CARTESIAN_POINT ( 'NONE',  ( -3.250000000000000444, -2.799999999999999822, 2.250000000000000444 ) ) ;
#7497 = CARTESIAN_POINT ( 'NONE',  ( -6.000000000029100278, -1.149999999989810062, 5.400000000000000355 ) ) ;
#7498 = VECTOR ( 'NONE', #8085, 1000.000000000000000 ) ;
#7499 = EDGE_CURVE ( 'NONE', #2409, #1459, #6728, .T. ) ;
#7500 = FILL_AREA_STYLE ('',( #5373 ) ) ;
#7501 = EDGE_LOOP ( 'NONE', ( #6525, #4340, #2292, #321 ) ) ;
#7502 = SURFACE_STYLE_USAGE ( .BOTH. , #3270 ) ;
#7503 = STYLED_ITEM ( 'NONE', ( #636 ), #3184 ) ;
#7504 = PRODUCT_CONTEXT ( 'NONE', #2299, 'mechanical' ) ;
#7505 = VECTOR ( 'NONE', #8110, 1000.000000000000000 ) ;
#7506 = ORIENTED_EDGE ( 'NONE', *, *, #8550, .F. ) ;
#7507 = ORIENTED_EDGE ( 'NONE', *, *, #5041, .F. ) ;
#7508 = MECHANICAL_DESIGN_GEOMETRIC_PRESENTATION_REPRESENTATION (  '', ( #622 ), #907 ) ;
#7509 = ADVANCED_FACE ( 'NONE', ( #3936 ), #4284, .T. ) ;
#7510 = VECTOR ( 'NONE', #8960, 1000.000000000000000 ) ;
#7511 = UNCERTAINTY_MEASURE_WITH_UNIT (LENGTH_MEASURE( 1.000000000000000082E-05 ), #3774, 'distance_accuracy_value', 'NONE');
#7512 = CARTESIAN_POINT ( 'NONE',  ( -0.2500000000000000000, 0.2000000000000000111, 0.000000000000000000 ) ) ;
#7513 = PRESENTATION_STYLE_ASSIGNMENT (( #1225 ) ) ;
#7514 = EDGE_LOOP ( 'NONE', ( #2648, #3221, #6841, #4649 ) ) ;
#7515 = DIRECTION ( 'NONE',  ( 0.000000000000000000, -1.000000000000000000, -0.000000000000000000 ) ) ;
#7516 = ADVANCED_FACE ( 'NONE', ( #1080 ), #3392, .T. ) ;
#7517 = FILL_AREA_STYLE ('',( #2393 ) ) ;
#7518 = DIRECTION ( 'NONE',  ( 1.000000000000000000, 0.000000000000000000, -0.000000000000000000 ) ) ;
#7519 = MECHANICAL_DESIGN_GEOMETRIC_PRESENTATION_REPRESENTATION (  '', ( #324 ), #3166 ) ;
#7520 = SURFACE_STYLE_USAGE ( .BOTH. , #1178 ) ;
#7521 = CARTESIAN_POINT ( 'NONE',  ( -6.000000000029100278, -2.199999999979629806, 1.100000000000000089 ) ) ;
#7522 = CARTESIAN_POINT ( 'NONE',  ( 4.049999999999999822, 2.199999999979629806, 1.000000000000000000 ) ) ;
#7523 = ORIENTED_EDGE ( 'NONE', *, *, #2323, .T. ) ;
#7524 = LINE ( 'NONE', #3344, #7306 ) ;
#7525 = DIRECTION ( 'NONE',  ( -0.000000000000000000, 0.000000000000000000, 1.000000000000000000 ) ) ;
#7526 = CARTESIAN_POINT ( 'NONE',  ( 5.900000000029099745, -1.099999999989810018, 5.500000000000000888 ) ) ;
#7527 = CARTESIAN_POINT ( 'NONE',  ( 5.900000000029098857, -2.244721359529624927, 5.489442719099992374 ) ) ;
#7528 =( GEOMETRIC_REPRESENTATION_CONTEXT ( 3 ) GLOBAL_UNCERTAINTY_ASSIGNED_CONTEXT ( ( #7684 ) ) GLOBAL_UNIT_ASSIGNED_CONTEXT ( ( #9013, #4740, #7618 ) ) REPRESENTATION_CONTEXT ( 'NONE', 'WORKASPACE' ) );
#7529 = EDGE_CURVE ( 'NONE', #1533, #8716, #2123, .T. ) ;
#7530 = LINE ( 'NONE', #3945, #8385 ) ;
#7531 = SURFACE_STYLE_USAGE ( .BOTH. , #6065 ) ;
#7532 = SURFACE_SIDE_STYLE ('',( #1824 ) ) ;
#7533 =( NAMED_UNIT ( * ) SI_UNIT ( $, .STERADIAN. ) SOLID_ANGLE_UNIT ( ) );
#7534 = CARTESIAN_POINT ( 'NONE',  ( 5.900000000029099745, 2.199999999979629806, 1.100000000000000089 ) ) ;
#7535 = PLANE ( 'NONE',  #6998 ) ;
#7536 = ORIENTED_EDGE ( 'NONE', *, *, #1193, .T. ) ;
#7537 = FILL_AREA_STYLE ('',( #6170 ) ) ;
#7538 = LINE ( 'NONE', #921, #8455 ) ;
#7539 = VECTOR ( 'NONE', #8261, 1000.000000000000000 ) ;
#7540 = ORIENTED_EDGE ( 'NONE', *, *, #3573, .T. ) ;
#7541 = CYLINDRICAL_SURFACE ( 'NONE', #9299, 0.1000000000000002554 ) ;
#7542 = FILL_AREA_STYLE_COLOUR ( '', #882 ) ;
#7543 = FILL_AREA_STYLE_COLOUR ( '', #9304 ) ;
#7544 = LINE ( 'NONE', #6083, #1907 ) ;
#7545 = PRESENTATION_STYLE_ASSIGNMENT (( #6084 ) ) ;
#7546 = FILL_AREA_STYLE_COLOUR ( '', #7999 ) ;
#7547 = DIRECTION ( 'NONE',  ( 0.000000000000000000, 0.000000000000000000, 1.000000000000000000 ) ) ;
#7548 = ORIENTED_EDGE ( 'NONE', *, *, #6703, .F. ) ;
#7549 = ORIENTED_EDGE ( 'NONE', *, *, #7909, .F. ) ;
#7550 = EDGE_CURVE ( 'NONE', #2517, #4235, #4973, .T. ) ;
#7551 = UNCERTAINTY_MEASURE_WITH_UNIT (LENGTH_MEASURE( 1.000000000000000082E-05 ), #7493, 'distance_accuracy_value', 'NONE');
#7552 = COLOUR_RGB ( '',0.2862745098039215508, 0.2862745098039215508, 0.2862745098039215508 ) ;
#7553 = LINE ( 'NONE', #1112, #5391 ) ;
#7554 = FILL_AREA_STYLE_COLOUR ( '', #6227 ) ;
#7555 = CARTESIAN_POINT ( 'NONE',  ( 3.250000000000000444, 0.2000000000000000111, 0.000000000000000000 ) ) ;
#7556 = FILL_AREA_STYLE ('',( #4594 ) ) ;
#7557 = ORIENTED_EDGE ( 'NONE', *, *, #1177, .F. ) ;
#7558 = EDGE_CURVE ( 'NONE', #5795, #5758, #4264, .T. ) ;
#7559 = VERTEX_POINT ( 'NONE', #1967 ) ;
#7560 = AXIS2_PLACEMENT_3D ( 'NONE', #6736, #2347, #7479 ) ;
#7561 = ADVANCED_FACE ( 'NONE', ( #9062 ), #7710, .T. ) ;
#7562 = STYLED_ITEM ( 'NONE', ( #3896 ), #529 ) ;
#7563 = FILL_AREA_STYLE_COLOUR ( '', #4265 ) ;
#7564 =( GEOMETRIC_REPRESENTATION_CONTEXT ( 3 ) GLOBAL_UNCERTAINTY_ASSIGNED_CONTEXT ( ( #3354 ) ) GLOBAL_UNIT_ASSIGNED_CONTEXT ( ( #8305, #427, #2528 ) ) REPRESENTATION_CONTEXT ( 'NONE', 'WORKASPACE' ) );
#7565 =( NAMED_UNIT ( * ) SI_UNIT ( $, .STERADIAN. ) SOLID_ANGLE_UNIT ( ) );
#7566 = DIRECTION ( 'NONE',  ( 3.175210755296169386E-16, 2.222647528707316105E-16, 1.000000000000000000 ) ) ;
#7567 = CARTESIAN_POINT ( 'NONE',  ( -0.1500000000000017708, -8.300000000000000711, 2.250000000000000444 ) ) ;
#7568 = ORIENTED_EDGE ( 'NONE', *, *, #3761, .T. ) ;
#7569 = DIRECTION ( 'NONE',  ( 0.000000000000000000, -1.000000000000000000, -0.000000000000000000 ) ) ;
#7570 = ADVANCED_FACE ( 'NONE', ( #6393 ), #4119, .T. ) ;
#7571 = EDGE_CURVE ( 'NONE', #6506, #4161, #5189, .T. ) ;
#7572 = MECHANICAL_DESIGN_GEOMETRIC_PRESENTATION_REPRESENTATION (  '', ( #9232 ), #1851 ) ;
#7573 = PLANE ( 'NONE',  #8705 ) ;
#7574 = PRESENTATION_LAYER_ASSIGNMENT (  '', '', ( #5166 ) ) ;
#7575 = FILL_AREA_STYLE_COLOUR ( '', #3394 ) ;
#7576 = DIRECTION ( 'NONE',  ( -0.000000000000000000, 0.000000000000000000, -1.000000000000000000 ) ) ;
#7577 = ORIENTED_EDGE ( 'NONE', *, *, #5258, .F. ) ;
#7578 = STYLED_ITEM ( 'NONE', ( #1184 ), #6905 ) ;
#7579 = CARTESIAN_POINT ( 'NONE',  ( 5.934165146415340431, -2.257735026898592956, 5.481304907451685970 ) ) ;
#7580 = EDGE_CURVE ( 'NONE', #1551, #1216, #6405, .T. ) ;
#7581 = UNCERTAINTY_MEASURE_WITH_UNIT (LENGTH_MEASURE( 1.000000000000000082E-05 ), #8351, 'distance_accuracy_value', 'NONE');
#7582 = ADVANCED_FACE ( 'NONE', ( #3707 ), #3048, .T. ) ;
#7583 = SURFACE_STYLE_FILL_AREA ( #5360 ) ;
#7584 = FILL_AREA_STYLE_COLOUR ( '', #7552 ) ;
#7585 = SHAPE_REPRESENTATION ( '2', ( #5962 ), #8805 ) ;
#7586 = VECTOR ( 'NONE', #400, 1000.000000000000114 ) ;
#7587 = ORIENTED_EDGE ( 'NONE', *, *, #6575, .T. ) ;
#7588 = FACE_OUTER_BOUND ( 'NONE', #2661, .T. ) ;
#7589 = SURFACE_STYLE_USAGE ( .BOTH. , #3410 ) ;
#7590 = CARTESIAN_POINT ( 'NONE',  ( 4.049999999999999822, -2.799999999999999822, 2.250000000000000444 ) ) ;
#7591 = LINE ( 'NONE', #6897, #8076 ) ;
#7592 = FACE_OUTER_BOUND ( 'NONE', #9293, .T. ) ;
#7593 = PRESENTATION_LAYER_ASSIGNMENT (  '', '', ( #3694 ) ) ;
#7594 = ORIENTED_EDGE ( 'NONE', *, *, #4824, .T. ) ;
#7595 = VECTOR ( 'NONE', #1289, 1000.000000000000000 ) ;
#7596 = ADVANCED_FACE ( 'NONE', ( #7941 ), #3579, .T. ) ;
#7597 = CARTESIAN_POINT ( 'NONE',  ( -6.000000000029100278, -2.299999999979629894, 1.100000000000000089 ) ) ;
#7598 = SHAPE_DEFINITION_REPRESENTATION ( #5818, #7778 ) ;
#7599 = ORIENTED_EDGE ( 'NONE', *, *, #1528, .F. ) ;
#7600 = ORIENTED_EDGE ( 'NONE', *, *, #1897, .T. ) ;
#7601 = VECTOR ( 'NONE', #2204, 1000.000000000000000 ) ;
#7602 = DIRECTION ( 'NONE',  ( -1.000000000000000000, 0.000000000000000000, 2.220446049250310123E-16 ) ) ;
#7603 = CARTESIAN_POINT ( 'NONE',  ( -5.957735026948062007, 2.257735026898592068, 1.042264973081037160 ) ) ;
#7604 = UNCERTAINTY_MEASURE_WITH_UNIT (LENGTH_MEASURE( 1.000000000000000082E-05 ), #5380, 'distance_accuracy_value', 'NONE');
#7605 = PRODUCT_DEFINITION_CONTEXT ( 'detailed design', #7171, 'design' ) ;
#7606 = CARTESIAN_POINT ( 'NONE',  ( -6.008521061221450132, -2.203302719417256306, 1.038618699873088413 ) ) ;
#7607 = CARTESIAN_POINT ( 'NONE',  ( -5.904368729029564555, -2.248839264927096515, 1.006690199105532812 ) ) ;
#7608 = CARTESIAN_POINT ( 'NONE',  ( -2.950000000000000178, -2.799999999999999822, 2.250000000000000444 ) ) ;
#7609 =( NAMED_UNIT ( * ) PLANE_ANGLE_UNIT ( ) SI_UNIT ( $, .RADIAN. ) );
#7610 = VERTEX_POINT ( 'NONE', #2605 ) ;
#7611 = VERTEX_POINT ( 'NONE', #8858 ) ;
#7612 = PRESENTATION_LAYER_ASSIGNMENT (  '', '', ( #4452 ) ) ;
#7613 = EDGE_LOOP ( 'NONE', ( #4864, #7649, #4467, #4777, #7406, #4085, #4497, #8341 ) ) ;
#7614 = CARTESIAN_POINT ( 'NONE',  ( 5.957735026948063783, 2.257735026898591180, 5.457735026918964394 ) ) ;
#7615 =( GEOMETRIC_REPRESENTATION_CONTEXT ( 3 ) GLOBAL_UNCERTAINTY_ASSIGNED_CONTEXT ( ( #4282 ) ) GLOBAL_UNIT_ASSIGNED_CONTEXT ( ( #2027, #893, #3756 ) ) REPRESENTATION_CONTEXT ( 'NONE', 'WORKASPACE' ) );
#7616 = CARTESIAN_POINT ( 'NONE',  ( 6.000000000029100278, -2.299999999979629894, 1.100000000000000089 ) ) ;
#7617 = DIRECTION ( 'NONE',  ( 0.000000000000000000, -1.000000000000000000, 0.000000000000000000 ) ) ;
#7618 =( NAMED_UNIT ( * ) SI_UNIT ( $, .STERADIAN. ) SOLID_ANGLE_UNIT ( ) );
#7619 = ORIENTED_EDGE ( 'NONE', *, *, #5905, .T. ) ;
#7620 = DIRECTION ( 'NONE',  ( -0.7071067811865470176, 0.000000000000000000, -0.7071067811865480168 ) ) ;
#7621 = CARTESIAN_POINT ( 'NONE',  ( 2.750000000000000000, -0.2000000000000000111, 2.000000000000000000 ) ) ;
#7622 = EDGE_CURVE ( 'NONE', #6678, #8359, #4717, .T. ) ;
#7623 = DIRECTION ( 'NONE',  ( 1.000000000000000000, -0.000000000000000000, -0.000000000000000000 ) ) ;
#7624 = EDGE_LOOP ( 'NONE', ( #5808, #3856, #8123, #4065, #6117 ) ) ;
#7625 = STYLED_ITEM ( 'NONE', ( #8073 ), #5411 ) ;
#7626 = COLOUR_RGB ( '',0.7450980392156862919, 0.7372549019607843590, 0.7294117647058823151 ) ;
#7627 = EDGE_CURVE ( 'NONE', #8221, #7365, #9034, .T. ) ;
#7628 = DIRECTION ( 'NONE',  ( -0.4082482904638588539, -0.8164965809277276998, -0.4082482904638638499 ) ) ;
#7629 = DIRECTION ( 'NONE',  ( 0.000000000000000000, 1.000000000000000000, 0.000000000000000000 ) ) ;
#7630 = DIRECTION ( 'NONE',  ( 1.000000000000000000, 0.000000000000000000, -0.000000000000000000 ) ) ;
#7631 = DIRECTION ( 'NONE',  ( -0.9369532139012849425, 0.000000000000000000, 0.3494548253495050050 ) ) ;
#7632 = PRESENTATION_STYLE_ASSIGNMENT (( #6070 ) ) ;
#7633 = STYLED_ITEM ( 'NONE', ( #812 ), #5713 ) ;
#7634 = ORIENTED_EDGE ( 'NONE', *, *, #5049, .T. ) ;
#7635 = CARTESIAN_POINT ( 'NONE',  ( 5.991030663955239532, 2.233062582872591850, 1.124905498140214455 ) ) ;
#7636 = VECTOR ( 'NONE', #5774, 1000.000000000000000 ) ;
#7637 = VERTEX_POINT ( 'NONE', #2657 ) ;
#7638 = PRESENTATION_STYLE_ASSIGNMENT (( #1832 ) ) ;
#7639 = ADVANCED_FACE ( 'NONE', ( #4766 ), #1835, .T. ) ;
#7640 = VECTOR ( 'NONE', #5940, 1000.000000000000000 ) ;
#7641 = STYLED_ITEM ( 'NONE', ( #1434 ), #1948 ) ;
#7642 = FILL_AREA_STYLE ('',( #1150 ) ) ;
#7643 = FILL_AREA_STYLE ('',( #556 ) ) ;
#7644 = DIRECTION ( 'NONE',  ( -0.000000000000000000, 0.000000000000000000, -1.000000000000000000 ) ) ;
#7645 =( LENGTH_UNIT ( ) NAMED_UNIT ( * ) SI_UNIT ( .MILLI., .METRE. ) );
#7646 = AXIS2_PLACEMENT_3D ( 'NONE', #3118, #7351, #2943 ) ;
#7647 = ORIENTED_EDGE ( 'NONE', *, *, #6006, .T. ) ;
#7648 = FILL_AREA_STYLE ('',( #4201 ) ) ;
#7649 = ORIENTED_EDGE ( 'NONE', *, *, #5114, .T. ) ;
#7650 = PRESENTATION_LAYER_ASSIGNMENT (  '', '', ( #2380 ) ) ;
#7651 = ORIENTED_EDGE ( 'NONE', *, *, #638, .F. ) ;
#7652 = PRESENTATION_LAYER_ASSIGNMENT (  '', '', ( #8244 ) ) ;
#7653 = CARTESIAN_POINT ( 'NONE',  ( -3.250000000000000444, 2.299999999979629894, 0.000000000000000000 ) ) ;
#7654 = AXIS2_PLACEMENT_3D ( 'NONE', #5458, #5408, #2550 ) ;
#7655 = UNCERTAINTY_MEASURE_WITH_UNIT (LENGTH_MEASURE( 1.000000000000000082E-05 ), #1594, 'distance_accuracy_value', 'NONE');
#7656 = ORIENTED_EDGE ( 'NONE', *, *, #7909, .T. ) ;
#7657 = CARTESIAN_POINT ( 'NONE',  ( -6.044659952723581142, -2.146138961327063832, 1.044281119199514496 ) ) ;
#7658 = AXIS2_PLACEMENT_3D ( 'NONE', #1834, #5419, #4056 ) ;
#7659 = ORIENTED_EDGE ( 'NONE', *, *, #4809, .T. ) ;
#7660 = VECTOR ( 'NONE', #2060, 1000.000000000000000 ) ;
#7661 = DIRECTION ( 'NONE',  ( 0.000000000000000000, 0.000000000000000000, 1.000000000000000000 ) ) ;
#7662 = SURFACE_STYLE_USAGE ( .BOTH. , #6243 ) ;
#7663 = VECTOR ( 'NONE', #8741, 1000.000000000000000 ) ;
#7664 = ORIENTED_EDGE ( 'NONE', *, *, #1204, .T. ) ;
#7665 = CARTESIAN_POINT ( 'NONE',  ( 5.954088753740114370, 2.312167334379929162, 1.093051007354423287 ) ) ;
#7666 = FACE_OUTER_BOUND ( 'NONE', #958, .T. ) ;
#7667 = SURFACE_STYLE_FILL_AREA ( #1919 ) ;
#7668 = PLANE ( 'NONE',  #5868 ) ;
#7669 = VERTEX_POINT ( 'NONE', #5468 ) ;
#7670 = VECTOR ( 'NONE', #4342, 1000.000000000000000 ) ;
#7671 = PRESENTATION_STYLE_ASSIGNMENT (( #4796 ) ) ;
#7672 = FACE_OUTER_BOUND ( 'NONE', #689, .T. ) ;
#7673 = SURFACE_SIDE_STYLE ('',( #4746 ) ) ;
#7674 = DIRECTION ( 'NONE',  ( -0.000000000000000000, 1.000000000000000000, 0.000000000000000000 ) ) ;
#7675 = AXIS2_PLACEMENT_3D ( 'NONE', #1651, #4374, #3772 ) ;
#7676 = DIRECTION ( 'NONE',  ( 0.000000000000000000, 0.000000000000000000, -1.000000000000000000 ) ) ;
#7677 = DIRECTION ( 'NONE',  ( 0.000000000000000000, 0.000000000000000000, 1.000000000000000000 ) ) ;
#7678 = FACE_OUTER_BOUND ( 'NONE', #3488, .T. ) ;
#7679 = CARTESIAN_POINT ( 'NONE',  ( -3.250000000000000444, 1.300690094324699952, 1.000000000000000000 ) ) ;
#7680 = MANIFOLD_SOLID_BREP ( 'Imported1', #4442 ) ;
#7681 = ORIENTED_EDGE ( 'NONE', *, *, #2109, .F. ) ;
#7682 = PRESENTATION_STYLE_ASSIGNMENT (( #592 ) ) ;
#7683 = CARTESIAN_POINT ( 'NONE',  ( 5.981304907480783584, -2.257735026898592068, 5.434165146386241929 ) ) ;
#7684 = UNCERTAINTY_MEASURE_WITH_UNIT (LENGTH_MEASURE( 1.000000000000000082E-05 ), #9013, 'distance_accuracy_value', 'NONE');
#7685 = CARTESIAN_POINT ( 'NONE',  ( 5.942030276266708988, 2.099191034116948185, 0.9420335616960392455 ) ) ;
#7686 =( NAMED_UNIT ( * ) SI_UNIT ( $, .STERADIAN. ) SOLID_ANGLE_UNIT ( ) );
#7687 = EDGE_CURVE ( 'NONE', #6336, #4961, #555, .T. ) ;
#7688 = PLANE ( 'NONE',  #1469 ) ;
#7689 = PRESENTATION_STYLE_ASSIGNMENT (( #5246 ) ) ;
#7690 = CARTESIAN_POINT ( 'NONE',  ( -3.049999999999999822, -0.2000000000000000944, -3.000000000000000000 ) ) ;
#7691 = VERTEX_POINT ( 'NONE', #3796 ) ;
#7692 =( LENGTH_UNIT ( ) NAMED_UNIT ( * ) SI_UNIT ( .MILLI., .METRE. ) );
#7693 = EDGE_CURVE ( 'NONE', #5627, #2897, #6667, .T. ) ;
#7694 =( GEOMETRIC_REPRESENTATION_CONTEXT ( 3 ) GLOBAL_UNCERTAINTY_ASSIGNED_CONTEXT ( ( #1804 ) ) GLOBAL_UNIT_ASSIGNED_CONTEXT ( ( #1285, #4895, #5643 ) ) REPRESENTATION_CONTEXT ( 'NONE', 'WORKASPACE' ) );
#7695 = EDGE_LOOP ( 'NONE', ( #6234, #1061, #5821, #1306 ) ) ;
#7696 = ORIENTED_EDGE ( 'NONE', *, *, #1139, .F. ) ;
#7697 = STYLED_ITEM ( 'NONE', ( #5995 ), #6242 ) ;
#7698 = LINE ( 'NONE', #5531, #6675 ) ;
#7699 = UNCERTAINTY_MEASURE_WITH_UNIT (LENGTH_MEASURE( 1.000000000000000082E-05 ), #5811, 'distance_accuracy_value', 'NONE');
#7700 = ORIENTED_EDGE ( 'NONE', *, *, #2693, .T. ) ;
#7701 = CARTESIAN_POINT ( 'NONE',  ( 0.000000000000000000, -2.299999999979629894, 1.100000000000000089 ) ) ;
#7702 =( NAMED_UNIT ( * ) SI_UNIT ( $, .STERADIAN. ) SOLID_ANGLE_UNIT ( ) );
#7703 = ORIENTED_EDGE ( 'NONE', *, *, #6955, .F. ) ;
#7704 = ADVANCED_FACE ( 'NONE', ( #8135 ), #1665, .T. ) ;
#7705 = CARTESIAN_POINT ( 'NONE',  ( 6.250000000014550139, 2.799999999999999822, 3.250000000000000444 ) ) ;
#7706 = CARTESIAN_POINT ( 'NONE',  ( 3.250000000000000444, -2.299999999979629894, 1.100000000000000089 ) ) ;
#7707 = AXIS2_PLACEMENT_3D ( 'NONE', #5180, #1743, #8240 ) ;
#7708 = MANIFOLD_SOLID_BREP ( 'Imported1', #5642 ) ;
#7709 = SURFACE_STYLE_FILL_AREA ( #6392 ) ;
#7710 = PLANE ( 'NONE',  #9259 ) ;
#7711 = FILL_AREA_STYLE_COLOUR ( '', #2712 ) ;
#7712 =( NAMED_UNIT ( * ) SI_UNIT ( $, .STERADIAN. ) SOLID_ANGLE_UNIT ( ) );
#7713 =( LENGTH_UNIT ( ) NAMED_UNIT ( * ) SI_UNIT ( .MILLI., .METRE. ) );
#7714 = ORIENTED_EDGE ( 'NONE', *, *, #5488, .F. ) ;
#7715 = LINE ( 'NONE', #3443, #1461 ) ;
#7716 = VECTOR ( 'NONE', #9120, 1000.000000000000000 ) ;
#7717 = CARTESIAN_POINT ( 'NONE',  ( 5.900000000029099745, 2.199999999979629806, 1.100000000000000089 ) ) ;
#7718 = ORIENTED_EDGE ( 'NONE', *, *, #927, .T. ) ;
#7719 =( NAMED_UNIT ( * ) SI_UNIT ( $, .STERADIAN. ) SOLID_ANGLE_UNIT ( ) );
#7720 = DIRECTION ( 'NONE',  ( -0.5734623443633278805, 0.8192319205190407017, 0.000000000000000000 ) ) ;
#7721 = FILL_AREA_STYLE_COLOUR ( '', #8818 ) ;
#7722 =( LENGTH_UNIT ( ) NAMED_UNIT ( * ) SI_UNIT ( .MILLI., .METRE. ) );
#7723 = CARTESIAN_POINT ( 'NONE',  ( -3.117763191482009422, -2.099999999979630161, 4.917763191452910299 ) ) ;
#7724 = DIRECTION ( 'NONE',  ( -0.000000000000000000, 1.000000000000000000, -0.000000000000000000 ) ) ;
#7725 = ORIENTED_EDGE ( 'NONE', *, *, #7790, .T. ) ;
#7726 = CARTESIAN_POINT ( 'NONE',  ( 5.957735026948064672, -2.257735026898591624, 5.457735026918962618 ) ) ;
#7727 = AXIS2_PLACEMENT_3D ( 'NONE', #2487, #3853, #3981 ) ;
#7728 = STYLED_ITEM ( 'NONE', ( #7184 ), #7214 ) ;
#7729 = CARTESIAN_POINT ( 'NONE',  ( 3.149999999999999911, -0.1000000000000000056, -2.899999999999999911 ) ) ;
#7730 =( NAMED_UNIT ( * ) SI_UNIT ( $, .STERADIAN. ) SOLID_ANGLE_UNIT ( ) );
#7731 = DIRECTION ( 'NONE',  ( 0.5734623443633278805, -0.8192319205190407017, -0.000000000000000000 ) ) ;
#7732 = SURFACE_STYLE_USAGE ( .BOTH. , #4859 ) ;
#7733 = MECHANICAL_DESIGN_GEOMETRIC_PRESENTATION_REPRESENTATION (  '', ( #9071 ), #2625 ) ;
#7734 = SURFACE_STYLE_FILL_AREA ( #6944 ) ;
#7735 = SURFACE_SIDE_STYLE ('',( #7781 ) ) ;
#7736 = ORIENTED_EDGE ( 'NONE', *, *, #4753, .T. ) ;
#7737 = DIRECTION ( 'NONE',  ( 1.000000000000000000, -1.193253363971189941E-16, 0.000000000000000000 ) ) ;
#7738 = PRESENTATION_LAYER_ASSIGNMENT (  '', '', ( #5318 ) ) ;
#7739 = EDGE_CURVE ( 'NONE', #1986, #7611, #60, .T. ) ;
#7740 = AXIS2_PLACEMENT_3D ( 'NONE', #7250, #5983, #3688 ) ;
#7741 = ORIENTED_EDGE ( 'NONE', *, *, #8809, .F. ) ;
#7742 = PRESENTATION_LAYER_ASSIGNMENT (  '', '', ( #5626 ) ) ;
#7743 = ORIENTED_EDGE ( 'NONE', *, *, #8720, .F. ) ;
#7744 = ADVANCED_FACE ( 'NONE', ( #4902 ), #1391, .F. ) ;
#7745 = ORIENTED_EDGE ( 'NONE', *, *, #4392, .F. ) ;
#7746 = FILL_AREA_STYLE_COLOUR ( '', #6271 ) ;
#7747 = ORIENTED_EDGE ( 'NONE', *, *, #6936, .T. ) ;
#7748 = PRESENTATION_LAYER_ASSIGNMENT (  '', '', ( #6697 ) ) ;
#7749 = ORIENTED_EDGE ( 'NONE', *, *, #4469, .F. ) ;
#7750 =( NAMED_UNIT ( * ) SI_UNIT ( $, .STERADIAN. ) SOLID_ANGLE_UNIT ( ) );
#7751 = DIRECTION ( 'NONE',  ( -1.000000000000000000, -0.000000000000000000, 0.000000000000000000 ) ) ;
#7752 = VECTOR ( 'NONE', #5520, 1000.000000000000000 ) ;
#7753 =( NAMED_UNIT ( * ) SI_UNIT ( $, .STERADIAN. ) SOLID_ANGLE_UNIT ( ) );
#7754 = AXIS2_PLACEMENT_3D ( 'NONE', #7932, #878, #6622 ) ;
#7755 = EDGE_CURVE ( 'NONE', #6427, #1066, #8618, .T. ) ;
#7756 = CARTESIAN_POINT ( 'NONE',  ( 1.824999999999999956, -2.199999999979629806, 1.100000000000000089 ) ) ;
#7757 = ORIENTED_EDGE ( 'NONE', *, *, #7053, .F. ) ;
#7758 = PRESENTATION_LAYER_ASSIGNMENT (  '', '', ( #6569 ) ) ;
#7759 = SURFACE_STYLE_USAGE ( .BOTH. , #2327 ) ;
#7760 = DIRECTION ( 'NONE',  ( -0.5773502691896272854, -0.5773502691896228445, 0.5773502691896272854 ) ) ;
#7761 = ORIENTED_EDGE ( 'NONE', *, *, #5305, .T. ) ;
#7762 = FACE_OUTER_BOUND ( 'NONE', #255, .T. ) ;
#7763 = FILL_AREA_STYLE_COLOUR ( '', #5217 ) ;
#7764 = SURFACE_STYLE_FILL_AREA ( #6408 ) ;
#7765 = DIRECTION ( 'NONE',  ( 0.000000000000000000, 0.000000000000000000, -1.000000000000000000 ) ) ;
#7766 = DIRECTION ( 'NONE',  ( 1.000000000000000000, 0.000000000000000000, 0.000000000000000000 ) ) ;
#7767 = UNCERTAINTY_MEASURE_WITH_UNIT (LENGTH_MEASURE( 1.000000000000000082E-05 ), #9286, 'distance_accuracy_value', 'NONE');
#7768 = EDGE_LOOP ( 'NONE', ( #711, #2467, #8356, #6922, #3543, #81 ) ) ;
#7769 = UNCERTAINTY_MEASURE_WITH_UNIT (LENGTH_MEASURE( 1.000000000000000082E-05 ), #8733, 'distance_accuracy_value', 'NONE');
#7770 = CIRCLE ( 'NONE', #2515, 0.5999999999999998668 ) ;
#7771 = FACE_OUTER_BOUND ( 'NONE', #4592, .T. ) ;
#7772 = MECHANICAL_DESIGN_GEOMETRIC_PRESENTATION_REPRESENTATION (  '', ( #6107 ), #4765 ) ;
#7773 = ORIENTED_EDGE ( 'NONE', *, *, #3325, .T. ) ;
#7774 = MECHANICAL_DESIGN_GEOMETRIC_PRESENTATION_REPRESENTATION (  '', ( #2220 ), #2826 ) ;
#7775 = SURFACE_STYLE_FILL_AREA ( #2094 ) ;
#7776 = AXIS2_PLACEMENT_3D ( 'NONE', #1563, #2452, #3821 ) ;
#7777 = FILL_AREA_STYLE_COLOUR ( '', #3971 ) ;
#7778 = SHAPE_REPRESENTATION ( '4', ( #5962 ), #1017 ) ;
#7779 = LINE ( 'NONE', #9095, #7022 ) ;
#7780 = STYLED_ITEM ( 'NONE', ( #9274 ), #1642 ) ;
#7781 = SURFACE_STYLE_FILL_AREA ( #6325 ) ;
#7782 = ORIENTED_EDGE ( 'NONE', *, *, #7204, .F. ) ;
#7783 = FACE_OUTER_BOUND ( 'NONE', #9204, .T. ) ;
#7784 = VECTOR ( 'NONE', #4756, 1000.000000000000000 ) ;
#7785 = VERTEX_POINT ( 'NONE', #5880 ) ;
#7786 = EDGE_LOOP ( 'NONE', ( #6203, #2540, #2747, #54 ) ) ;
#7787 = DIRECTION ( 'NONE',  ( 0.000000000000000000, 1.000000000000000000, 0.000000000000000000 ) ) ;
#7788 = LINE ( 'NONE', #3517, #6071 ) ;
#7789 = UNCERTAINTY_MEASURE_WITH_UNIT (LENGTH_MEASURE( 1.000000000000000082E-05 ), #7343, 'distance_accuracy_value', 'NONE');
#7790 = EDGE_CURVE ( 'NONE', #2418, #609, #2474, .T. ) ;
#7791 = VECTOR ( 'NONE', #115, 1000.000000000000000 ) ;
#7792 = VERTEX_POINT ( 'NONE', #1606 ) ;
#7793 = PRESENTATION_STYLE_ASSIGNMENT (( #486 ) ) ;
#7794 = FILL_AREA_STYLE_COLOUR ( '', #7006 ) ;
#7795 = AXIS2_PLACEMENT_3D ( 'NONE', #2817, #8039, #1407 ) ;
#7796 = ORIENTED_EDGE ( 'NONE', *, *, #3386, .F. ) ;
#7797 = CARTESIAN_POINT ( 'NONE',  ( 6.000000000029100278, -2.799999999999999822, 0.000000000000000000 ) ) ;
#7798 = EDGE_LOOP ( 'NONE', ( #6993, #5004, #2329, #4248, #4742 ) ) ;
#7799 = SURFACE_STYLE_FILL_AREA ( #7896 ) ;
#7800 = EDGE_CURVE ( 'NONE', #6518, #6135, #205, .T. ) ;
#7801 = SURFACE_SIDE_STYLE ('',( #2908 ) ) ;
#7802 = DIRECTION ( 'NONE',  ( -1.000000000000000000, 0.000000000000000000, -0.000000000000000000 ) ) ;
#7803 = PRESENTATION_LAYER_ASSIGNMENT (  '', '', ( #7054 ) ) ;
#7804 = ADVANCED_FACE ( 'NONE', ( #4377 ), #6744, .T. ) ;
#7805 = PRESENTATION_LAYER_ASSIGNMENT (  '', '', ( #6762 ) ) ;
#7806 =( NAMED_UNIT ( * ) SI_UNIT ( $, .STERADIAN. ) SOLID_ANGLE_UNIT ( ) );
#7807 = PRESENTATION_STYLE_ASSIGNMENT (( #9169 ) ) ;
#7808 = COLOUR_RGB ( '',0.8313725490196077761, 0.8313725490196077761, 0.8313725490196077761 ) ;
#7809 = VERTEX_POINT ( 'NONE', #4430 ) ;
#7810 = CARTESIAN_POINT ( 'NONE',  ( -0.1500000000000008826, -8.300000000000000711, 4.750000000000000000 ) ) ;
#7811 = CARTESIAN_POINT ( 'NONE',  ( -1.199999999999999956, -8.800000000000000711, 4.750000000000000000 ) ) ;
#7812 = VECTOR ( 'NONE', #8007, 1000.000000000000000 ) ;
#7813 = ADVANCED_FACE ( 'NONE', ( #5269 ), #7396, .T. ) ;
#7814 = EDGE_CURVE ( 'NONE', #640, #4537, #7891, .T. ) ;
#7815 = DIRECTION ( 'NONE',  ( -0.000000000000000000, 0.000000000000000000, 1.000000000000000000 ) ) ;
#7816 = VECTOR ( 'NONE', #1008, 1000.000000000000000 ) ;
#7817 = SURFACE_SIDE_STYLE ('',( #9125 ) ) ;
#7818 =( NAMED_UNIT ( * ) SI_UNIT ( $, .STERADIAN. ) SOLID_ANGLE_UNIT ( ) );
#7819 = PLANE ( 'NONE',  #6233 ) ;
#7820 = LINE ( 'NONE', #3593, #1463 ) ;
#7821 = EDGE_LOOP ( 'NONE', ( #5136, #7427, #6885, #1428 ) ) ;
#7822 = PLANE ( 'NONE',  #4570 ) ;
#7823 =( NAMED_UNIT ( * ) PLANE_ANGLE_UNIT ( ) SI_UNIT ( $, .RADIAN. ) );
#7824 = EDGE_CURVE ( 'NONE', #1756, #3623, #8841, .T. ) ;
#7825 = MECHANICAL_DESIGN_GEOMETRIC_PRESENTATION_REPRESENTATION (  '', ( #1797 ), #6926 ) ;
#7826 = SURFACE_STYLE_FILL_AREA ( #6415 ) ;
#7827 = VECTOR ( 'NONE', #5203, 1000.000000000000000 ) ;
#7828 = SURFACE_SIDE_STYLE ('',( #7775 ) ) ;
#7829 = SURFACE_STYLE_FILL_AREA ( #7082 ) ;
#7830 = DIRECTION ( 'NONE',  ( -1.000000000000000000, -0.000000000000000000, 0.000000000000000000 ) ) ;
#7831 = CARTESIAN_POINT ( 'NONE',  ( 5.989442719129091763, 2.244721359529624927, 1.100000000000000089 ) ) ;
#7832 = EDGE_LOOP ( 'NONE', ( #6797, #3190, #5365, #730 ) ) ;
#7833 = DIRECTION ( 'NONE',  ( 0.8192319205190408127, 0.5734623443633279916, -3.875838667619849496E-16 ) ) ;
#7834 = ORIENTED_EDGE ( 'NONE', *, *, #2741, .T. ) ;
#7835 = EDGE_LOOP ( 'NONE', ( #1858, #4100, #118, #938 ) ) ;
#7836 = VECTOR ( 'NONE', #6302, 1000.000000000000000 ) ;
#7837 = SURFACE_STYLE_USAGE ( .BOTH. , #5005 ) ;
#7838 =( BOUNDED_SURFACE ( )  B_SPLINE_SURFACE ( 3, 3, ( 
 ( #2231, #7922, #6519, #7167 ),
 ( #7970, #3690, #5133, #4246 ),
 ( #5000, #6369, #8578, #2099 ),
 ( #24, #688, #3559, #5749 ) ),
 .UNSPECIFIED., .F., .F., .F. ) 
 B_SPLINE_SURFACE_WITH_KNOTS ( ( 4, 4 ),
 ( 4, 4 ),
 ( 0.000000000000000000, 1.000000000000000000 ),
 ( 0.000000000000000000, 1.000000000000000000 ),
 .UNSPECIFIED. ) 
 GEOMETRIC_REPRESENTATION_ITEM ( )  RATIONAL_B_SPLINE_SURFACE ( (
 ( 1.000000000000000000, 0.3333333333333233228, 0.3333333333333233228, 1.000000000000000000),
 ( 0.9245018060306360308, 0.3081672686768694436, 0.3081672686768694436, 0.9245018060306360308),
 ( 0.9245018060306360308, 0.3081672686768694436, 0.3081672686768694436, 0.9245018060306360308),
 ( 1.000000000000000000, 0.3333333333333233228, 0.3333333333333233228, 1.000000000000000000) ) ) 
 REPRESENTATION_ITEM ( '' )  SURFACE ( )  );
#7839 = DIRECTION ( 'NONE',  ( 0.000000000000000000, 0.000000000000000000, -1.000000000000000000 ) ) ;
#7840 = UNCERTAINTY_MEASURE_WITH_UNIT (LENGTH_MEASURE( 1.000000000000000082E-05 ), #3716, 'distance_accuracy_value', 'NONE');
#7841 = CYLINDRICAL_SURFACE ( 'NONE', #3312, 0.6000000000000000888 ) ;
#7842 = CARTESIAN_POINT ( 'NONE',  ( -5.800000000029100100, 3.441945830445349852, 6.000000000000000000 ) ) ;
#7843 = LINE ( 'NONE', #8449, #2017 ) ;
#7844 = VERTEX_POINT ( 'NONE', #8018 ) ;
#7845 = EDGE_CURVE ( 'NONE', #1028, #3597, #4048, .T. ) ;
#7846 = PRESENTATION_STYLE_ASSIGNMENT (( #5581 ) ) ;
#7847 = DIRECTION ( 'NONE',  ( -1.000000000000000000, 0.000000000000000000, -0.000000000000000000 ) ) ;
#7848 = DIRECTION ( 'NONE',  ( 0.000000000000000000, 0.000000000000000000, 1.000000000000000000 ) ) ;
#7849 = SURFACE_STYLE_FILL_AREA ( #9116 ) ;
#7850 = PRODUCT ( '4', '4', '', ( #7504 ) ) ;
#7851 = ORIENTED_EDGE ( 'NONE', *, *, #3550, .F. ) ;
#7852 = FILL_AREA_STYLE_COLOUR ( '', #3421 ) ;
#7854 = EDGE_CURVE ( 'NONE', #5205, #2421, #5459, .T. ) ;
#7853 = DIRECTION ( 'NONE',  ( -0.000000000000000000, -1.000000000000000000, -0.000000000000000000 ) ) ;
#7855 = EDGE_CURVE ( 'NONE', #1216, #7297, #6168, .T. ) ;
#7856 = PRESENTATION_LAYER_ASSIGNMENT (  '', '', ( #2595 ) ) ;
#7857 =( NAMED_UNIT ( * ) SI_UNIT ( $, .STERADIAN. ) SOLID_ANGLE_UNIT ( ) );
#7858 =( NAMED_UNIT ( * ) SI_UNIT ( $, .STERADIAN. ) SOLID_ANGLE_UNIT ( ) );
#7859 = PRESENTATION_LAYER_ASSIGNMENT (  '', '', ( #666 ) ) ;
#7860 = PRESENTATION_STYLE_ASSIGNMENT (( #50 ) ) ;
#7861 = DIRECTION ( 'NONE',  ( 0.5734623443633278805, -0.8192319205190407017, -0.000000000000000000 ) ) ;
#7862 = EDGE_CURVE ( 'NONE', #8994, #3644, #6990, .T. ) ;
#7863 = ADVANCED_FACE ( 'NONE', ( #9024 ), #7535, .T. ) ;
#7864 = ORIENTED_EDGE ( 'NONE', *, *, #7218, .T. ) ;
#7865 = CARTESIAN_POINT ( 'NONE',  ( 5.942030276266705435, -2.099191034116947296, 5.557966438303963308 ) ) ;
#7866 = UNCERTAINTY_MEASURE_WITH_UNIT (LENGTH_MEASURE( 1.000000000000000082E-05 ), #2368, 'distance_accuracy_value', 'NONE');
#7867 = CARTESIAN_POINT ( 'NONE',  ( -1.455502385283580023E-12, -2.099999999979630161, 4.917763191452910299 ) ) ;
#7868 = ORIENTED_EDGE ( 'NONE', *, *, #9291, .T. ) ;
#7869 = VECTOR ( 'NONE', #5550, 1000.000000000000000 ) ;
#7870 = UNCERTAINTY_MEASURE_WITH_UNIT (LENGTH_MEASURE( 1.000000000000000082E-05 ), #8315, 'distance_accuracy_value', 'NONE');
#7871 = UNCERTAINTY_MEASURE_WITH_UNIT (LENGTH_MEASURE( 1.000000000000000082E-05 ), #1296, 'distance_accuracy_value', 'NONE');
#7872 = DIRECTION ( 'NONE',  ( 1.000000000000000000, 0.000000000000000000, 0.000000000000000000 ) ) ;
#7873 = DIRECTION ( 'NONE',  ( -1.000000000000000000, 0.000000000000000000, -0.000000000000000000 ) ) ;
#7874 = CARTESIAN_POINT ( 'NONE',  ( 1.824999999999999956, -2.199999999979629806, 1.000000000000000000 ) ) ;
#7875 = SURFACE_STYLE_USAGE ( .BOTH. , #6471 ) ;
#7876 = EDGE_CURVE ( 'NONE', #4898, #473, #5639, .T. ) ;
#7877 =( NAMED_UNIT ( * ) SI_UNIT ( $, .STERADIAN. ) SOLID_ANGLE_UNIT ( ) );
#7878 = PRESENTATION_LAYER_ASSIGNMENT (  '', '', ( #1560 ) ) ;
#7879 = ADVANCED_FACE ( 'NONE', ( #3406 ), #6115, .F. ) ;
#7880 = EDGE_LOOP ( 'NONE', ( #4409, #5604, #8591, #1801 ) ) ;
#7881 = ORIENTED_EDGE ( 'NONE', *, *, #6500, .T. ) ;
#7882 = ORIENTED_EDGE ( 'NONE', *, *, #4348, .F. ) ;
#7883 = AXIS2_PLACEMENT_3D ( 'NONE', #7379, #6501, #5826 ) ;
#7884 = LINE ( 'NONE', #4299, #876 ) ;
#7885 = SURFACE_STYLE_USAGE ( .BOTH. , #9296 ) ;
#7886 = UNCERTAINTY_MEASURE_WITH_UNIT (LENGTH_MEASURE( 1.000000000000000082E-05 ), #3404, 'distance_accuracy_value', 'NONE');
#7887 =( GEOMETRIC_REPRESENTATION_CONTEXT ( 3 ) GLOBAL_UNCERTAINTY_ASSIGNED_CONTEXT ( ( #8215 ) ) GLOBAL_UNIT_ASSIGNED_CONTEXT ( ( #3843, #2523, #6720 ) ) REPRESENTATION_CONTEXT ( 'NONE', 'WORKASPACE' ) );
#7888 = PRESENTATION_STYLE_ASSIGNMENT (( #5143 ) ) ;
#7889 =( NAMED_UNIT ( * ) PLANE_ANGLE_UNIT ( ) SI_UNIT ( $, .RADIAN. ) );
#7890 = FILL_AREA_STYLE ('',( #5715 ) ) ;
#7891 = CIRCLE ( 'NONE', #7432, 0.5999999999999998668 ) ;
#7893 = AXIS2_PLACEMENT_3D ( 'NONE', #3346, #442, #4316 ) ;
#7892 = FILL_AREA_STYLE ('',( #6238 ) ) ;
#7894 = ORIENTED_EDGE ( 'NONE', *, *, #7975, .T. ) ;
#7895 = ORIENTED_EDGE ( 'NONE', *, *, #7270, .F. ) ;
#7896 = FILL_AREA_STYLE ('',( #2066 ) ) ;
#7897 = CARTESIAN_POINT ( 'NONE',  ( -6.000000000029100278, -2.199999999979629806, 2.250000000000000444 ) ) ;
#7898 = COLOUR_RGB ( '',0.8313725490196077761, 0.8313725490196077761, 0.8313725490196077761 ) ;
#7899 = SURFACE_SIDE_STYLE ('',( #2875 ) ) ;
#7900 = CARTESIAN_POINT ( 'NONE',  ( 6.500000000000001776, 2.799999999999999822, 0.000000000000000000 ) ) ;
#7901 = CARTESIAN_POINT ( 'NONE',  ( 2.850000000000000089, -0.2000000000000001499, -2.899999999999999911 ) ) ;
#7902 = CARTESIAN_POINT ( 'NONE',  ( -6.057966438333062698, -2.099191034116948185, 5.442030276237608710 ) ) ;
#7903 = ORIENTED_EDGE ( 'NONE', *, *, #3315, .F. ) ;
#7904 = CLOSED_SHELL ( 'NONE', ( #7516, #5411, #5215, #4242, #4518, #9051, #4516, #8051, #4153, #8623, #6266, #7813, #2676, #8936, #6646, #5554, #1948, #8081, #8562, #3944, #1821, #6242 ) ) ;
#7905 = CARTESIAN_POINT ( 'NONE',  ( 3.250000000000000444, -0.2000000000000000111, 2.000000000000000000 ) ) ;
#7906 = LINE ( 'NONE', #6101, #4716 ) ;
#7907 = PRESENTATION_STYLE_ASSIGNMENT (( #6404 ) ) ;
#7908 =( NAMED_UNIT ( * ) SI_UNIT ( $, .STERADIAN. ) SOLID_ANGLE_UNIT ( ) );
#7909 = EDGE_CURVE ( 'NONE', #8667, #3502, #1243, .T. ) ;
#7910 = VECTOR ( 'NONE', #1065, 1000.000000000000000 ) ;
#7911 = CARTESIAN_POINT ( 'NONE',  ( 5.900000000029099745, 2.244721359529624927, 5.489442719099992374 ) ) ;
#7912 = SURFACE_STYLE_FILL_AREA ( #8569 ) ;
#7913 = ORIENTED_EDGE ( 'NONE', *, *, #6059, .T. ) ;
#7914 = DIRECTION ( 'NONE',  ( -1.000000000000000000, 0.000000000000000000, 0.000000000000000000 ) ) ;
#7915 = EDGE_CURVE ( 'NONE', #2761, #2273, #8186, .T. ) ;
#7916 = CARTESIAN_POINT ( 'NONE',  ( -5.900000000029099745, -2.299999999979629894, 5.400000000000000355 ) ) ;
#7917 = CARTESIAN_POINT ( 'NONE',  ( 0.1999999999999989009, -8.800000000000000711, 4.750000000000000000 ) ) ;
#7918 = FILL_AREA_STYLE_COLOUR ( '', #147 ) ;
#7919 = FACE_OUTER_BOUND ( 'NONE', #4775, .T. ) ;
#7920 = VECTOR ( 'NONE', #4007, 1000.000000000000000 ) ;
#7921 = MECHANICAL_DESIGN_GEOMETRIC_PRESENTATION_REPRESENTATION (  '', ( #5516 ), #1902 ) ;
#7922 = CARTESIAN_POINT ( 'NONE',  ( -5.957735026948064672, 2.257735026898590736, 5.457735026918961729 ) ) ;
#7923 = VERTEX_POINT ( 'NONE', #4322 ) ;
#7924 = ORIENTED_EDGE ( 'NONE', *, *, #3825, .T. ) ;
#7925 = ORIENTED_EDGE ( 'NONE', *, *, #9173, .F. ) ;
#7926 =( GEOMETRIC_REPRESENTATION_CONTEXT ( 3 ) GLOBAL_UNCERTAINTY_ASSIGNED_CONTEXT ( ( #8134 ) ) GLOBAL_UNIT_ASSIGNED_CONTEXT ( ( #4371, #767, #1384 ) ) REPRESENTATION_CONTEXT ( 'NONE', 'WORKASPACE' ) );
#7927 = PRESENTATION_STYLE_ASSIGNMENT (( #8585 ) ) ;
#7928 = MECHANICAL_DESIGN_GEOMETRIC_PRESENTATION_REPRESENTATION (  '', ( #2674 ), #2071 ) ;
#7929 = SURFACE_STYLE_FILL_AREA ( #8758 ) ;
#7930 = CIRCLE ( 'NONE', #5967, 0.1000000000000002554 ) ;
#7931 = LINE ( 'NONE', #831, #160 ) ;
#7932 = CARTESIAN_POINT ( 'NONE',  ( 6.000000000029100278, 2.799999999999999822, 3.440418332022770365 ) ) ;
#7933 = VECTOR ( 'NONE', #4529, 1000.000000000000000 ) ;
#7934 = DIRECTION ( 'NONE',  ( 0.000000000000000000, -1.000000000000000000, 0.000000000000000000 ) ) ;
#7935 = ORIENTED_EDGE ( 'NONE', *, *, #2130, .F. ) ;
#7936 = SURFACE_STYLE_USAGE ( .BOTH. , #2770 ) ;
#7937 = ORIENTED_EDGE ( 'NONE', *, *, #3812, .T. ) ;
#7938 = STYLED_ITEM ( 'NONE', ( #7638 ), #2701 ) ;
#7939 = CARTESIAN_POINT ( 'NONE',  ( 6.000000000029100278, 2.799999999999998934, 3.250000000000000888 ) ) ;
#7940 =( NAMED_UNIT ( * ) SI_UNIT ( $, .STERADIAN. ) SOLID_ANGLE_UNIT ( ) );
#7941 = FACE_OUTER_BOUND ( 'NONE', #4432, .T. ) ;
#7942 = COLOUR_RGB ( '',0.7450980392156862919, 0.7372549019607843590, 0.7294117647058823151 ) ;
#7943 = FILL_AREA_STYLE_COLOUR ( '', #4343 ) ;
#7944 = VECTOR ( 'NONE', #3200, 1000.000000000000000 ) ;
#7945 = CARTESIAN_POINT ( 'NONE',  ( -5.934165146415343095, -2.257735026898592512, 5.481304907451685970 ) ) ;
#7946 = MECHANICAL_DESIGN_GEOMETRIC_PRESENTATION_REPRESENTATION (  '', ( #3143 ), #145 ) ;
#7947 = CARTESIAN_POINT ( 'NONE',  ( -5.900000000029100633, -2.199999999979629806, 5.400000000000001243 ) ) ;
#7948 = ORIENTED_EDGE ( 'NONE', *, *, #387, .T. ) ;
#7949 = EDGE_CURVE ( 'NONE', #5738, #462, #2887, .T. ) ;
#7950 = MECHANICAL_DESIGN_GEOMETRIC_PRESENTATION_REPRESENTATION (  '', ( #2380 ), #608 ) ;
#7951 = STYLED_ITEM ( 'NONE', ( #3339 ), #2237 ) ;
#7952 = VECTOR ( 'NONE', #2796, 1000.000000000000000 ) ;
#7953 = SURFACE_SIDE_STYLE ('',( #7198 ) ) ;
#7954 = FACE_OUTER_BOUND ( 'NONE', #8532, .T. ) ;
#7955 = CARTESIAN_POINT ( 'NONE',  ( 3.250000000000000444, -2.799999999999999822, 1.000000000000000000 ) ) ;
#7956 =( NAMED_UNIT ( * ) PLANE_ANGLE_UNIT ( ) SI_UNIT ( $, .RADIAN. ) );
#7957 = DIRECTION ( 'NONE',  ( -0.7071067811865480168, 0.000000000000000000, -0.7071067811865470176 ) ) ;
#7958 = ORIENTED_EDGE ( 'NONE', *, *, #8004, .F. ) ;
#7959 = VECTOR ( 'NONE', #8188, 1000.000000000000000 ) ;
#7960 = SURFACE_STYLE_USAGE ( .BOTH. , #3503 ) ;
#7961 = STYLED_ITEM ( 'NONE', ( #3265 ), #2279 ) ;
#7962 = CIRCLE ( 'NONE', #6765, 0.1000000000000000472 ) ;
#7963 = EDGE_CURVE ( 'NONE', #6987, #7106, #8923, .T. ) ;
#7964 = EDGE_CURVE ( 'NONE', #3088, #2928, #840, .T. ) ;
#7965 = CARTESIAN_POINT ( 'NONE',  ( -5.900000000029099745, -2.199999999979629806, 1.100000000000000089 ) ) ;
#7966 = CARTESIAN_POINT ( 'NONE',  ( -6.000000000029100278, 2.199999999979629806, 5.400000000000000355 ) ) ;
#7967 = FILL_AREA_STYLE_COLOUR ( '', #229 ) ;
#7968 = PRESENTATION_STYLE_ASSIGNMENT (( #3643 ) ) ;
#7969 = ORIENTED_EDGE ( 'NONE', *, *, #2742, .F. ) ;
#7970 = CARTESIAN_POINT ( 'NONE',  ( -5.957735026948064672, 2.234165146365872268, 5.481304907451682418 ) ) ;
#7971 = EDGE_CURVE ( 'NONE', #71, #6144, #3542, .T. ) ;
#7972 = ORIENTED_EDGE ( 'NONE', *, *, #2741, .F. ) ;
#7973 = VECTOR ( 'NONE', #4962, 1000.000000000000114 ) ;
#7974 = ORIENTED_EDGE ( 'NONE', *, *, #6567, .T. ) ;
#7975 = EDGE_CURVE ( 'NONE', #2568, #3510, #637, .T. ) ;
#7976 = ORIENTED_EDGE ( 'NONE', *, *, #574, .T. ) ;
#7977 = FILL_AREA_STYLE_COLOUR ( '', #595 ) ;
#7978 = CARTESIAN_POINT ( 'NONE',  ( 5.991030663955241309, 2.233062582872589186, 5.375094501859786433 ) ) ;
#7979 = COLOUR_RGB ( '',0.7294117647058823151, 0.5176470588235293491, 0.3058823529411764941 ) ;
#7980 = PLANE ( 'NONE',  #4050 ) ;
#7981 = SURFACE_SIDE_STYLE ('',( #77 ) ) ;
#7982 = EDGE_CURVE ( 'NONE', #4145, #6343, #6409, .T. ) ;
#7983 = CARTESIAN_POINT ( 'NONE',  ( -3.117763191482009866, -2.299999999979629894, 2.250000000000000444 ) ) ;
#7984 =( LENGTH_UNIT ( ) NAMED_UNIT ( * ) SI_UNIT ( .MILLI., .METRE. ) );
#7985 = ORIENTED_EDGE ( 'NONE', *, *, #7971, .F. ) ;
#7986 = CARTESIAN_POINT ( 'NONE',  ( -5.800000000029100100, 2.799999999999999822, 2.250000000000000444 ) ) ;
#7987 = VERTEX_POINT ( 'NONE', #3455 ) ;
#7988 = ORIENTED_EDGE ( 'NONE', *, *, #7326, .F. ) ;
#7989 = MECHANICAL_DESIGN_GEOMETRIC_PRESENTATION_REPRESENTATION (  '', ( #4219 ), #643 ) ;
#7990 = CARTESIAN_POINT ( 'NONE',  ( 0.000000000000000000, 2.799999999999999822, 0.000000000000000000 ) ) ;
#7991 = CARTESIAN_POINT ( 'NONE',  ( 3.250000000000000444, -2.200000000000000178, 1.100000000000000089 ) ) ;
#7992 = CARTESIAN_POINT ( 'NONE',  ( -5.957735026948063783, 2.257735026898593844, 5.457735026918961729 ) ) ;
#7993 = DIRECTION ( 'NONE',  ( 0.000000000000000000, -1.000000000000000000, 0.000000000000000000 ) ) ;
#7994 = CARTESIAN_POINT ( 'NONE',  ( -5.991030663955241309, -2.233062582872592294, 5.375094501859785545 ) ) ;
#7995 = EDGE_CURVE ( 'NONE', #4726, #7637, #4986, .T. ) ;
#7996 = LINE ( 'NONE', #2915, #2349 ) ;
#7997 = DIRECTION ( 'NONE',  ( -0.5734623443633278805, 0.8192319205190407017, 0.000000000000000000 ) ) ;
#7998 = ORIENTED_EDGE ( 'NONE', *, *, #4603, .F. ) ;
#7999 = COLOUR_RGB ( '',0.7294117647058823151, 0.5176470588235293491, 0.3058823529411764941 ) ;
#8000 =( LENGTH_UNIT ( ) NAMED_UNIT ( * ) SI_UNIT ( .MILLI., .METRE. ) );
#8001 = FILL_AREA_STYLE ('',( #5118 ) ) ;
#8002 =( NAMED_UNIT ( * ) PLANE_ANGLE_UNIT ( ) SI_UNIT ( $, .RADIAN. ) );
#8003 =( NAMED_UNIT ( * ) PLANE_ANGLE_UNIT ( ) SI_UNIT ( $, .RADIAN. ) );
#8004 = EDGE_CURVE ( 'NONE', #2438, #6474, #5737, .T. ) ;
#8005 = ORIENTED_EDGE ( 'NONE', *, *, #2191, .F. ) ;
#8006 =( GEOMETRIC_REPRESENTATION_CONTEXT ( 3 ) GLOBAL_UNCERTAINTY_ASSIGNED_CONTEXT ( ( #6820 ) ) GLOBAL_UNIT_ASSIGNED_CONTEXT ( ( #2551, #6167, #5982 ) ) REPRESENTATION_CONTEXT ( 'NONE', 'WORKASPACE' ) );
#8007 = DIRECTION ( 'NONE',  ( 0.9369532139012849425, -0.000000000000000000, 0.3494548253495050050 ) ) ;
#8008 = VECTOR ( 'NONE', #240, 1000.000000000000000 ) ;
#8009 =( NAMED_UNIT ( * ) SI_UNIT ( $, .STERADIAN. ) SOLID_ANGLE_UNIT ( ) );
#8010 = PLANE ( 'NONE',  #7560 ) ;
#8011 = AXIS2_PLACEMENT_3D ( 'NONE', #4908, #4097, #2610 ) ;
#8012 = DIRECTION ( 'NONE',  ( 0.000000000000000000, -1.000000000000000000, -0.000000000000000000 ) ) ;
#8013 = DIRECTION ( 'NONE',  ( -0.7071067811865474617, 0.000000000000000000, -0.7071067811865476838 ) ) ;
#8014 = VECTOR ( 'NONE', #7123, 1000.000000000000000 ) ;
#8015 = DIRECTION ( 'NONE',  ( 0.000000000000000000, 0.000000000000000000, 1.000000000000000000 ) ) ;
#8016 = LINE ( 'NONE', #1555, #5922 ) ;
#8017 = DIRECTION ( 'NONE',  ( -1.000000000000000000, -0.000000000000000000, 0.000000000000000000 ) ) ;
#8018 = CARTESIAN_POINT ( 'NONE',  ( 3.117763191479100193, -2.299999999979629894, 2.250000000000000444 ) ) ;
#8019 = PRESENTATION_STYLE_ASSIGNMENT (( #7520 ) ) ;
#8020 = ORIENTED_EDGE ( 'NONE', *, *, #8040, .T. ) ;
#8021 = SURFACE_STYLE_FILL_AREA ( #2146 ) ;
#8022 = ORIENTED_EDGE ( 'NONE', *, *, #69, .T. ) ;
#8023 = PLANE ( 'NONE',  #7646 ) ;
#8024 =( NAMED_UNIT ( * ) PLANE_ANGLE_UNIT ( ) SI_UNIT ( $, .RADIAN. ) );
#8025 = ORIENTED_EDGE ( 'NONE', *, *, #9245, .F. ) ;
#8026 = ORIENTED_EDGE ( 'NONE', *, *, #5333, .F. ) ;
#8027 = CARTESIAN_POINT ( 'NONE',  ( -5.800000000029100100, 2.200000000000000178, 6.000000000000000000 ) ) ;
#8028 = SURFACE_SIDE_STYLE ('',( #7929 ) ) ;
#8029 = AXIS2_PLACEMENT_3D ( 'NONE', #5915, #4465, #7332 ) ;
#8030 = LINE ( 'NONE', #450, #5673 ) ;
#8031 = MECHANICAL_DESIGN_GEOMETRIC_PRESENTATION_REPRESENTATION (  '', ( #367 ), #4711 ) ;
#8032 = EDGE_CURVE ( 'NONE', #1524, #1882, #3549, .T. ) ;
#8033 =( LENGTH_UNIT ( ) NAMED_UNIT ( * ) SI_UNIT ( .MILLI., .METRE. ) );
#8034 = DIRECTION ( 'NONE',  ( 0.000000000000000000, 0.000000000000000000, -1.000000000000000000 ) ) ;
#8035 = LINE ( 'NONE', #1575, #191 ) ;
#8036 = ORIENTED_EDGE ( 'NONE', *, *, #3325, .F. ) ;
#8037 = MECHANICAL_DESIGN_GEOMETRIC_PRESENTATION_REPRESENTATION (  '', ( #5020 ), #5315 ) ;
#8038 = ORIENTED_EDGE ( 'NONE', *, *, #4824, .F. ) ;
#8039 = DIRECTION ( 'NONE',  ( -0.8192319205190404796, 0.5734623443633283246, 3.875838667619851961E-16 ) ) ;
#8040 = EDGE_CURVE ( 'NONE', #8403, #5652, #2084, .T. ) ;
#8041 = UNCERTAINTY_MEASURE_WITH_UNIT (LENGTH_MEASURE( 1.000000000000000082E-05 ), #5986, 'distance_accuracy_value', 'NONE');
#8042 = MECHANICAL_DESIGN_GEOMETRIC_PRESENTATION_REPRESENTATION (  '', ( #9076 ), #8630 ) ;
#8043 = VECTOR ( 'NONE', #5587, 1000.000000000000000 ) ;
#8044 = CARTESIAN_POINT ( 'NONE',  ( 5.800000000029100100, -2.799999999999999822, 2.250000000000000444 ) ) ;
#8045 = MECHANICAL_DESIGN_GEOMETRIC_PRESENTATION_REPRESENTATION (  '', ( #981 ), #6229 ) ;
#8046 = DIRECTION ( 'NONE',  ( 1.000000000000000000, 0.000000000000000000, 0.000000000000000000 ) ) ;
#8047 = LINE ( 'NONE', #8737, #7023 ) ;
#8048 = PLANE ( 'NONE',  #5157 ) ;
#8049 = MECHANICAL_DESIGN_GEOMETRIC_PRESENTATION_REPRESENTATION (  '', ( #545 ), #2633 ) ;
#8050 = AXIS2_PLACEMENT_3D ( 'NONE', #895, #6636, #189 ) ;
#8051 = ADVANCED_FACE ( 'NONE', ( #1985 ), #7819, .T. ) ;
#8052 = DIRECTION ( 'NONE',  ( 1.000000000000000000, 0.000000000000000000, 0.000000000000000000 ) ) ;
#8053 = CARTESIAN_POINT ( 'NONE',  ( -3.250000000000000444, -2.799999999999999822, 1.000000000000000000 ) ) ;
#8054 = CARTESIAN_POINT ( 'NONE',  ( -6.500000000000000888, -2.799999999999999822, 1.100000000000000089 ) ) ;
#8055 = VECTOR ( 'NONE', #3539, 1000.000000000000000 ) ;
#8056 = ORIENTED_EDGE ( 'NONE', *, *, #2385, .T. ) ;
#8057 = SURFACE_SIDE_STYLE ('',( #5973 ) ) ;
#8058 = CARTESIAN_POINT ( 'NONE',  ( -4.049999999999999822, -2.799999999999999822, 2.250000000000000444 ) ) ;
#8059 = PRESENTATION_LAYER_ASSIGNMENT (  '', '', ( #8786 ) ) ;
#8060 = PRESENTATION_STYLE_ASSIGNMENT (( #816 ) ) ;
#8061 = FACE_OUTER_BOUND ( 'NONE', #7768, .T. ) ;
#8062 = LINE ( 'NONE', #7966, #4964 ) ;
#8063 = SURFACE_STYLE_USAGE ( .BOTH. , #5878 ) ;
#8064 = SURFACE_SIDE_STYLE ('',( #1559 ) ) ;
#8065 = FILL_AREA_STYLE_COLOUR ( '', #2539 ) ;
#8066 = ORIENTED_EDGE ( 'NONE', *, *, #6134, .T. ) ;
#8067 = SURFACE_STYLE_USAGE ( .BOTH. , #5794 ) ;
#8068 = DIRECTION ( 'NONE',  ( 0.000000000000000000, 0.000000000000000000, -1.000000000000000000 ) ) ;
#8069 = EDGE_LOOP ( 'NONE', ( #7221, #2804, #8985, #5401, #131, #8896, #8900, #7834, #3627, #7454, #9276, #6147, #2752, #3374, #5393, #480, #7969, #518, #2168, #2870, #2037, #5547, #4707, #7033, #4939, #1305 ) ) ;
#8070 = FILL_AREA_STYLE_COLOUR ( '', #9295 ) ;
#8071 = LINE ( 'NONE', #1618, #8257 ) ;
#8072 = VECTOR ( 'NONE', #2076, 1000.000000000000000 ) ;
#8073 = PRESENTATION_STYLE_ASSIGNMENT (( #1658 ) ) ;
#8074 = COLOUR_RGB ( '',0.2862745098039215508, 0.2862745098039215508, 0.2862745098039215508 ) ;
#8075 = LINE ( 'NONE', #7060, #6033 ) ;
#8076 = VECTOR ( 'NONE', #8387, 1000.000000000000000 ) ;
#8077 = PRESENTATION_STYLE_ASSIGNMENT (( #223 ) ) ;
#8078 = VERTEX_POINT ( 'NONE', #8467 ) ;
#8079 = VERTEX_POINT ( 'NONE', #1382 ) ;
#8080 = LINE ( 'NONE', #7315, #8236 ) ;
#8081 = ADVANCED_FACE ( 'NONE', ( #2178 ), #8424, .T. ) ;
#8082 =( GEOMETRIC_REPRESENTATION_CONTEXT ( 3 ) GLOBAL_UNCERTAINTY_ASSIGNED_CONTEXT ( ( #3569 ) ) GLOBAL_UNIT_ASSIGNED_CONTEXT ( ( #6268, #9135, #7078 ) ) REPRESENTATION_CONTEXT ( 'NONE', 'WORKASPACE' ) );
#8083 = COLOUR_RGB ( '',0.7450980392156862919, 0.7372549019607843590, 0.7294117647058823151 ) ;
#8084 = DIRECTION ( 'NONE',  ( -1.000000000000000000, 0.000000000000000000, 0.000000000000000000 ) ) ;
#8085 = DIRECTION ( 'NONE',  ( -0.000000000000000000, -0.000000000000000000, 1.000000000000000000 ) ) ;
#8086 = LINE ( 'NONE', #7191, #9007 ) ;
#8087 = LINE ( 'NONE', #1511, #4808 ) ;
#8088 = CARTESIAN_POINT ( 'NONE',  ( -6.500000000000000888, -1.000000000000000000, 0.000000000000000000 ) ) ;
#8089 = STYLED_ITEM ( 'NONE', ( #6637 ), #1712 ) ;
#8090 = FILL_AREA_STYLE ('',( #4408 ) ) ;
#8091 = EDGE_LOOP ( 'NONE', ( #418, #3695, #780, #6949 ) ) ;
#8092 =( GEOMETRIC_REPRESENTATION_CONTEXT ( 3 ) GLOBAL_UNCERTAINTY_ASSIGNED_CONTEXT ( ( #3135 ) ) GLOBAL_UNIT_ASSIGNED_CONTEXT ( ( #171, #67, #8120 ) ) REPRESENTATION_CONTEXT ( 'NONE', 'WORKASPACE' ) );
#8093 = DIRECTION ( 'NONE',  ( 0.000000000000000000, 1.000000000000000000, 0.000000000000000000 ) ) ;
#8094 = EDGE_CURVE ( 'NONE', #3343, #2192, #3020, .T. ) ;
#8095 =( GEOMETRIC_REPRESENTATION_CONTEXT ( 3 ) GLOBAL_UNCERTAINTY_ASSIGNED_CONTEXT ( ( #1309 ) ) GLOBAL_UNIT_ASSIGNED_CONTEXT ( ( #2696, #538, #7719 ) ) REPRESENTATION_CONTEXT ( 'NONE', 'WORKASPACE' ) );
#8096 = CIRCLE ( 'NONE', #884, 0.1000000000000002831 ) ;
#8097 = FACE_OUTER_BOUND ( 'NONE', #2431, .T. ) ;
#8098 = SURFACE_STYLE_USAGE ( .BOTH. , #9010 ) ;
#8099 = CARTESIAN_POINT ( 'NONE',  ( -2.750000000000000000, 0.2000000000000000111, 0.000000000000000000 ) ) ;
#8100 = CARTESIAN_POINT ( 'NONE',  ( -0.1500000000000013545, -8.300000000000000711, 4.750000000000000000 ) ) ;
#8101 = CARTESIAN_POINT ( 'NONE',  ( 6.500000000000001776, -2.200000000000000178, 3.250000000000000888 ) ) ;
#8102 = ORIENTED_EDGE ( 'NONE', *, *, #5452, .T. ) ;
#8103 = CARTESIAN_POINT ( 'NONE',  ( -3.250000000000000444, 0.2000000000000000111, 0.000000000000000000 ) ) ;
#8104 = DIRECTION ( 'NONE',  ( -0.000000000000000000, 0.000000000000000000, 1.000000000000000000 ) ) ;
#8105 = FILL_AREA_STYLE_COLOUR ( '', #5006 ) ;
#8106 = LINE ( 'NONE', #2443, #6079 ) ;
#8107 = STYLED_ITEM ( 'NONE', ( #1019 ), #2824 ) ;
#8108 = VECTOR ( 'NONE', #3384, 1000.000000000000000 ) ;
#8109 = MECHANICAL_DESIGN_GEOMETRIC_PRESENTATION_REPRESENTATION (  '', ( #3887 ), #4032 ) ;
#8110 = DIRECTION ( 'NONE',  ( -0.000000000000000000, -1.000000000000000000, 0.000000000000000000 ) ) ;
#8111 = PLANE ( 'NONE',  #8535 ) ;
#8112 = VECTOR ( 'NONE', #5959, 1000.000000000000000 ) ;
#8113 =( GEOMETRIC_REPRESENTATION_CONTEXT ( 3 ) GLOBAL_UNCERTAINTY_ASSIGNED_CONTEXT ( ( #6190 ) ) GLOBAL_UNIT_ASSIGNED_CONTEXT ( ( #1088, #4804, #1238 ) ) REPRESENTATION_CONTEXT ( 'NONE', 'WORKASPACE' ) );
#8114 = PRESENTATION_STYLE_ASSIGNMENT (( #8749 ) ) ;
#8115 = ORIENTED_EDGE ( 'NONE', *, *, #5894, .F. ) ;
#8116 = CARTESIAN_POINT ( 'NONE',  ( -1.625000000000000222, 2.200000000000000178, 5.400000000000000355 ) ) ;
#8117 = CIRCLE ( 'NONE', #5243, 0.1000000000000000333 ) ;
#8118 = ORIENTED_EDGE ( 'NONE', *, *, #2884, .F. ) ;
#8119 = ADVANCED_FACE ( 'NONE', ( #4514 ), #4369, .T. ) ;
#8120 =( NAMED_UNIT ( * ) SI_UNIT ( $, .STERADIAN. ) SOLID_ANGLE_UNIT ( ) );
#8121 = CARTESIAN_POINT ( 'NONE',  ( 6.000000000029101166, -2.799999999999999822, 3.440418332022768144 ) ) ;
#8122 = MECHANICAL_DESIGN_GEOMETRIC_PRESENTATION_REPRESENTATION (  '', ( #3007 ), #6918 ) ;
#8123 = ORIENTED_EDGE ( 'NONE', *, *, #356, .T. ) ;
#8124 = DIRECTION ( 'NONE',  ( 1.000000000000000000, 0.000000000000000000, -0.000000000000000000 ) ) ;
#8125 = DIRECTION ( 'NONE',  ( 0.000000000000000000, 0.000000000000000000, -1.000000000000000000 ) ) ;
#8126 = LINE ( 'NONE', #3124, #5402 ) ;
#8127 =( GEOMETRIC_REPRESENTATION_CONTEXT ( 3 ) GLOBAL_UNCERTAINTY_ASSIGNED_CONTEXT ( ( #3046 ) ) GLOBAL_UNIT_ASSIGNED_CONTEXT ( ( #8587, #4393, #125 ) ) REPRESENTATION_CONTEXT ( 'NONE', 'WORKASPACE' ) );
#8128 = CIRCLE ( 'NONE', #3474, 0.5999999999999998668 ) ;
#8129 = LINE ( 'NONE', #3214, #2354 ) ;
#8130 = PRODUCT_CONTEXT ( 'NONE', #3919, 'mechanical' ) ;
#8131 = ORIENTED_EDGE ( 'NONE', *, *, #335, .F. ) ;
#8132 = VERTEX_POINT ( 'NONE', #8101 ) ;
#8133 = STYLED_ITEM ( 'NONE', ( #58 ), #3855 ) ;
#8134 = UNCERTAINTY_MEASURE_WITH_UNIT (LENGTH_MEASURE( 1.000000000000000082E-05 ), #4371, 'distance_accuracy_value', 'NONE');
#8135 = FACE_OUTER_BOUND ( 'NONE', #1108, .T. ) ;
#8136 = PLANE ( 'NONE',  #3282 ) ;
#8137 = CARTESIAN_POINT ( 'NONE',  ( -3.250000000000000444, 0.2000000000000000111, 2.000000000000000000 ) ) ;
#8138 = CARTESIAN_POINT ( 'NONE',  ( -3.250000000000000444, -2.200000000000000178, 0.5000000000000000000 ) ) ;
#8139 = SURFACE_STYLE_USAGE ( .BOTH. , #3710 ) ;
#8140 = EDGE_CURVE ( 'NONE', #2771, #8379, #7382, .T. ) ;
#8141 = CARTESIAN_POINT ( 'NONE',  ( 5.961381300156008756, 2.203302719417257638, 5.508521061192352519 ) ) ;
#8142 = SURFACE_STYLE_USAGE ( .BOTH. , #6780 ) ;
#8143 = DIRECTION ( 'NONE',  ( 1.000000000000000000, 0.000000000000000000, 0.000000000000000000 ) ) ;
#8144 = EDGE_LOOP ( 'NONE', ( #4400, #2725, #8679, #6844 ) ) ;
#8145 = EDGE_CURVE ( 'NONE', #6429, #2192, #34, .T. ) ;
#8146 = SURFACE_STYLE_USAGE ( .BOTH. , #945 ) ;
#8147 = EDGE_CURVE ( 'NONE', #3790, #793, #5869, .T. ) ;
#8148 = PRESENTATION_STYLE_ASSIGNMENT (( #3195 ) ) ;
#8149 = EDGE_CURVE ( 'NONE', #6913, #5092, #2215, .T. ) ;
#8150 = CARTESIAN_POINT ( 'NONE',  ( -5.957735026948062007, -2.257735026898592068, 5.457735026918962618 ) ) ;
#8151 = DIRECTION ( 'NONE',  ( 0.000000000000000000, 0.000000000000000000, 1.000000000000000000 ) ) ;
#8152 = LINE ( 'NONE', #1605, #4664 ) ;
#8153 = CIRCLE ( 'NONE', #1988, 0.1000000000000002554 ) ;
#8154 = DIRECTION ( 'NONE',  ( -1.000000000000000000, -0.000000000000000000, -0.000000000000000000 ) ) ;
#8155 = ORIENTED_EDGE ( 'NONE', *, *, #765, .T. ) ;
#8156 = DIRECTION ( 'NONE',  ( 0.000000000000000000, -1.000000000000000000, 0.000000000000000000 ) ) ;
#8157 = EDGE_LOOP ( 'NONE', ( #339, #4659, #697, #720, #7409, #4251, #7399, #8610 ) ) ;
#8158 = VECTOR ( 'NONE', #8391, 1000.000000000000000 ) ;
#8159 = LINE ( 'NONE', #1793, #5830 ) ;
#8160 = FILL_AREA_STYLE_COLOUR ( '', #3851 ) ;
#8161 = ORIENTED_EDGE ( 'NONE', *, *, #2385, .F. ) ;
#8162 = PRODUCT_CONTEXT ( 'NONE', #1812, 'mechanical' ) ;
#8163 = EDGE_LOOP ( 'NONE', ( #2053, #7924, #6566, #1328, #3229, #7948, #5858, #4209 ) ) ;
#8164 = ORIENTED_EDGE ( 'NONE', *, *, #1855, .T. ) ;
#8165 =( GEOMETRIC_REPRESENTATION_CONTEXT ( 3 ) GLOBAL_UNCERTAINTY_ASSIGNED_CONTEXT ( ( #5666 ) ) GLOBAL_UNIT_ASSIGNED_CONTEXT ( ( #5597, #1242, #4184 ) ) REPRESENTATION_CONTEXT ( 'NONE', 'WORKASPACE' ) );
#8166 = SURFACE_STYLE_FILL_AREA ( #2470 ) ;
#8167 = EDGE_CURVE ( 'NONE', #1882, #1359, #5137, .T. ) ;
#8168 = UNCERTAINTY_MEASURE_WITH_UNIT (LENGTH_MEASURE( 1.000000000000000082E-05 ), #1364, 'distance_accuracy_value', 'NONE');
#8169 = CARTESIAN_POINT ( 'NONE',  ( 5.900000000029099745, -2.199999999979629806, 1.100000000000000089 ) ) ;
#8170 = PLANE ( 'NONE',  #2340 ) ;
#8171 =( GEOMETRIC_REPRESENTATION_CONTEXT ( 3 ) GLOBAL_UNCERTAINTY_ASSIGNED_CONTEXT ( ( #56 ) ) GLOBAL_UNIT_ASSIGNED_CONTEXT ( ( #1123, #7425, #2437 ) ) REPRESENTATION_CONTEXT ( 'NONE', 'WORKASPACE' ) );
#8172 = FILL_AREA_STYLE ('',( #8267 ) ) ;
#8173 = VECTOR ( 'NONE', #6058, 1000.000000000000000 ) ;
#8174 = MECHANICAL_DESIGN_GEOMETRIC_PRESENTATION_REPRESENTATION (  '', ( #829 ), #821 ) ;
#8175 = SURFACE_STYLE_USAGE ( .BOTH. , #8216 ) ;
#8176 = SURFACE_STYLE_USAGE ( .BOTH. , #8271 ) ;
#8177 = PRESENTATION_STYLE_ASSIGNMENT (( #5968 ) ) ;
#8178 = VERTEX_POINT ( 'NONE', #7333 ) ;
#8179 = MECHANICAL_DESIGN_GEOMETRIC_PRESENTATION_REPRESENTATION (  '', ( #6989 ), #3231 ) ;
#8180 = CARTESIAN_POINT ( 'NONE',  ( 5.800000000029100100, -2.799999999999999822, 2.250000000000000444 ) ) ;
#8181 =( GEOMETRIC_REPRESENTATION_CONTEXT ( 3 ) GLOBAL_UNCERTAINTY_ASSIGNED_CONTEXT ( ( #7021 ) ) GLOBAL_UNIT_ASSIGNED_CONTEXT ( ( #166, #4477, #6607 ) ) REPRESENTATION_CONTEXT ( 'NONE', 'WORKASPACE' ) );
#8182 = VECTOR ( 'NONE', #7623, 1000.000000000000000 ) ;
#8183 =( BOUNDED_SURFACE ( )  B_SPLINE_SURFACE ( 3, 3, ( 
 ( #2894, #3554, #6418, #9283 ),
 ( #6514, #59, #1514, #2936 ),
 ( #2225, #5086, #2497, #8878 ),
 ( #6025, #8790, #5175, #6789 ) ),
 .UNSPECIFIED., .F., .F., .F. ) 
 B_SPLINE_SURFACE_WITH_KNOTS ( ( 4, 4 ),
 ( 4, 4 ),
 ( 0.000000000000000000, 1.000000000000000000 ),
 ( 0.000000000000000000, 1.000000000000000000 ),
 .UNSPECIFIED. ) 
 GEOMETRIC_REPRESENTATION_ITEM ( )  RATIONAL_B_SPLINE_SURFACE ( (
 ( 1.000000000000000000, 0.3333333333333337034, 0.3333333333333337034, 1.000000000000000000),
 ( 0.9245018060306381402, 0.3081672686768797131, 0.3081672686768797131, 0.9245018060306381402),
 ( 0.9245018060306381402, 0.3081672686768797131, 0.3081672686768797131, 0.9245018060306381402),
 ( 1.000000000000000000, 0.3333333333333337034, 0.3333333333333337034, 1.000000000000000000) ) ) 
 REPRESENTATION_ITEM ( '' )  SURFACE ( )  );
#8184 = EDGE_CURVE ( 'NONE', #3823, #822, #2395, .T. ) ;
#8185 = COLOUR_RGB ( '',0.7450980392156862919, 0.7372549019607843590, 0.7294117647058823151 ) ;
#8186 = CIRCLE ( 'NONE', #7438, 0.1000000000000002554 ) ;
#8187 = CARTESIAN_POINT ( 'NONE',  ( -2.750000000000000000, 0.000000000000000000, 2.000000000000000000 ) ) ;
#8188 = DIRECTION ( 'NONE',  ( 1.000000000000000000, 0.000000000000000000, -0.000000000000000000 ) ) ;
#8189 =( NAMED_UNIT ( * ) SI_UNIT ( $, .STERADIAN. ) SOLID_ANGLE_UNIT ( ) );
#8190 = ORIENTED_EDGE ( 'NONE', *, *, #3669, .F. ) ;
#8191 = CARTESIAN_POINT ( 'NONE',  ( 5.800000000029100100, 2.799999999999999822, 2.250000000000000444 ) ) ;
#8192 = EDGE_CURVE ( 'NONE', #1711, #6055, #8316, .T. ) ;
#8193 = VERTEX_POINT ( 'NONE', #3342 ) ;
#8194 = CARTESIAN_POINT ( 'NONE',  ( -6.000000000029100278, 2.299999999979629894, 2.250000000000000444 ) ) ;
#8195 = SURFACE_SIDE_STYLE ('',( #1946 ) ) ;
#8196 = PRESENTATION_STYLE_ASSIGNMENT (( #2507 ) ) ;
#8197 = MECHANICAL_DESIGN_GEOMETRIC_PRESENTATION_REPRESENTATION (  '', ( #2494 ), #851 ) ;
#8198 = LINE ( 'NONE', #4628, #6093 ) ;
#8199 = VERTEX_POINT ( 'NONE', #8962 ) ;
#8200 = ADVANCED_FACE ( 'NONE', ( #8913 ), #5446, .T. ) ;
#8201 = ORIENTED_EDGE ( 'NONE', *, *, #7854, .F. ) ;
#8202 = VERTEX_POINT ( 'NONE', #4031 ) ;
#8203 =( NAMED_UNIT ( * ) PLANE_ANGLE_UNIT ( ) SI_UNIT ( $, .RADIAN. ) );
#8204 =( GEOMETRIC_REPRESENTATION_CONTEXT ( 3 ) GLOBAL_UNCERTAINTY_ASSIGNED_CONTEXT ( ( #1386 ) ) GLOBAL_UNIT_ASSIGNED_CONTEXT ( ( #9219, #5637, #7193 ) ) REPRESENTATION_CONTEXT ( 'NONE', 'WORKASPACE' ) );
#8205 = UNCERTAINTY_MEASURE_WITH_UNIT (LENGTH_MEASURE( 1.000000000000000082E-05 ), #8564, 'distance_accuracy_value', 'NONE');
#8206 = MECHANICAL_DESIGN_GEOMETRIC_PRESENTATION_REPRESENTATION (  '', ( #4909 ), #5957 ) ;
#8207 =( NAMED_UNIT ( * ) SI_UNIT ( $, .STERADIAN. ) SOLID_ANGLE_UNIT ( ) );
#8208 = SURFACE_SIDE_STYLE ('',( #3284 ) ) ;
#8209 = VECTOR ( 'NONE', #4862, 1000.000000000000000 ) ;
#8210 = SURFACE_STYLE_FILL_AREA ( #6912 ) ;
#8211 = AXIS2_PLACEMENT_3D ( 'NONE', #5498, #3395, #8366 ) ;
#8212 = PLANE ( 'NONE',  #8759 ) ;
#8213 = CIRCLE ( 'NONE', #4463, 0.1000000000000002554 ) ;
#8214 = VECTOR ( 'NONE', #1788, 1000.000000000000000 ) ;
#8215 = UNCERTAINTY_MEASURE_WITH_UNIT (LENGTH_MEASURE( 1.000000000000000082E-05 ), #3843, 'distance_accuracy_value', 'NONE');
#8216 = SURFACE_SIDE_STYLE ('',( #5296 ) ) ;
#8217 = CARTESIAN_POINT ( 'NONE',  ( 5.800000000029100100, -2.799999999999999822, 3.321173431502630446 ) ) ;
#8218 = AXIS2_PLACEMENT_3D ( 'NONE', #3673, #3055, #8052 ) ;
#8219 = LINE ( 'NONE', #3238, #6218 ) ;
#8220 = CARTESIAN_POINT ( 'NONE',  ( -3.250000000000000444, -2.799999999999999822, 0.000000000000000000 ) ) ;
#8221 = VERTEX_POINT ( 'NONE', #3854 ) ;
#8222 = CARTESIAN_POINT ( 'NONE',  ( -3.250000000000000444, 2.799999999999999822, 2.250000000000000444 ) ) ;
#8223 = PLANE ( 'NONE',  #5264 ) ;
#8224 = STYLED_ITEM ( 'NONE', ( #1252 ), #4192 ) ;
#8225 = LINE ( 'NONE', #247, #6684 ) ;
#8226 = STYLED_ITEM ( 'NONE', ( #1966 ), #2713 ) ;
#8227 = CIRCLE ( 'NONE', #2988, 0.09999999999999978351 ) ;
#8228 = COLOUR_RGB ( '',0.7450980392156862919, 0.7372549019607843590, 0.7294117647058823151 ) ;
#8229 = CARTESIAN_POINT ( 'NONE',  ( 6.000000000029100278, 2.799999999999999822, 3.440418332022769921 ) ) ;
#8230 = FILL_AREA_STYLE ('',( #2547 ) ) ;
#8231 = SURFACE_STYLE_USAGE ( .BOTH. , #3249 ) ;
#8232 = FACE_OUTER_BOUND ( 'NONE', #5412, .T. ) ;
#8233 = FACE_OUTER_BOUND ( 'NONE', #6524, .T. ) ;
#8234 =( LENGTH_UNIT ( ) NAMED_UNIT ( * ) SI_UNIT ( .MILLI., .METRE. ) );
#8235 = ORIENTED_EDGE ( 'NONE', *, *, #2440, .T. ) ;
#8236 = VECTOR ( 'NONE', #8767, 1000.000000000000000 ) ;
#8237 = COLOUR_RGB ( '',0.7450980392156862919, 0.7372549019607843590, 0.7294117647058823151 ) ;
#8238 = UNCERTAINTY_MEASURE_WITH_UNIT (LENGTH_MEASURE( 1.000000000000000082E-05 ), #37, 'distance_accuracy_value', 'NONE');
#8239 = EDGE_CURVE ( 'NONE', #2451, #621, #5400, .T. ) ;
#8240 = DIRECTION ( 'NONE',  ( 5.163828021512360244E-16, 0.000000000000000000, -1.000000000000000000 ) ) ;
#8241 = EDGE_LOOP ( 'NONE', ( #5769, #2939, #7634, #3367, #2008, #964 ) ) ;
#8242 = LINE ( 'NONE', #2361, #4937 ) ;
#8243 = AXIS2_PLACEMENT_3D ( 'NONE', #770, #2895, #1558 ) ;
#8244 = STYLED_ITEM ( 'NONE', ( #6777 ), #2179 ) ;
#8245 = DIRECTION ( 'NONE',  ( 0.000000000000000000, 1.000000000000000000, 0.000000000000000000 ) ) ;
#8246 = PRODUCT_DEFINITION ( 'UNKNOWN', '', #6437, #8999 ) ;
#8247 = AXIS2_PLACEMENT_3D ( 'NONE', #3226, #1630, #8816 ) ;
#8248 = SURFACE_STYLE_FILL_AREA ( #968 ) ;
#8249 = DIRECTION ( 'NONE',  ( 0.000000000000000000, 0.000000000000000000, 1.000000000000000000 ) ) ;
#8250 = VERTEX_POINT ( 'NONE', #7522 ) ;
#8251 = DIRECTION ( 'NONE',  ( 1.000000000000000000, 0.000000000000000000, -0.000000000000000000 ) ) ;
#8252 = DIRECTION ( 'NONE',  ( 0.000000000000000000, 0.000000000000000000, 1.000000000000000000 ) ) ;
#8253 = EDGE_CURVE ( 'NONE', #8885, #6429, #350, .T. ) ;
#8254 = COLOUR_RGB ( '',0.2862745098039215508, 0.2862745098039215508, 0.2862745098039215508 ) ;
#8255 = ORIENTED_EDGE ( 'NONE', *, *, #5731, .F. ) ;
#8256 = ORIENTED_EDGE ( 'NONE', *, *, #5070, .F. ) ;
#8257 = VECTOR ( 'NONE', #6527, 1000.000000000000114 ) ;
#8258 = UNCERTAINTY_MEASURE_WITH_UNIT (LENGTH_MEASURE( 1.000000000000000082E-05 ), #216, 'distance_accuracy_value', 'NONE');
#8259 = ADVANCED_FACE ( 'NONE', ( #2583 ), #8363, .F. ) ;
#8260 = PRESENTATION_STYLE_ASSIGNMENT (( #3929 ) ) ;
#8261 = DIRECTION ( 'NONE',  ( 0.000000000000000000, -0.000000000000000000, -1.000000000000000000 ) ) ;
#8262 = PRESENTATION_STYLE_ASSIGNMENT (( #9106 ) ) ;
#8263 = EDGE_LOOP ( 'NONE', ( #6397, #6169, #3121, #38 ) ) ;
#8264 = LINE ( 'NONE', #3337, #6981 ) ;
#8265 = VECTOR ( 'NONE', #4140, 1000.000000000000000 ) ;
#8266 = VERTEX_POINT ( 'NONE', #4658 ) ;
#8267 = FILL_AREA_STYLE_COLOUR ( '', #6754 ) ;
#8268 = EDGE_CURVE ( 'NONE', #5641, #6700, #6054, .T. ) ;
#8269 =( NAMED_UNIT ( * ) SI_UNIT ( $, .STERADIAN. ) SOLID_ANGLE_UNIT ( ) );
#8270 = EDGE_CURVE ( 'NONE', #5425, #3447, #4977, .T. ) ;
#8271 = SURFACE_SIDE_STYLE ('',( #7424 ) ) ;
#8272 = LINE ( 'NONE', #9012, #4101 ) ;
#8273 = ORIENTED_EDGE ( 'NONE', *, *, #7172, .F. ) ;
#8274 =( LENGTH_UNIT ( ) NAMED_UNIT ( * ) SI_UNIT ( .MILLI., .METRE. ) );
#8275 = LINE ( 'NONE', #3242, #211 ) ;
#8276 = AXIS2_PLACEMENT_3D ( 'NONE', #5765, #4313, #8046 ) ;
#8277 = DIRECTION ( 'NONE',  ( 0.000000000000000000, -1.000000000000000000, 0.000000000000000000 ) ) ;
#8278 = CARTESIAN_POINT ( 'NONE',  ( -2.949999999999999734, 2.299999999979629894, 2.250000000000000444 ) ) ;
#8279 = DIRECTION ( 'NONE',  ( 0.000000000000000000, 0.000000000000000000, -1.000000000000000000 ) ) ;
#8280 = CARTESIAN_POINT ( 'NONE',  ( 5.900086743527171329, -2.799999999999999822, 5.126379046879570467 ) ) ;
#8281 = FILL_AREA_STYLE ('',( #5312 ) ) ;
#8282 = ORIENTED_EDGE ( 'NONE', *, *, #9001, .T. ) ;
#8283 = CARTESIAN_POINT ( 'NONE',  ( 5.957735026948062007, -2.257735026898588959, 5.457735026918967947 ) ) ;
#8284 = CARTESIAN_POINT ( 'NONE',  ( -5.875094501888885823, 2.233062582872593183, 1.008969336073858969 ) ) ;
#8285 = SURFACE_SIDE_STYLE ('',( #6317 ) ) ;
#8286 = ORIENTED_EDGE ( 'NONE', *, *, #5322, .F. ) ;
#8287 = SURFACE_SIDE_STYLE ('',( #5416 ) ) ;
#8288 = SURFACE_STYLE_FILL_AREA ( #5417 ) ;
#8289 = VECTOR ( 'NONE', #2955, 1000.000000000000000 ) ;
#8290 = DIRECTION ( 'NONE',  ( -1.000000000000000000, -1.193253363971189941E-16, 0.000000000000000000 ) ) ;
#8291 = DIRECTION ( 'NONE',  ( 1.000000000000000000, -0.000000000000000000, -7.930164461608259947E-17 ) ) ;
#8292 = CARTESIAN_POINT ( 'NONE',  ( 5.900000000029099745, 2.199999999979629806, 5.400000000000000355 ) ) ;
#8293 = ORIENTED_EDGE ( 'NONE', *, *, #3145, .F. ) ;
#8294 = PRESENTATION_STYLE_ASSIGNMENT (( #7455 ) ) ;
#8295 = MECHANICAL_DESIGN_GEOMETRIC_PRESENTATION_REPRESENTATION (  '', ( #3646 ), #8006 ) ;
#8296 = SHAPE_DEFINITION_REPRESENTATION ( #1327, #8736 ) ;
#8297 = COLOUR_RGB ( '',0.2862745098039215508, 0.2862745098039215508, 0.2862745098039215508 ) ;
#8298 = ORIENTED_EDGE ( 'NONE', *, *, #6543, .F. ) ;
#8299 = ORIENTED_EDGE ( 'NONE', *, *, #7580, .T. ) ;
#8300 = UNCERTAINTY_MEASURE_WITH_UNIT (LENGTH_MEASURE( 1.000000000000000082E-05 ), #1476, 'distance_accuracy_value', 'NONE');
#8301 = EDGE_CURVE ( 'NONE', #8132, #4537, #4074, .T. ) ;
#8302 = VECTOR ( 'NONE', #5741, 1000.000000000000000 ) ;
#8303 =( LENGTH_UNIT ( ) NAMED_UNIT ( * ) SI_UNIT ( .MILLI., .METRE. ) );
#8304 = ORIENTED_EDGE ( 'NONE', *, *, #3770, .T. ) ;
#8305 =( LENGTH_UNIT ( ) NAMED_UNIT ( * ) SI_UNIT ( .MILLI., .METRE. ) );
#8306 = VECTOR ( 'NONE', #8704, 1000.000000000000000 ) ;
#8307 = EDGE_CURVE ( 'NONE', #1459, #2438, #6342, .T. ) ;
#8308 = PRESENTATION_STYLE_ASSIGNMENT (( #7662 ) ) ;
#8309 = SURFACE_SIDE_STYLE ('',( #5439 ) ) ;
#8310 = ORIENTED_EDGE ( 'NONE', *, *, #1813, .T. ) ;
#8311 = MECHANICAL_DESIGN_GEOMETRIC_PRESENTATION_REPRESENTATION (  '', ( #1560 ), #8903 ) ;
#8312 = CARTESIAN_POINT ( 'NONE',  ( 5.957735026948062007, 2.257735026898592068, 5.457735026918962618 ) ) ;
#8313 =( GEOMETRIC_REPRESENTATION_CONTEXT ( 3 ) GLOBAL_UNCERTAINTY_ASSIGNED_CONTEXT ( ( #5602 ) ) GLOBAL_UNIT_ASSIGNED_CONTEXT ( ( #3847, #6725, #3799 ) ) REPRESENTATION_CONTEXT ( 'NONE', 'WORKASPACE' ) );
#8314 = DIRECTION ( 'NONE',  ( 0.000000000000000000, 0.000000000000000000, 1.000000000000000000 ) ) ;
#8315 =( LENGTH_UNIT ( ) NAMED_UNIT ( * ) SI_UNIT ( .MILLI., .METRE. ) );
#8316 = LINE ( 'NONE', #2488, #3186 ) ;
#8317 = ORIENTED_EDGE ( 'NONE', *, *, #2506, .F. ) ;
#8318 = DIRECTION ( 'NONE',  ( -1.000000000000000000, -0.000000000000000000, 0.000000000000000000 ) ) ;
#8319 = LINE ( 'NONE', #4797, #6839 ) ;
#8320 = CARTESIAN_POINT ( 'NONE',  ( -2.950000000000000178, 0.000000000000000000, -3.000000000000000000 ) ) ;
#8321 = SURFACE_STYLE_FILL_AREA ( #4663 ) ;
#8322 = ADVANCED_FACE ( 'NONE', ( #4267 ), #7668, .T. ) ;
#8323 = PRESENTATION_LAYER_ASSIGNMENT (  '', '', ( #5467 ) ) ;
#8324 = SURFACE_STYLE_FILL_AREA ( #5454 ) ;
#8325 = CARTESIAN_POINT ( 'NONE',  ( -1.200000000000000844, -8.800000000000000711, 2.250000000000000444 ) ) ;
#8326 = COLOUR_RGB ( '',0.2862745098039215508, 0.2862745098039215508, 0.2862745098039215508 ) ;
#8327 = DIRECTION ( 'NONE',  ( 0.7071067811865475727, 0.000000000000000000, -0.7071067811865475727 ) ) ;
#8328 = ORIENTED_EDGE ( 'NONE', *, *, #904, .F. ) ;
#8329 = MECHANICAL_DESIGN_GEOMETRIC_PRESENTATION_REPRESENTATION (  '', ( #7141 ), #6992 ) ;
#8330 = UNCERTAINTY_MEASURE_WITH_UNIT (LENGTH_MEASURE( 1.000000000000000082E-05 ), #1873, 'distance_accuracy_value', 'NONE');
#8331 = CARTESIAN_POINT ( 'NONE',  ( -5.941959649123551124, 2.351539568527126534, 1.146981422799548511 ) ) ;
#8332 = CARTESIAN_POINT ( 'NONE',  ( 5.934165146415342207, 2.257735026898591624, 1.018695092548315362 ) ) ;
#8333 = ORIENTED_EDGE ( 'NONE', *, *, #7558, .T. ) ;
#8334 = FILL_AREA_STYLE_COLOUR ( '', #8237 ) ;
#8335 = SURFACE_SIDE_STYLE ('',( #3875 ) ) ;
#8336 = SURFACE_SIDE_STYLE ('',( #6270 ) ) ;
#8337 = FILL_AREA_STYLE ('',( #3139 ) ) ;
#8338 = FACE_OUTER_BOUND ( 'NONE', #1482, .T. ) ;
#8339 = VERTEX_POINT ( 'NONE', #4934 ) ;
#8340 = ORIENTED_EDGE ( 'NONE', *, *, #3620, .F. ) ;
#8341 = ORIENTED_EDGE ( 'NONE', *, *, #2999, .T. ) ;
#8342 = CARTESIAN_POINT ( 'NONE',  ( -5.800000000029100100, 2.299999999979629894, 2.250000000000000444 ) ) ;
#8343 = CARTESIAN_POINT ( 'NONE',  ( -5.957735026948059343, 2.257735026898594288, 1.042264973081035384 ) ) ;
#8344 = LINE ( 'NONE', #1903, #3749 ) ;
#8345 = AXIS2_PLACEMENT_3D ( 'NONE', #468, #3321, #6942 ) ;
#8346 = LINE ( 'NONE', #6380, #5168 ) ;
#8347 = UNCERTAINTY_MEASURE_WITH_UNIT (LENGTH_MEASURE( 1.000000000000000082E-05 ), #7208, 'distance_accuracy_value', 'NONE');
#8348 = VECTOR ( 'NONE', #3740, 1000.000000000000000 ) ;
#8349 = VERTEX_POINT ( 'NONE', #8598 ) ;
#8350 = CARTESIAN_POINT ( 'NONE',  ( -5.993309800923569242, -2.248839264927094739, 1.095631270999533280 ) ) ;
#8351 =( LENGTH_UNIT ( ) NAMED_UNIT ( * ) SI_UNIT ( .MILLI., .METRE. ) );
#8352 =( NAMED_UNIT ( * ) PLANE_ANGLE_UNIT ( ) SI_UNIT ( $, .RADIAN. ) );
#8353 = PRESENTATION_STYLE_ASSIGNMENT (( #5484 ) ) ;
#8354 = ORIENTED_EDGE ( 'NONE', *, *, #3433, .F. ) ;
#8355 = DIRECTION ( 'NONE',  ( 0.000000000000000000, -0.000000000000000000, 1.000000000000000000 ) ) ;
#8356 = ORIENTED_EDGE ( 'NONE', *, *, #7687, .T. ) ;
#8357 =( GEOMETRIC_REPRESENTATION_CONTEXT ( 3 ) GLOBAL_UNCERTAINTY_ASSIGNED_CONTEXT ( ( #641 ) ) GLOBAL_UNIT_ASSIGNED_CONTEXT ( ( #1681, #2147, #8009 ) ) REPRESENTATION_CONTEXT ( 'NONE', 'WORKASPACE' ) );
#8358 = CARTESIAN_POINT ( 'NONE',  ( 6.000000000029100278, -2.200000000000000178, 5.400000000000000355 ) ) ;
#8359 = VERTEX_POINT ( 'NONE', #2125 ) ;
#8360 = AXIS2_PLACEMENT_3D ( 'NONE', #9240, #2798, #4334 ) ;
#8361 = AXIS2_PLACEMENT_3D ( 'NONE', #2881, #4936, #3497 ) ;
#8362 = DIRECTION ( 'NONE',  ( 0.000000000000000000, 1.000000000000000000, 0.000000000000000000 ) ) ;
#8363 = PLANE ( 'NONE',  #1389 ) ;
#8364 = EDGE_CURVE ( 'NONE', #8994, #2945, #2139, .T. ) ;
#8365 = ORIENTED_EDGE ( 'NONE', *, *, #1600, .F. ) ;
#8366 = DIRECTION ( 'NONE',  ( 1.000000000000000000, 0.000000000000000000, 0.000000000000000000 ) ) ;
#8367 = SURFACE_STYLE_USAGE ( .BOTH. , #7673 ) ;
#8368 = CARTESIAN_POINT ( 'NONE',  ( -0.2500000000000000000, -0.2000000000000000111, 0.000000000000000000 ) ) ;
#8369 = MECHANICAL_DESIGN_GEOMETRIC_PRESENTATION_REPRESENTATION (  '', ( #8954 ), #121 ) ;
#8370 = SURFACE_STYLE_FILL_AREA ( #1131 ) ;
#8371 = DIRECTION ( 'NONE',  ( 1.000000000000000000, 0.000000000000000000, 0.000000000000000000 ) ) ;
#8372 = DIRECTION ( 'NONE',  ( 0.3494548253495050050, 0.000000000000000000, -0.9369532139012849425 ) ) ;
#8373 = FILL_AREA_STYLE_COLOUR ( '', #903 ) ;
#8374 = DIRECTION ( 'NONE',  ( -1.000000000000000000, -0.000000000000000000, 0.000000000000000000 ) ) ;
#8375 = COLOUR_RGB ( '',0.2862745098039215508, 0.2862745098039215508, 0.2862745098039215508 ) ;
#8376 = ORIENTED_EDGE ( 'NONE', *, *, #5760, .F. ) ;
#8377 = PRODUCT_DEFINITION_FORMATION_WITH_SPECIFIED_SOURCE ( 'ANY', '', #4390, .NOT_KNOWN. ) ;
#8378 = COLOUR_RGB ( '',0.7450980392156862919, 0.7372549019607843590, 0.7294117647058823151 ) ;
#8379 = VERTEX_POINT ( 'NONE', #6449 ) ;
#8380 = VECTOR ( 'NONE', #4006, 1000.000000000000000 ) ;
#8381 = LINE ( 'NONE', #3916, #6283 ) ;
#8382 = FILL_AREA_STYLE_COLOUR ( '', #4315 ) ;
#8383 = FACE_OUTER_BOUND ( 'NONE', #2735, .T. ) ;
#8384 = DIRECTION ( 'NONE',  ( 0.000000000000000000, 0.000000000000000000, 1.000000000000000000 ) ) ;
#8385 = VECTOR ( 'NONE', #6164, 1000.000000000000000 ) ;
#8386 = EDGE_CURVE ( 'NONE', #973, #4298, #4221, .T. ) ;
#8387 = DIRECTION ( 'NONE',  ( 0.000000000000000000, -1.000000000000000000, -0.000000000000000000 ) ) ;
#8388 = CARTESIAN_POINT ( 'NONE',  ( 5.800000000029100100, -2.299999999979629894, 3.321173431502630446 ) ) ;
#8389 = VECTOR ( 'NONE', #8615, 1000.000000000000000 ) ;
#8390 = ORIENTED_EDGE ( 'NONE', *, *, #7814, .F. ) ;
#8391 = DIRECTION ( 'NONE',  ( 1.000000000000000000, 0.000000000000000000, 0.000000000000000000 ) ) ;
#8392 = ITEM_DEFINED_TRANSFORMATION ( 'NONE', 'NONE', #1915,  #5823 ) ;
#8393 = ORIENTED_EDGE ( 'NONE', *, *, #9112, .T. ) ;
#8394 = MECHANICAL_DESIGN_GEOMETRIC_PRESENTATION_REPRESENTATION (  '', ( #3291 ), #7196 ) ;
#8395 = ORIENTED_EDGE ( 'NONE', *, *, #8307, .T. ) ;
#8396 = CARTESIAN_POINT ( 'NONE',  ( 6.000000000029100278, -2.200000000000000178, 5.500000000000000000 ) ) ;
#8397 = COLOUR_RGB ( '',0.7450980392156862919, 0.7372549019607843590, 0.7294117647058823151 ) ;
#8398 = VECTOR ( 'NONE', #2005, 1000.000000000000000 ) ;
#8399 = ORIENTED_EDGE ( 'NONE', *, *, #7800, .F. ) ;
#8400 = CARTESIAN_POINT ( 'NONE',  ( 0.2499999999999998890, -0.2000000000000000111, -2.800000000000000266 ) ) ;
#8401 = VECTOR ( 'NONE', #1781, 1000.000000000000000 ) ;
#8402 = SURFACE_STYLE_USAGE ( .BOTH. , #7043 ) ;
#8403 = VERTEX_POINT ( 'NONE', #7149 ) ;
#8404 = AXIS2_PLACEMENT_3D ( 'NONE', #7756, #3341, #2775 ) ;
#8405 = DIRECTION ( 'NONE',  ( 0.000000000000000000, 0.000000000000000000, 1.000000000000000000 ) ) ;
#8406 = ORIENTED_EDGE ( 'NONE', *, *, #1124, .F. ) ;
#8407 =( NAMED_UNIT ( * ) PLANE_ANGLE_UNIT ( ) SI_UNIT ( $, .RADIAN. ) );
#8408 = SURFACE_STYLE_FILL_AREA ( #4024 ) ;
#8409 =( GEOMETRIC_REPRESENTATION_CONTEXT ( 3 ) GLOBAL_UNCERTAINTY_ASSIGNED_CONTEXT ( ( #2056 ) ) GLOBAL_UNIT_ASSIGNED_CONTEXT ( ( #6975, #8002, #3591 ) ) REPRESENTATION_CONTEXT ( 'NONE', 'WORKASPACE' ) );
#8410 = CARTESIAN_POINT ( 'NONE',  ( 5.900000000029099745, -2.200000000000000178, 5.500000000000000000 ) ) ;
#8411 = PRESENTATION_STYLE_ASSIGNMENT (( #5543 ) ) ;
#8412 =( NAMED_UNIT ( * ) PLANE_ANGLE_UNIT ( ) SI_UNIT ( $, .RADIAN. ) );
#8413 = CARTESIAN_POINT ( 'NONE',  ( 6.500000000000000888, 2.500000000000000000, 3.250000000000000444 ) ) ;
#8414 = EDGE_LOOP ( 'NONE', ( #8333, #6692, #9154, #5116 ) ) ;
#8415 = SURFACE_STYLE_FILL_AREA ( #2690 ) ;
#8416 = CARTESIAN_POINT ( 'NONE',  ( 6.000000000029100278, -2.199999999979629806, 2.250000000000000000 ) ) ;
#8417 = DIRECTION ( 'NONE',  ( 1.000000000000000000, 0.000000000000000000, 0.000000000000000000 ) ) ;
#8418 = FILL_AREA_STYLE_COLOUR ( '', #8185 ) ;
#8419 = FACE_OUTER_BOUND ( 'NONE', #835, .T. ) ;
#8420 = FILL_AREA_STYLE ('',( #4750 ) ) ;
#8421 = ADVANCED_FACE ( 'NONE', ( #2685 ), #6962, .T. ) ;
#8422 = FILL_AREA_STYLE_COLOUR ( '', #475 ) ;
#8423 = DIRECTION ( 'NONE',  ( -0.000000000000000000, 1.000000000000000000, -0.000000000000000000 ) ) ;
#8424 = CYLINDRICAL_SURFACE ( 'NONE', #5928, 0.1000000000000000472 ) ;
#8425 = ORIENTED_EDGE ( 'NONE', *, *, #5083, .F. ) ;
#8426 = SURFACE_SIDE_STYLE ('',( #8514 ) ) ;
#8427 = CARTESIAN_POINT ( 'NONE',  ( -6.500000000000001776, -2.799999999999999822, 0.000000000000000000 ) ) ;
#8428 = UNCERTAINTY_MEASURE_WITH_UNIT (LENGTH_MEASURE( 1.000000000000000082E-05 ), #422, 'distance_accuracy_value', 'NONE');
#8429 = DIRECTION ( 'NONE',  ( 0.000000000000000000, 0.000000000000000000, -1.000000000000000000 ) ) ;
#8430 = AXIS2_PLACEMENT_3D ( 'NONE', #5635, #8459, #2025 ) ;
#8431 = ORIENTED_EDGE ( 'NONE', *, *, #5628, .F. ) ;
#8432 = EDGE_CURVE ( 'NONE', #1692, #8132, #3753, .T. ) ;
#8433 = DIRECTION ( 'NONE',  ( -1.000000000000000000, 0.000000000000000000, 0.000000000000000000 ) ) ;
#8434 = CARTESIAN_POINT ( 'NONE',  ( 5.900000000029099745, -2.299999999979629894, 2.250000000000000444 ) ) ;
#8435 = CARTESIAN_POINT ( 'NONE',  ( -2.750000000000000000, -0.2000000000000000111, 0.000000000000000000 ) ) ;
#8436 = ORIENTED_EDGE ( 'NONE', *, *, #7529, .F. ) ;
#8437 = DIRECTION ( 'NONE',  ( 0.000000000000000000, -1.000000000000000000, 0.000000000000000000 ) ) ;
#8438 = ORIENTED_EDGE ( 'NONE', *, *, #7074, .F. ) ;
#8439 = ORIENTED_EDGE ( 'NONE', *, *, #5114, .F. ) ;
#8440 = EDGE_CURVE ( 'NONE', #8496, #6987, #3494, .T. ) ;
#8441 = CARTESIAN_POINT ( 'NONE',  ( 6.000000000029100278, -2.799999999999999822, 3.440418332022769032 ) ) ;
#8442 = UNCERTAINTY_MEASURE_WITH_UNIT (LENGTH_MEASURE( 1.000000000000000082E-05 ), #6502, 'distance_accuracy_value', 'NONE');
#8443 = PRODUCT_DEFINITION_CONTEXT ( 'detailed design', #2482, 'design' ) ;
#8444 = ORIENTED_EDGE ( 'NONE', *, *, #2, .F. ) ;
#8445 = SURFACE_STYLE_FILL_AREA ( #7096 ) ;
#8446 = MECHANICAL_DESIGN_GEOMETRIC_PRESENTATION_REPRESENTATION (  '', ( #6959 ), #7245 ) ;
#8447 = CARTESIAN_POINT ( 'NONE',  ( -5.900000000029098857, 2.299999999979629894, 5.400000000000000355 ) ) ;
#8448 = EDGE_LOOP ( 'NONE', ( #7881, #9186, #6571, #562 ) ) ;
#8449 = CARTESIAN_POINT ( 'NONE',  ( -2.950000000000000178, -2.799999999999999822, 1.000000000000000000 ) ) ;
#8450 = ORIENTED_EDGE ( 'NONE', *, *, #5835, .T. ) ;
#8451 =( LENGTH_UNIT ( ) NAMED_UNIT ( * ) SI_UNIT ( .MILLI., .METRE. ) );
#8452 = FILL_AREA_STYLE_COLOUR ( '', #5087 ) ;
#8453 = ADVANCED_FACE ( 'NONE', ( #936 ), #1412, .T. ) ;
#8454 = DIRECTION ( 'NONE',  ( 1.881131937746145021E-15, 0.000000000000000000, -1.000000000000000000 ) ) ;
#8455 = VECTOR ( 'NONE', #358, 1000.000000000000000 ) ;
#8456 = CARTESIAN_POINT ( 'NONE',  ( 5.904368729029565444, 2.248839264927093851, 1.006690199105530370 ) ) ;
#8457 =( LENGTH_UNIT ( ) NAMED_UNIT ( * ) SI_UNIT ( .MILLI., .METRE. ) );
#8458 =( NAMED_UNIT ( * ) SI_UNIT ( $, .STERADIAN. ) SOLID_ANGLE_UNIT ( ) );
#8459 = DIRECTION ( 'NONE',  ( 0.4082482904638588539, -0.8164965809277276998, 0.4082482904638638499 ) ) ;
#8460 = ORIENTED_EDGE ( 'NONE', *, *, #2567, .F. ) ;
#8461 =( GEOMETRIC_REPRESENTATION_CONTEXT ( 3 ) GLOBAL_UNCERTAINTY_ASSIGNED_CONTEXT ( ( #4543 ) ) GLOBAL_UNIT_ASSIGNED_CONTEXT ( ( #3023, #3154, #4558 ) ) REPRESENTATION_CONTEXT ( 'NONE', 'WORKASPACE' ) );
#8462 = DIRECTION ( 'NONE',  ( 0.000000000000000000, 0.000000000000000000, 1.000000000000000000 ) ) ;
#8463 = STYLED_ITEM ( 'NONE', ( #5736 ), #515 ) ;
#8464 = DIRECTION ( 'NONE',  ( 1.000000000000000000, 0.000000000000000000, -0.000000000000000000 ) ) ;
#8465 = SURFACE_SIDE_STYLE ('',( #1419 ) ) ;
#8466 = PLANE ( 'NONE',  #949 ) ;
#8467 = CARTESIAN_POINT ( 'NONE',  ( 6.000000000029100278, 2.199999999999999734, 3.250000000000000888 ) ) ;
#8468 = ORIENTED_EDGE ( 'NONE', *, *, #632, .T. ) ;
#8469 = DIRECTION ( 'NONE',  ( -3.330669073875470114E-16, 0.000000000000000000, -1.000000000000000000 ) ) ;
#8470 = FILL_AREA_STYLE ('',( #2217 ) ) ;
#8471 = COLOUR_RGB ( '',0.2862745098039215508, 0.2862745098039215508, 0.2862745098039215508 ) ;
#8472 = VECTOR ( 'NONE', #3702, 1000.000000000000000 ) ;
#8473 = EDGE_CURVE ( 'NONE', #7923, #6239, #7093, .T. ) ;
#8474 = SURFACE_STYLE_USAGE ( .BOTH. , #2653 ) ;
#8475 = COLOUR_RGB ( '',0.7450980392156862919, 0.7372549019607843590, 0.7294117647058823151 ) ;
#8476 = SURFACE_STYLE_USAGE ( .BOTH. , #2754 ) ;
#8477 = LINE ( 'NONE', #2935, #17 ) ;
#8478 = CIRCLE ( 'NONE', #2624, 0.1000000000000000472 ) ;
#8479 = FACE_OUTER_BOUND ( 'NONE', #8163, .T. ) ;
#8480 = CARTESIAN_POINT ( 'NONE',  ( -2.950000000000000178, -2.299999999979629894, 2.250000000000000444 ) ) ;
#8481 = CARTESIAN_POINT ( 'NONE',  ( -0.05000000000000000278, 0.000000000000000000, -3.000000000000000000 ) ) ;
#8482 = EDGE_CURVE ( 'NONE', #4526, #7336, #1587, .T. ) ;
#8483 = ORIENTED_EDGE ( 'NONE', *, *, #8810, .T. ) ;
#8484 = AXIS2_PLACEMENT_3D ( 'NONE', #1786, #8327, #3818 ) ;
#8485 = PRESENTATION_LAYER_ASSIGNMENT (  '', '', ( #2189 ) ) ;
#8486 = ORIENTED_EDGE ( 'NONE', *, *, #6510, .F. ) ;
#8487 = PRESENTATION_LAYER_ASSIGNMENT (  '', '', ( #9247 ) ) ;
#8488 = ORIENTED_EDGE ( 'NONE', *, *, #5200, .T. ) ;
#8489 = AXIS2_PLACEMENT_3D ( 'NONE', #1093, #6882, #7631 ) ;
#8490 = ORIENTED_EDGE ( 'NONE', *, *, #7499, .F. ) ;
#8491 = DIRECTION ( 'NONE',  ( -1.000000000000000000, -0.000000000000000000, 0.000000000000000000 ) ) ;
#8492 = EDGE_CURVE ( 'NONE', #4386, #5497, #143, .T. ) ;
#8493 = EDGE_CURVE ( 'NONE', #3595, #1900, #6542, .T. ) ;
#8494 = ORIENTED_EDGE ( 'NONE', *, *, #8301, .F. ) ;
#8495 = SURFACE_STYLE_FILL_AREA ( #6439 ) ;
#8496 = VERTEX_POINT ( 'NONE', #2208 ) ;
#8497 = CARTESIAN_POINT ( 'NONE',  ( 5.577829980359990891, -2.799999999999999822, 4.262348883218679774 ) ) ;
#8498 = MECHANICAL_DESIGN_GEOMETRIC_PRESENTATION_REPRESENTATION (  '', ( #2048 ), #6856 ) ;
#8499 = LINE ( 'NONE', #2732, #3448 ) ;
#8500 = STYLED_ITEM ( 'NONE', ( #6721 ), #8602 ) ;
#8501 = LINE ( 'NONE', #667, #1493 ) ;
#8502 =( NAMED_UNIT ( * ) SI_UNIT ( $, .STERADIAN. ) SOLID_ANGLE_UNIT ( ) );
#8503 = ORIENTED_EDGE ( 'NONE', *, *, #4701, .T. ) ;
#8504 = DIRECTION ( 'NONE',  ( -0.000000000000000000, 0.000000000000000000, 1.000000000000000000 ) ) ;
#8505 = COLOUR_RGB ( '',0.7294117647058823151, 0.5176470588235293491, 0.3058823529411764941 ) ;
#8506 = FACE_OUTER_BOUND ( 'NONE', #214, .T. ) ;
#8507 = ORIENTED_EDGE ( 'NONE', *, *, #3565, .T. ) ;
#8508 = FILL_AREA_STYLE_COLOUR ( '', #8074 ) ;
#8509 = CARTESIAN_POINT ( 'NONE',  ( -2.250000000000000444, -8.300000000000000711, 4.750000000000000000 ) ) ;
#8510 = COLOUR_RGB ( '',0.2862745098039215508, 0.2862745098039215508, 0.2862745098039215508 ) ;
#8511 = CARTESIAN_POINT ( 'NONE',  ( -6.500000000000001776, -1.000000000000000000, 0.000000000000000000 ) ) ;
#8512 =( NAMED_UNIT ( * ) PLANE_ANGLE_UNIT ( ) SI_UNIT ( $, .RADIAN. ) );
#8513 = EDGE_LOOP ( 'NONE', ( #1488, #2609, #5948, #2868 ) ) ;
#8514 = SURFACE_STYLE_FILL_AREA ( #7072 ) ;
#8515 = DIRECTION ( 'NONE',  ( 1.000000000000000000, 0.000000000000000000, -0.000000000000000000 ) ) ;
#8516 = UNCERTAINTY_MEASURE_WITH_UNIT (LENGTH_MEASURE( 1.000000000000000082E-05 ), #6057, 'distance_accuracy_value', 'NONE');
#8517 = DIRECTION ( 'NONE',  ( 1.000000000000000000, -0.000000000000000000, 0.000000000000000000 ) ) ;
#8518 = ORIENTED_EDGE ( 'NONE', *, *, #3934, .F. ) ;
#8519 = FACE_OUTER_BOUND ( 'NONE', #3442, .T. ) ;
#8520 =( GEOMETRIC_REPRESENTATION_CONTEXT ( 3 ) GLOBAL_UNCERTAINTY_ASSIGNED_CONTEXT ( ( #7368 ) ) GLOBAL_UNIT_ASSIGNED_CONTEXT ( ( #5934, #7348, #1741 ) ) REPRESENTATION_CONTEXT ( 'NONE', 'WORKASPACE' ) );
#8521 = FILL_AREA_STYLE_COLOUR ( '', #447 ) ;
#8522 = DIRECTION ( 'NONE',  ( 0.000000000000000000, 1.000000000000000000, -0.000000000000000000 ) ) ;
#8523 = FILL_AREA_STYLE_COLOUR ( '', #461 ) ;
#8524 = EDGE_CURVE ( 'NONE', #937, #2664, #2336, .T. ) ;
#8525 = FILL_AREA_STYLE_COLOUR ( '', #8471 ) ;
#8526 = SURFACE_STYLE_USAGE ( .BOTH. , #2987 ) ;
#8527 = STYLED_ITEM ( 'NONE', ( #992 ), #1752 ) ;
#8528 =( NAMED_UNIT ( * ) PLANE_ANGLE_UNIT ( ) SI_UNIT ( $, .RADIAN. ) );
#8529 = ORIENTED_EDGE ( 'NONE', *, *, #5907, .T. ) ;
#8530 = AXIS2_PLACEMENT_3D ( 'NONE', #1142, #1884, #1742 ) ;
#8531 = EDGE_LOOP ( 'NONE', ( #1212, #653, #2626, #6326 ) ) ;
#8532 = EDGE_LOOP ( 'NONE', ( #6297, #2201, #5331, #9161 ) ) ;
#8533 =( NAMED_UNIT ( * ) PLANE_ANGLE_UNIT ( ) SI_UNIT ( $, .RADIAN. ) );
#8534 = STYLED_ITEM ( 'NONE', ( #3348 ), #2556 ) ;
#8535 = AXIS2_PLACEMENT_3D ( 'NONE', #6067, #4525, #7392 ) ;
#8536 = CARTESIAN_POINT ( 'NONE',  ( -0.2500000000000000000, -0.2000000000000000111, -3.000000000000000000 ) ) ;
#8537 = CARTESIAN_POINT ( 'NONE',  ( 2.950000000000000178, -2.299999999979629894, 0.000000000000000000 ) ) ;
#8538 = UNCERTAINTY_MEASURE_WITH_UNIT (LENGTH_MEASURE( 1.000000000000000082E-05 ), #7005, 'distance_accuracy_value', 'NONE');
#8539 = UNCERTAINTY_MEASURE_WITH_UNIT (LENGTH_MEASURE( 1.000000000000000082E-05 ), #7362, 'distance_accuracy_value', 'NONE');
#8540 = EDGE_CURVE ( 'NONE', #9127, #8756, #8086, .T. ) ;
#8541 = CARTESIAN_POINT ( 'NONE',  ( 2.750000000000000000, 0.2000000000000000111, 2.000000000000000000 ) ) ;
#8542 = FILL_AREA_STYLE ('',( #7794 ) ) ;
#8543 = VERTEX_POINT ( 'NONE', #5434 ) ;
#8544 = CARTESIAN_POINT ( 'NONE',  ( -5.900086743527171329, -2.799999999999999822, 5.126379046879570467 ) ) ;
#8545 = ORIENTED_EDGE ( 'NONE', *, *, #2290, .F. ) ;
#8546 =( LENGTH_UNIT ( ) NAMED_UNIT ( * ) SI_UNIT ( .MILLI., .METRE. ) );
#8547 = CARTESIAN_POINT ( 'NONE',  ( -5.942030276266705435, 2.099191034116945520, 0.9420335616960362479 ) ) ;
#8548 = SHAPE_REPRESENTATION ( '3', ( #5962 ), #1908 ) ;
#8549 = SURFACE_STYLE_USAGE ( .BOTH. , #3006 ) ;
#8550 = EDGE_CURVE ( 'NONE', #7133, #6776, #6005, .T. ) ;
#8551 = STYLED_ITEM ( 'NONE', ( #1149 ), #2291 ) ;
#8552 = SURFACE_SIDE_STYLE ('',( #3437 ) ) ;
#8553 = CARTESIAN_POINT ( 'NONE',  ( -2.950000000000000178, -2.299999999979629894, 0.000000000000000000 ) ) ;
#8554 = CARTESIAN_POINT ( 'NONE',  ( -6.500000000000000888, -1.000000000000000000, -3.000000000000000000 ) ) ;
#8555 = CARTESIAN_POINT ( 'NONE',  ( -6.000000000029100278, -2.799999999999999822, 3.440418332022770365 ) ) ;
#8556 =( GEOMETRIC_REPRESENTATION_CONTEXT ( 3 ) GLOBAL_UNCERTAINTY_ASSIGNED_CONTEXT ( ( #226 ) ) GLOBAL_UNIT_ASSIGNED_CONTEXT ( ( #3708, #2255, #5111 ) ) REPRESENTATION_CONTEXT ( 'NONE', 'WORKASPACE' ) );
#8557 = ORIENTED_EDGE ( 'NONE', *, *, #1395, .F. ) ;
#8558 = CARTESIAN_POINT ( 'NONE',  ( 6.000000000029100278, 1.000000000000000000, 0.000000000000000000 ) ) ;
#8559 = DIRECTION ( 'NONE',  ( 1.000000000000000000, 0.000000000000000000, 0.000000000000000000 ) ) ;
#8560 = EDGE_CURVE ( 'NONE', #8199, #3595, #3889, .T. ) ;
#8561 = VECTOR ( 'NONE', #8491, 1000.000000000000000 ) ;
#8562 = ADVANCED_FACE ( 'NONE', ( #6096 ), #6209, .T. ) ;
#8563 = SURFACE_SIDE_STYLE ('',( #9272 ) ) ;
#8564 =( LENGTH_UNIT ( ) NAMED_UNIT ( * ) SI_UNIT ( .MILLI., .METRE. ) );
#8565 = LINE ( 'NONE', #7067, #6587 ) ;
#8566 = MECHANICAL_DESIGN_GEOMETRIC_PRESENTATION_REPRESENTATION (  '', ( #7213 ), #1220 ) ;
#8567 = SURFACE_STYLE_USAGE ( .BOTH. , #7817 ) ;
#8568 = PRESENTATION_STYLE_ASSIGNMENT (( #7118 ) ) ;
#8569 = FILL_AREA_STYLE ('',( #5560 ) ) ;
#8570 = VERTEX_POINT ( 'NONE', #4645 ) ;
#8571 = FILL_AREA_STYLE ('',( #5739 ) ) ;
#8572 = CARTESIAN_POINT ( 'NONE',  ( 2.750000000000000000, -0.2000000000000000944, -2.799999999999999378 ) ) ;
#8573 =( GEOMETRIC_REPRESENTATION_CONTEXT ( 3 ) GLOBAL_UNCERTAINTY_ASSIGNED_CONTEXT ( ( #137 ) ) GLOBAL_UNIT_ASSIGNED_CONTEXT ( ( #3815, #6689, #5787 ) ) REPRESENTATION_CONTEXT ( 'NONE', 'WORKASPACE' ) );
#8574 = CARTESIAN_POINT ( 'NONE',  ( 5.900000000000000355, 2.200000000000000178, 6.000000000000000000 ) ) ;
#8575 = FACE_OUTER_BOUND ( 'NONE', #3044, .T. ) ;
#8576 = CYLINDRICAL_SURFACE ( 'NONE', #5836, 0.5999999999999998668 ) ;
#8577 = FACE_OUTER_BOUND ( 'NONE', #7624, .T. ) ;
#8578 = CARTESIAN_POINT ( 'NONE',  ( -5.846138961376530219, 2.344659952674115200, 5.455718880800483284 ) ) ;
#8579 =( NAMED_UNIT ( * ) SI_UNIT ( $, .STERADIAN. ) SOLID_ANGLE_UNIT ( ) );
#8580 = VECTOR ( 'NONE', #441, 1000.000000000000114 ) ;
#8581 = ORIENTED_EDGE ( 'NONE', *, *, #652, .F. ) ;
#8582 =( NAMED_UNIT ( * ) SI_UNIT ( $, .STERADIAN. ) SOLID_ANGLE_UNIT ( ) );
#8583 = ORIENTED_EDGE ( 'NONE', *, *, #7964, .T. ) ;
#8584 = ORIENTED_EDGE ( 'NONE', *, *, #2213, .T. ) ;
#8585 = SURFACE_STYLE_USAGE ( .BOTH. , #6377 ) ;
#8586 = MECHANICAL_DESIGN_GEOMETRIC_PRESENTATION_REPRESENTATION (  '', ( #3336 ), #5725 ) ;
#8587 =( LENGTH_UNIT ( ) NAMED_UNIT ( * ) SI_UNIT ( .MILLI., .METRE. ) );
#8588 = CARTESIAN_POINT ( 'NONE',  ( 4.049999999999999822, -2.200000000000000178, 0.5000000000000000000 ) ) ;
#8589 = VECTOR ( 'NONE', #4556, 1000.000000000000000 ) ;
#8590 = VERTEX_POINT ( 'NONE', #3181 ) ;
#8591 = ORIENTED_EDGE ( 'NONE', *, *, #6484, .F. ) ;
#8592 = CARTESIAN_POINT ( 'NONE',  ( -5.934165146415340431, 2.257735026898592512, 1.018695092548316472 ) ) ;
#8593 = DIRECTION ( 'NONE',  ( 1.000000000000000000, 0.000000000000000000, 0.000000000000000000 ) ) ;
#8594 =( NAMED_UNIT ( * ) SI_UNIT ( $, .STERADIAN. ) SOLID_ANGLE_UNIT ( ) );
#8595 = EDGE_CURVE ( 'NONE', #1215, #4515, #1718, .T. ) ;
#8596 = COLOUR_RGB ( '',0.7450980392156862919, 0.7372549019607843590, 0.7294117647058823151 ) ;
#8597 = CARTESIAN_POINT ( 'NONE',  ( 5.900000000029099745, 2.199999999979629806, 5.400000000000000355 ) ) ;
#8598 = CARTESIAN_POINT ( 'NONE',  ( 5.800000000029100988, 2.799999999999999822, 5.400000000000000355 ) ) ;
#8599 = PRODUCT_DEFINITION_SHAPE ( 'NONE', 'NONE',  #9309 ) ;
#8600 = ORIENTED_EDGE ( 'NONE', *, *, #4863, .F. ) ;
#8601 = DIRECTION ( 'NONE',  ( -0.000000000000000000, -0.000000000000000000, -1.000000000000000000 ) ) ;
#8602 = ADVANCED_FACE ( 'NONE', ( #4686 ), #8170, .F. ) ;
#8603 =( LENGTH_UNIT ( ) NAMED_UNIT ( * ) SI_UNIT ( .MILLI., .METRE. ) );
#8604 = AXIS2_PLACEMENT_3D ( 'NONE', #5471, #3473, #7737 ) ;
#8605 =( NAMED_UNIT ( * ) PLANE_ANGLE_UNIT ( ) SI_UNIT ( $, .RADIAN. ) );
#8606 = DIRECTION ( 'NONE',  ( 0.000000000000000000, -1.000000000000000000, 0.000000000000000000 ) ) ;
#8607 = SURFACE_STYLE_USAGE ( .BOTH. , #4276 ) ;
#8608 = FILL_AREA_STYLE_COLOUR ( '', #1784 ) ;
#8609 = DIRECTION ( 'NONE',  ( 0.000000000000000000, 0.000000000000000000, -1.000000000000000000 ) ) ;
#8610 = ORIENTED_EDGE ( 'NONE', *, *, #6200, .F. ) ;
#8611 = SURFACE_STYLE_FILL_AREA ( #8571 ) ;
#8612 = EDGE_CURVE ( 'NONE', #3176, #5641, #4109, .T. ) ;
#8613 = LINE ( 'NONE', #1426, #4090 ) ;
#8614 = DIRECTION ( 'NONE',  ( -0.7071067811865474617, 0.000000000000000000, -0.7071067811865474617 ) ) ;
#8615 = DIRECTION ( 'NONE',  ( -0.000000000000000000, -1.000000000000000000, -0.000000000000000000 ) ) ;
#8616 = CARTESIAN_POINT ( 'NONE',  ( -5.800000000029100100, -2.799999999999999822, 2.250000000000000444 ) ) ;
#8617 = FACE_OUTER_BOUND ( 'NONE', #1333, .T. ) ;
#8618 = LINE ( 'NONE', #3727, #5771 ) ;
#8619 = DIRECTION ( 'NONE',  ( 1.000000000000000000, 0.000000000000000000, -0.000000000000000000 ) ) ;
#8620 = VECTOR ( 'NONE', #8362, 1000.000000000000000 ) ;
#8621 = CYLINDRICAL_SURFACE ( 'NONE', #5357, 0.5999999999999998668 ) ;
#8622 = ORIENTED_EDGE ( 'NONE', *, *, #6315, .F. ) ;
#8623 = ADVANCED_FACE ( 'NONE', ( #5579 ), #3425, .T. ) ;
#8624 = VERTEX_POINT ( 'NONE', #8447 ) ;
#8625 = VERTEX_POINT ( 'NONE', #3521 ) ;
#8626 = COLOUR_RGB ( '',0.2862745098039215508, 0.2862745098039215508, 0.2862745098039215508 ) ;
#8627 =( LENGTH_UNIT ( ) NAMED_UNIT ( * ) SI_UNIT ( .MILLI., .METRE. ) );
#8628 = STYLED_ITEM ( 'NONE', ( #1674 ), #7516 ) ;
#8629 = CARTESIAN_POINT ( 'NONE',  ( 0.1999999999999986511, -8.800000000000000711, 4.750000000000000000 ) ) ;
#8630 =( GEOMETRIC_REPRESENTATION_CONTEXT ( 3 ) GLOBAL_UNCERTAINTY_ASSIGNED_CONTEXT ( ( #2891 ) ) GLOBAL_UNIT_ASSIGNED_CONTEXT ( ( #5153, #7148, #890 ) ) REPRESENTATION_CONTEXT ( 'NONE', 'WORKASPACE' ) );
#8631 =( NAMED_UNIT ( * ) PLANE_ANGLE_UNIT ( ) SI_UNIT ( $, .RADIAN. ) );
#8632 = AXIS2_PLACEMENT_3D ( 'NONE', #3642, #650, #2758 ) ;
#8633 = VECTOR ( 'NONE', #2128, 1000.000000000000000 ) ;
#8634 = ORIENTED_EDGE ( 'NONE', *, *, #5091, .T. ) ;
#8635 = PRESENTATION_STYLE_ASSIGNMENT (( #1404 ) ) ;
#8636 = VERTEX_POINT ( 'NONE', #4067 ) ;
#8637 = PLANE ( 'NONE',  #4892 ) ;
#8638 = PRESENTATION_LAYER_ASSIGNMENT (  '', '', ( #5035 ) ) ;
#8639 = SURFACE_SIDE_STYLE ('',( #2876 ) ) ;
#8640 = PRESENTATION_LAYER_ASSIGNMENT (  '', '', ( #6848 ) ) ;
#8641 = LINE ( 'NONE', #7811, #9083 ) ;
#8642 = ORIENTED_EDGE ( 'NONE', *, *, #3537, .F. ) ;
#8643 = FILL_AREA_STYLE_COLOUR ( '', #974 ) ;
#8644 = LINE ( 'NONE', #3590, #7636 ) ;
#8645 = VECTOR ( 'NONE', #1264, 1000.000000000000000 ) ;
#8646 = CARTESIAN_POINT ( 'NONE',  ( 2.750000000000000000, 0.2000000000000000111, 0.000000000000000000 ) ) ;
#8647 = SURFACE_SIDE_STYLE ('',( #13 ) ) ;
#8648 = CARTESIAN_POINT ( 'NONE',  ( -5.800000000029100100, -2.299999999979629894, 3.321173431502630446 ) ) ;
#8649 = ORIENTED_EDGE ( 'NONE', *, *, #3537, .T. ) ;
#8650 = DIRECTION ( 'NONE',  ( 1.000000000000000000, 0.000000000000000000, 0.000000000000000000 ) ) ;
#8651 = COLOUR_RGB ( '',0.7450980392156862919, 0.7372549019607843590, 0.7294117647058823151 ) ;
#8652 =( NAMED_UNIT ( * ) PLANE_ANGLE_UNIT ( ) SI_UNIT ( $, .RADIAN. ) );
#8653 = EDGE_CURVE ( 'NONE', #3623, #8339, #2811, .T. ) ;
#8654 = CARTESIAN_POINT ( 'NONE',  ( -5.957735026948060231, -2.257735026898590291, 5.457735026918967947 ) ) ;
#8655 = CARTESIAN_POINT ( 'NONE',  ( 5.800000000029100100, 2.799999999999999822, 5.163708333923990423 ) ) ;
#8656 = EDGE_CURVE ( 'NONE', #2418, #7133, #6291, .T. ) ;
#8657 = FILL_AREA_STYLE_COLOUR ( '', #4512 ) ;
#8658 =( LENGTH_UNIT ( ) NAMED_UNIT ( * ) SI_UNIT ( .MILLI., .METRE. ) );
#8659 = SURFACE_STYLE_USAGE ( .BOTH. , #5655 ) ;
#8660 = ORIENTED_EDGE ( 'NONE', *, *, #7693, .T. ) ;
#8661 = VECTOR ( 'NONE', #7322, 1000.000000000000000 ) ;
#8662 =( NAMED_UNIT ( * ) SI_UNIT ( $, .STERADIAN. ) SOLID_ANGLE_UNIT ( ) );
#8663 = FACE_OUTER_BOUND ( 'NONE', #4550, .T. ) ;
#8664 = PLANE ( 'NONE',  #3795 ) ;
#8665 =( GEOMETRIC_REPRESENTATION_CONTEXT ( 3 ) GLOBAL_UNCERTAINTY_ASSIGNED_CONTEXT ( ( #4682 ) ) GLOBAL_UNIT_ASSIGNED_CONTEXT ( ( #807, #8811, #5688 ) ) REPRESENTATION_CONTEXT ( 'NONE', 'WORKASPACE' ) );
#8666 = ORIENTED_EDGE ( 'NONE', *, *, #910, .T. ) ;
#8667 = VERTEX_POINT ( 'NONE', #4967 ) ;
#8668 = MECHANICAL_DESIGN_GEOMETRIC_PRESENTATION_REPRESENTATION (  '', ( #6116 ), #7926 ) ;
#8669 = SURFACE_STYLE_FILL_AREA ( #2857 ) ;
#8670 = CARTESIAN_POINT ( 'NONE',  ( -5.800000000029100100, 2.799999999999999822, 2.250000000000000444 ) ) ;
#8671 = FILL_AREA_STYLE_COLOUR ( '', #9171 ) ;
#8672 = PRODUCT ( '4', '4', '', ( #1839 ) ) ;
#8673 = ADVANCED_FACE ( 'NONE', ( #2670 ), #1315, .F. ) ;
#8674 = STYLED_ITEM ( 'NONE', ( #6939 ), #1377 ) ;
#8675 = CARTESIAN_POINT ( 'NONE',  ( 3.250000000000000444, -2.799999999999999822, 2.250000000000000444 ) ) ;
#8676 = FACE_OUTER_BOUND ( 'NONE', #1069, .T. ) ;
#8677 = MECHANICAL_DESIGN_GEOMETRIC_PRESENTATION_REPRESENTATION (  '', ( #8224 ), #2369 ) ;
#8678 = CARTESIAN_POINT ( 'NONE',  ( -1.199999999999999956, -8.800000000000000711, 4.750000000000000888 ) ) ;
#8679 = ORIENTED_EDGE ( 'NONE', *, *, #4920, .F. ) ;
#8680 = SURFACE_STYLE_FILL_AREA ( #7265 ) ;
#8681 = VERTEX_POINT ( 'NONE', #9300 ) ;
#8682 = AXIS2_PLACEMENT_3D ( 'NONE', #7257, #2321, #5801 ) ;
#8683 = ORIENTED_EDGE ( 'NONE', *, *, #5732, .F. ) ;
#8684 = PLANE ( 'NONE',  #9137 ) ;
#8685 = DIRECTION ( 'NONE',  ( 1.000000000000000000, 0.000000000000000000, 0.000000000000000000 ) ) ;
#8686 = UNCERTAINTY_MEASURE_WITH_UNIT (LENGTH_MEASURE( 1.000000000000000082E-05 ), #7692, 'distance_accuracy_value', 'NONE');
#8687 = AXIS2_PLACEMENT_3D ( 'NONE', #430, #4735, #2678 ) ;
#8688 = DIRECTION ( 'NONE',  ( 0.000000000000000000, 0.000000000000000000, 1.000000000000000000 ) ) ;
#8689 = COLOUR_RGB ( '',0.7294117647058823151, 0.5176470588235293491, 0.3058823529411764941 ) ;
#8690 = FACE_OUTER_BOUND ( 'NONE', #9099, .T. ) ;
#8691 = CARTESIAN_POINT ( 'NONE',  ( -5.993309800923568353, -2.248839264927096959, 5.404368729000469607 ) ) ;
#8692 =( LENGTH_UNIT ( ) NAMED_UNIT ( * ) SI_UNIT ( .MILLI., .METRE. ) );
#8693 = VECTOR ( 'NONE', #7296, 1000.000000000000000 ) ;
#8694 = ORIENTED_EDGE ( 'NONE', *, *, #6703, .T. ) ;
#8695 = AXIS2_PLACEMENT_3D ( 'NONE', #7395, #5355, #956 ) ;
#8696 = MECHANICAL_DESIGN_GEOMETRIC_PRESENTATION_REPRESENTATION (  '', ( #4027 ), #3601 ) ;
#8697 = FACE_OUTER_BOUND ( 'NONE', #2801, .T. ) ;
#8698 = FILL_AREA_STYLE ('',( #2133 ) ) ;
#8699 = PLANE ( 'NONE',  #8029 ) ;
#8700 = FILL_AREA_STYLE_COLOUR ( '', #7898 ) ;
#8701 = EDGE_LOOP ( 'NONE', ( #733, #607, #3144, #6862 ) ) ;
#8702 = CIRCLE ( 'NONE', #4651, 0.5999999999999999778 ) ;
#8703 = CARTESIAN_POINT ( 'NONE',  ( -5.900086743527171329, 2.799999999999999822, 5.126379046879570467 ) ) ;
#8704 = DIRECTION ( 'NONE',  ( 0.000000000000000000, 1.000000000000000000, 0.000000000000000000 ) ) ;
#8705 = AXIS2_PLACEMENT_3D ( 'NONE', #6023, #8921, #9019 ) ;
#8706 = CARTESIAN_POINT ( 'NONE',  ( 5.800000000029100100, -2.799999999999999822, 3.321173431502630446 ) ) ;
#8707 = VECTOR ( 'NONE', #2952, 1000.000000000000114 ) ;
#8708 = UNCERTAINTY_MEASURE_WITH_UNIT (LENGTH_MEASURE( 1.000000000000000082E-05 ), #2394, 'distance_accuracy_value', 'NONE');
#8709 = ADVANCED_FACE ( 'NONE', ( #2325 ), #1621, .F. ) ;
#8710 =( GEOMETRIC_REPRESENTATION_CONTEXT ( 3 ) GLOBAL_UNCERTAINTY_ASSIGNED_CONTEXT ( ( #9048 ) ) GLOBAL_UNIT_ASSIGNED_CONTEXT ( ( #8938, #1702, #4762 ) ) REPRESENTATION_CONTEXT ( 'NONE', 'WORKASPACE' ) );
#8711 = EDGE_CURVE ( 'NONE', #7809, #7102, #3614, .T. ) ;
#8712 = DIRECTION ( 'NONE',  ( 1.000000000000000000, 0.000000000000000000, 0.000000000000000000 ) ) ;
#8713 = CARTESIAN_POINT ( 'NONE',  ( -2.949999999999999734, 2.299999999979629894, 1.000000000000000000 ) ) ;
#8714 = SURFACE_STYLE_USAGE ( .BOTH. , #3640 ) ;
#8715 = CARTESIAN_POINT ( 'NONE',  ( -6.500000000000000888, 2.799999999999999822, 0.000000000000000000 ) ) ;
#8716 = VERTEX_POINT ( 'NONE', #5855 ) ;
#8717 = SURFACE_SIDE_STYLE ('',( #2940 ) ) ;
#8718 = EDGE_LOOP ( 'NONE', ( #5898, #1888, #4200, #8317, #5275 ) ) ;
#8719 = COLOUR_RGB ( '',0.2862745098039215508, 0.2862745098039215508, 0.2862745098039215508 ) ;
#8720 = EDGE_CURVE ( 'NONE', #7691, #1316, #8760, .T. ) ;
#8721 = MECHANICAL_DESIGN_GEOMETRIC_PRESENTATION_REPRESENTATION (  '', ( #6645 ), #997 ) ;
#8722 = ORIENTED_EDGE ( 'NONE', *, *, #2979, .T. ) ;
#8723 = EDGE_LOOP ( 'NONE', ( #6220, #5149, #811, #2576 ) ) ;
#8724 = CARTESIAN_POINT ( 'NONE',  ( 3.250000000000000888, -2.299999999979629894, 2.250000000000000444 ) ) ;
#8725 = PRESENTATION_STYLE_ASSIGNMENT (( #7305 ) ) ;
#8726 = FILL_AREA_STYLE ('',( #9176 ) ) ;
#8727 =( NAMED_UNIT ( * ) SI_UNIT ( $, .STERADIAN. ) SOLID_ANGLE_UNIT ( ) );
#8728 = DIRECTION ( 'NONE',  ( 0.000000000000000000, 1.000000000000000000, 0.000000000000000000 ) ) ;
#8729 = PRESENTATION_STYLE_ASSIGNMENT (( #4493 ) ) ;
#8730 = ADVANCED_FACE ( 'NONE', ( #8676 ), #5051, .T. ) ;
#8731 = ORIENTED_EDGE ( 'NONE', *, *, #5490, .T. ) ;
#8732 = ORIENTED_EDGE ( 'NONE', *, *, #4096, .F. ) ;
#8733 =( LENGTH_UNIT ( ) NAMED_UNIT ( * ) SI_UNIT ( .MILLI., .METRE. ) );
#8734 = DIRECTION ( 'NONE',  ( 1.000000000000000000, -0.000000000000000000, -0.000000000000000000 ) ) ;
#8735 = CARTESIAN_POINT ( 'NONE',  ( -5.955718880829583561, -2.146138961327063388, 5.544659952694482641 ) ) ;
#8736 = SHAPE_REPRESENTATION ( '4_2', ( #5962 ), #583 ) ;
#8737 = CARTESIAN_POINT ( 'NONE',  ( 2.750000000000000000, 0.2000000000000000111, -2.799999999999999822 ) ) ;
#8738 = PRESENTATION_STYLE_ASSIGNMENT (( #7277 ) ) ;
#8739 = PRESENTATION_LAYER_ASSIGNMENT (  '', '', ( #657 ) ) ;
#8740 = SURFACE_SIDE_STYLE ('',( #3802 ) ) ;
#8741 = DIRECTION ( 'NONE',  ( -0.000000000000000000, 1.000000000000000000, 0.000000000000000000 ) ) ;
#8742 = PLANE ( 'NONE',  #2606 ) ;
#8743 = CARTESIAN_POINT ( 'NONE',  ( -2.600000000000000533, -8.800000000000000711, 4.750000000000000000 ) ) ;
#8744 = ORIENTED_EDGE ( 'NONE', *, *, #5952, .F. ) ;
#8745 = CARTESIAN_POINT ( 'NONE',  ( 5.800000000029100988, 2.200000000000000178, 6.000000000000000000 ) ) ;
#8746 = PLANE ( 'NONE',  #2183 ) ;
#8747 = CARTESIAN_POINT ( 'NONE',  ( 0.000000000000000000, -2.299999999979629894, 2.250000000000000444 ) ) ;
#8748 = DIRECTION ( 'NONE',  ( 1.000000000000000000, -0.000000000000000000, -7.930164461608259947E-17 ) ) ;
#8749 = SURFACE_STYLE_USAGE ( .BOTH. , #7344 ) ;
#8750 = SURFACE_SIDE_STYLE ('',( #3865 ) ) ;
#8751 = SURFACE_STYLE_FILL_AREA ( #4431 ) ;
#8752 = ORIENTED_EDGE ( 'NONE', *, *, #6755, .T. ) ;
#8753 = VERTEX_POINT ( 'NONE', #3700 ) ;
#8754 = CARTESIAN_POINT ( 'NONE',  ( -5.900000000029099745, 2.199999999979629806, 5.400000000000000355 ) ) ;
#8755 = EDGE_CURVE ( 'NONE', #8250, #2993, #176, .T. ) ;
#8756 = VERTEX_POINT ( 'NONE', #6434 ) ;
#8757 = PLANE ( 'NONE',  #5226 ) ;
#8758 = FILL_AREA_STYLE ('',( #1573 ) ) ;
#8759 = AXIS2_PLACEMENT_3D ( 'NONE', #2627, #8405, #9057 ) ;
#8760 = LINE ( 'NONE', #4302, #4296 ) ;
#8761 = FILL_AREA_STYLE_COLOUR ( '', #8596 ) ;
#8762 =( NAMED_UNIT ( * ) SI_UNIT ( $, .STERADIAN. ) SOLID_ANGLE_UNIT ( ) );
#8763 = AXIS2_PLACEMENT_3D ( 'NONE', #5493, #2073, #4933 ) ;
#8764 = DIRECTION ( 'NONE',  ( 0.000000000000000000, -1.000000000000000000, 0.000000000000000000 ) ) ;
#8765 = VERTEX_POINT ( 'NONE', #8588 ) ;
#8766 = VERTEX_POINT ( 'NONE', #2157 ) ;
#8767 = DIRECTION ( 'NONE',  ( -0.000000000000000000, -1.000000000000000000, -0.000000000000000000 ) ) ;
#8768 = UNCERTAINTY_MEASURE_WITH_UNIT (LENGTH_MEASURE( 1.000000000000000082E-05 ), #4704, 'distance_accuracy_value', 'NONE');
#8769 = VECTOR ( 'NONE', #3950, 1000.000000000000000 ) ;
#8770 = EDGE_CURVE ( 'NONE', #7002, #5758, #5008, .T. ) ;
#8771 = DIRECTION ( 'NONE',  ( 0.000000000000000000, 1.000000000000000000, 0.000000000000000000 ) ) ;
#8772 = CARTESIAN_POINT ( 'NONE',  ( -5.900000000000000355, -2.199999999999999734, 6.000000000000000000 ) ) ;
#8773 = SURFACE_STYLE_USAGE ( .BOTH. , #5903 ) ;
#8774 = DIRECTION ( 'NONE',  ( -0.000000000000000000, 0.000000000000000000, -1.000000000000000000 ) ) ;
#8775 = CARTESIAN_POINT ( 'NONE',  ( 0.000000000000000000, 0.000000000000000000, 0.000000000000000000 ) ) ;
#8776 = LINE ( 'NONE', #3051, #2788 ) ;
#8777 = VERTEX_POINT ( 'NONE', #1751 ) ;
#8778 = SURFACE_STYLE_FILL_AREA ( #8172 ) ;
#8779 = MECHANICAL_DESIGN_GEOMETRIC_PRESENTATION_REPRESENTATION (  '', ( #1721 ), #5479 ) ;
#8780 = EDGE_CURVE ( 'NONE', #4876, #495, #4896, .T. ) ;
#8781 = LINE ( 'NONE', #8099, #8846 ) ;
#8782 = FILL_AREA_STYLE ('',( #5076 ) ) ;
#8783 = ORIENTED_EDGE ( 'NONE', *, *, #1022, .F. ) ;
#8784 = CARTESIAN_POINT ( 'NONE',  ( -5.800000000029100100, -2.200000000000000178, 2.250000000000000444 ) ) ;
#8785 = SURFACE_SIDE_STYLE ('',( #5923 ) ) ;
#8786 = STYLED_ITEM ( 'NONE', ( #2731 ), #173 ) ;
#8787 = PRESENTATION_LAYER_ASSIGNMENT (  '', '', ( #4741 ) ) ;
#8788 = CARTESIAN_POINT ( 'NONE',  ( -5.875094501888886711, -2.233062582872589630, 5.491030663926141919 ) ) ;
#8789 = FILL_AREA_STYLE ('',( #8657 ) ) ;
#8790 = CARTESIAN_POINT ( 'NONE',  ( 5.924094889577418144, -2.366934131628235072, 1.191841272518035177 ) ) ;
#8791 = SURFACE_STYLE_USAGE ( .BOTH. , #8064 ) ;
#8792 = EDGE_LOOP ( 'NONE', ( #4613, #1656, #35, #8161 ) ) ;
#8793 = ORIENTED_EDGE ( 'NONE', *, *, #446, .F. ) ;
#8794 = ORIENTED_EDGE ( 'NONE', *, *, #7128, .F. ) ;
#8795 = CARTESIAN_POINT ( 'NONE',  ( 0.5499999999999990452, -2.099999999979630161, 2.250000000000000444 ) ) ;
#8796 = DIRECTION ( 'NONE',  ( 0.000000000000000000, -0.000000000000000000, -1.000000000000000000 ) ) ;
#8797 = CARTESIAN_POINT ( 'NONE',  ( 2.950000000000001066, 2.299999999979629894, 2.250000000000000444 ) ) ;
#8798 = EDGE_CURVE ( 'NONE', #3343, #9127, #8198, .T. ) ;
#8799 = CIRCLE ( 'NONE', #6420, 0.5999999999999998668 ) ;
#8800 = LINE ( 'NONE', #4535, #7465 ) ;
#8801 = DIRECTION ( 'NONE',  ( 1.000000000000000000, 0.000000000000000000, 0.000000000000000000 ) ) ;
#8802 =( NAMED_UNIT ( * ) SI_UNIT ( $, .STERADIAN. ) SOLID_ANGLE_UNIT ( ) );
#8803 = COLOUR_RGB ( '',0.7294117647058823151, 0.5176470588235293491, 0.3058823529411764941 ) ;
#8804 = ORIENTED_EDGE ( 'NONE', *, *, #3550, .T. ) ;
#8805 =( GEOMETRIC_REPRESENTATION_CONTEXT ( 3 ) GLOBAL_UNCERTAINTY_ASSIGNED_CONTEXT ( ( #1311 ) ) GLOBAL_UNIT_ASSIGNED_CONTEXT ( ( #376, #4785, #6815 ) ) REPRESENTATION_CONTEXT ( 'NONE', 'WORKASPACE' ) );
#8806 = ORIENTED_EDGE ( 'NONE', *, *, #4226, .F. ) ;
#8807 = CARTESIAN_POINT ( 'NONE',  ( 5.957735026948061119, -2.257735026898592068, 5.457735026918964394 ) ) ;
#8808 =( NAMED_UNIT ( * ) PLANE_ANGLE_UNIT ( ) SI_UNIT ( $, .RADIAN. ) );
#8809 = EDGE_CURVE ( 'NONE', #495, #3561, #6407, .T. ) ;
#8810 = EDGE_CURVE ( 'NONE', #5132, #2787, #318, .T. ) ;
#8811 =( NAMED_UNIT ( * ) PLANE_ANGLE_UNIT ( ) SI_UNIT ( $, .RADIAN. ) );
#8812 = MECHANICAL_DESIGN_GEOMETRIC_PRESENTATION_REPRESENTATION (  '', ( #7633 ), #4774 ) ;
#8813 = SURFACE_STYLE_FILL_AREA ( #7642 ) ;
#8814 = DIRECTION ( 'NONE',  ( 0.000000000000000000, 0.000000000000000000, 1.000000000000000000 ) ) ;
#8815 =( LENGTH_UNIT ( ) NAMED_UNIT ( * ) SI_UNIT ( .MILLI., .METRE. ) );
#8816 = DIRECTION ( 'NONE',  ( 1.000000000000000000, 0.000000000000000000, -0.000000000000000000 ) ) ;
#8817 = CARTESIAN_POINT ( 'NONE',  ( -5.981304907480785360, -2.257735026898593844, 5.434165146386243705 ) ) ;
#8818 = COLOUR_RGB ( '',0.2862745098039215508, 0.2862745098039215508, 0.2862745098039215508 ) ;
#8819 = SURFACE_SIDE_STYLE ('',( #7375 ) ) ;
#8820 = ORIENTED_EDGE ( 'NONE', *, *, #6682, .F. ) ;
#8821 = EDGE_CURVE ( 'NONE', #8636, #8777, #413, .T. ) ;
#8822 =( GEOMETRIC_REPRESENTATION_CONTEXT ( 3 ) GLOBAL_UNCERTAINTY_ASSIGNED_CONTEXT ( ( #7551 ) ) GLOBAL_UNIT_ASSIGNED_CONTEXT ( ( #7493, #5414, #6794 ) ) REPRESENTATION_CONTEXT ( 'NONE', 'WORKASPACE' ) );
#8823 = ADVANCED_FACE ( 'NONE', ( #8895 ), #267, .F. ) ;
#8824 = MECHANICAL_DESIGN_GEOMETRIC_PRESENTATION_REPRESENTATION (  '', ( #1344 ), #3438 ) ;
#8825 = PRESENTATION_LAYER_ASSIGNMENT (  '', '', ( #5080 ) ) ;
#8826 = CARTESIAN_POINT ( 'NONE',  ( 5.991030663955241309, 2.233062582872591406, 5.375094501859786433 ) ) ;
#8827 =( NAMED_UNIT ( * ) SI_UNIT ( $, .STERADIAN. ) SOLID_ANGLE_UNIT ( ) );
#8828 =( LENGTH_UNIT ( ) NAMED_UNIT ( * ) SI_UNIT ( .MILLI., .METRE. ) );
#8829 = VECTOR ( 'NONE', #5276, 1000.000000000000000 ) ;
#8830 = ORIENTED_EDGE ( 'NONE', *, *, #4402, .T. ) ;
#8831 = CARTESIAN_POINT ( 'NONE',  ( 5.800000000029100100, -2.799999999999999822, 2.250000000000000444 ) ) ;
#8832 =( NAMED_UNIT ( * ) PLANE_ANGLE_UNIT ( ) SI_UNIT ( $, .RADIAN. ) );
#8833 = MECHANICAL_DESIGN_GEOMETRIC_PRESENTATION_REPRESENTATION (  '', ( #889 ), #1940 ) ;
#8834 = EDGE_CURVE ( 'NONE', #3567, #7223, #1012, .T. ) ;
#8835 = EDGE_CURVE ( 'NONE', #2964, #3088, #3879, .T. ) ;
#8836 = AXIS2_PLACEMENT_3D ( 'NONE', #3067, #2581, #8314 ) ;
#8837 = FILL_AREA_STYLE ('',( #3813 ) ) ;
#8838 = SURFACE_STYLE_USAGE ( .BOTH. , #5221 ) ;
#8839 = DIRECTION ( 'NONE',  ( -0.000000000000000000, 0.000000000000000000, 1.000000000000000000 ) ) ;
#8840 =( GEOMETRIC_REPRESENTATION_CONTEXT ( 3 ) GLOBAL_UNCERTAINTY_ASSIGNED_CONTEXT ( ( #565 ) ) GLOBAL_UNIT_ASSIGNED_CONTEXT ( ( #8627, #8533, #2995 ) ) REPRESENTATION_CONTEXT ( 'NONE', 'WORKASPACE' ) );
#8841 = LINE ( 'NONE', #4569, #5029 ) ;
#8842 = ORIENTED_EDGE ( 'NONE', *, *, #2562, .F. ) ;
#8843 = STYLED_ITEM ( 'NONE', ( #4072 ), #4886 ) ;
#8844 = SURFACE_SIDE_STYLE ('',( #7400 ) ) ;
#8845 = SURFACE_STYLE_FILL_AREA ( #7446 ) ;
#8846 = VECTOR ( 'NONE', #287, 1000.000000000000000 ) ;
#8847 = VERTEX_POINT ( 'NONE', #1659 ) ;
#8848 = DIRECTION ( 'NONE',  ( 0.000000000000000000, -0.000000000000000000, 1.000000000000000000 ) ) ;
#8849 = CARTESIAN_POINT ( 'NONE',  ( 6.500000000000001776, 1.000000000000000000, 0.000000000000000000 ) ) ;
#8850 = FILL_AREA_STYLE_COLOUR ( '', #3757 ) ;
#8851 =( GEOMETRIC_REPRESENTATION_CONTEXT ( 3 ) GLOBAL_UNCERTAINTY_ASSIGNED_CONTEXT ( ( #8258 ) ) GLOBAL_UNIT_ASSIGNED_CONTEXT ( ( #216, #5852, #3079 ) ) REPRESENTATION_CONTEXT ( 'NONE', 'WORKASPACE' ) );
#8852 = CARTESIAN_POINT ( 'NONE',  ( 6.057966438333062698, -2.099191034116947741, 1.057969723762393066 ) ) ;
#8853 = ORIENTED_EDGE ( 'NONE', *, *, #3728, .T. ) ;
#8854 = ORIENTED_EDGE ( 'NONE', *, *, #5893, .F. ) ;
#8855 = ORIENTED_EDGE ( 'NONE', *, *, #4286, .T. ) ;
#8856 = VECTOR ( 'NONE', #6320, 1000.000000000000000 ) ;
#8857 = UNCERTAINTY_MEASURE_WITH_UNIT (LENGTH_MEASURE( 1.000000000000000082E-05 ), #7298, 'distance_accuracy_value', 'NONE');
#8858 = CARTESIAN_POINT ( 'NONE',  ( -3.250000000000000444, 2.199999999979629806, 1.000000000000000000 ) ) ;
#8859 = CARTESIAN_POINT ( 'NONE',  ( 6.500000000000000888, -1.000000000000000000, -3.000000000000000000 ) ) ;
#8860 = DIRECTION ( 'NONE',  ( 0.000000000000000000, 0.000000000000000000, -1.000000000000000000 ) ) ;
#8861 =( NAMED_UNIT ( * ) SI_UNIT ( $, .STERADIAN. ) SOLID_ANGLE_UNIT ( ) );
#8862 = DIRECTION ( 'NONE',  ( 0.000000000000000000, -0.000000000000000000, -1.000000000000000000 ) ) ;
#8863 = ORIENTED_EDGE ( 'NONE', *, *, #102, .T. ) ;
#8864 = EDGE_CURVE ( 'NONE', #1457, #5242, #5278, .T. ) ;
#8865 = CARTESIAN_POINT ( 'NONE',  ( 6.000000000029100278, 2.199999999999999734, 0.000000000000000000 ) ) ;
#8866 = FILL_AREA_STYLE ('',( #4598 ) ) ;
#8867 = CARTESIAN_POINT ( 'NONE',  ( -3.649999999999999911, 1.300690094324699952, 1.000000000000000000 ) ) ;
#8868 = ADVANCED_FACE ( 'NONE', ( #7592 ), #3785, .F. ) ;
#8869 = VERTEX_POINT ( 'NONE', #8388 ) ;
#8870 = DIRECTION ( 'NONE',  ( 0.5734623443633278805, -0.8192319205190407017, -0.000000000000000000 ) ) ;
#8871 = CARTESIAN_POINT ( 'NONE',  ( -4.049999999999999822, -2.299999999979629894, 0.000000000000000000 ) ) ;
#8872 =( NAMED_UNIT ( * ) PLANE_ANGLE_UNIT ( ) SI_UNIT ( $, .RADIAN. ) );
#8873 =( NAMED_UNIT ( * ) PLANE_ANGLE_UNIT ( ) SI_UNIT ( $, .RADIAN. ) );
#8874 = LINE ( 'NONE', #2545, #8401 ) ;
#8875 = DIRECTION ( 'NONE',  ( 0.000000000000000000, -1.000000000000000000, -0.000000000000000000 ) ) ;
#8876 = CARTESIAN_POINT ( 'NONE',  ( -0.8500000000000006439, -8.300000000000000711, 2.250000000000000444 ) ) ;
#8877 = LINE ( 'NONE', #7486, #2880 ) ;
#8878 = CARTESIAN_POINT ( 'NONE',  ( 5.904368729029564555, -2.248839264927096071, 1.006690199105531702 ) ) ;
#8879 = STYLED_ITEM ( 'NONE', ( #1866 ), #8259 ) ;
#8880 = MECHANICAL_DESIGN_GEOMETRIC_PRESENTATION_REPRESENTATION (  '', ( #1249 ), #6511 ) ;
#8881 = CARTESIAN_POINT ( 'NONE',  ( -3.250000000000000444, -2.200000000000000178, 6.000000000000000000 ) ) ;
#8882 = SURFACE_STYLE_FILL_AREA ( #2408 ) ;
#8883 = SURFACE_STYLE_USAGE ( .BOTH. , #6883 ) ;
#8884 = ADVANCED_FACE ( 'NONE', ( #6370 ), #4906, .T. ) ;
#8885 = VERTEX_POINT ( 'NONE', #1211 ) ;
#8886 = CARTESIAN_POINT ( 'NONE',  ( -5.993309800923566577, 2.248839264927096515, 1.095631270999533502 ) ) ;
#8887 = DIRECTION ( 'NONE',  ( 0.000000000000000000, -1.000000000000000000, -0.000000000000000000 ) ) ;
#8888 = ORIENTED_EDGE ( 'NONE', *, *, #5200, .F. ) ;
#8889 = CIRCLE ( 'NONE', #1547, 0.1000000000000000472 ) ;
#8890 = DIRECTION ( 'NONE',  ( 1.000000000000000000, 0.000000000000000000, 0.000000000000000000 ) ) ;
#8891 = CARTESIAN_POINT ( 'NONE',  ( -6.000000000029100278, -2.799999999999999822, 3.440418332022769921 ) ) ;
#8892 = ADVANCED_FACE ( 'NONE', ( #3509 ), #1301, .T. ) ;
#8893 = LINE ( 'NONE', #4627, #8953 ) ;
#8894 = VECTOR ( 'NONE', #4519, 1000.000000000000000 ) ;
#8895 = FACE_OUTER_BOUND ( 'NONE', #7020, .T. ) ;
#8896 = ORIENTED_EDGE ( 'NONE', *, *, #4633, .T. ) ;
#8897 = FACE_OUTER_BOUND ( 'NONE', #2059, .T. ) ;
#8898 = PRODUCT_CONTEXT ( 'NONE', #1358, 'mechanical' ) ;
#8899 = ORIENTED_EDGE ( 'NONE', *, *, #912, .T. ) ;
#8900 = ORIENTED_EDGE ( 'NONE', *, *, #4471, .T. ) ;
#8901 = DIRECTION ( 'NONE',  ( 1.000000000000000000, 0.000000000000000000, -0.000000000000000000 ) ) ;
#8902 = CARTESIAN_POINT ( 'NONE',  ( 6.000000000029100278, 2.199999999979629806, 2.250000000000000444 ) ) ;
#8903 =( GEOMETRIC_REPRESENTATION_CONTEXT ( 3 ) GLOBAL_UNCERTAINTY_ASSIGNED_CONTEXT ( ( #7870 ) ) GLOBAL_UNIT_ASSIGNED_CONTEXT ( ( #8315, #4885, #8458 ) ) REPRESENTATION_CONTEXT ( 'NONE', 'WORKASPACE' ) );
#8905 = STYLED_ITEM ( 'NONE', ( #8635 ), #7220 ) ;
#8904 =( NAMED_UNIT ( * ) SI_UNIT ( $, .STERADIAN. ) SOLID_ANGLE_UNIT ( ) );
#8906 = CARTESIAN_POINT ( 'NONE',  ( -2.600000000000000533, -8.800000000000000711, 4.750000000000000000 ) ) ;
#8907 = STYLED_ITEM ( 'NONE', ( #7682 ), #775 ) ;
#8908 = VECTOR ( 'NONE', #931, 1000.000000000000000 ) ;
#8909 =( NAMED_UNIT ( * ) PLANE_ANGLE_UNIT ( ) SI_UNIT ( $, .RADIAN. ) );
#8910 = CARTESIAN_POINT ( 'NONE',  ( 3.250000000000000444, -2.799999999999999822, 2.250000000000000444 ) ) ;
#8911 = PRESENTATION_STYLE_ASSIGNMENT (( #435 ) ) ;
#8912 = CARTESIAN_POINT ( 'NONE',  ( 3.117763191479100193, -2.299999999979629894, 4.917763191452910299 ) ) ;
#8913 = FACE_OUTER_BOUND ( 'NONE', #2150, .T. ) ;
#8914 = VERTEX_POINT ( 'NONE', #5571 ) ;
#8915 = PRESENTATION_LAYER_ASSIGNMENT (  '', '', ( #4418 ) ) ;
#8916 = CARTESIAN_POINT ( 'NONE',  ( -5.900000000029100633, 2.299999999979629894, 0.000000000000000000 ) ) ;
#8917 =( NAMED_UNIT ( * ) PLANE_ANGLE_UNIT ( ) SI_UNIT ( $, .RADIAN. ) );
#8918 = VECTOR ( 'NONE', #1196, 1000.000000000000000 ) ;
#8919 = VECTOR ( 'NONE', #7115, 1000.000000000000000 ) ;
#8920 = DIRECTION ( 'NONE',  ( 0.000000000000000000, 0.000000000000000000, 1.000000000000000000 ) ) ;
#8921 = DIRECTION ( 'NONE',  ( 0.000000000000000000, 1.000000000000000000, 0.000000000000000000 ) ) ;
#8922 = PRESENTATION_STYLE_ASSIGNMENT (( #7531 ) ) ;
#8923 = CIRCLE ( 'NONE', #5182, 0.1000000000000002554 ) ;
#8924 = DIRECTION ( 'NONE',  ( -1.000000000000000000, -0.000000000000000000, 0.000000000000000000 ) ) ;
#8925 = EDGE_CURVE ( 'NONE', #621, #3923, #7032, .T. ) ;
#8926 = CARTESIAN_POINT ( 'NONE',  ( 0.000000000000000000, 2.799999999999999822, 5.400000000000000355 ) ) ;
#8927 =( NAMED_UNIT ( * ) SI_UNIT ( $, .STERADIAN. ) SOLID_ANGLE_UNIT ( ) );
#8928 = ORIENTED_EDGE ( 'NONE', *, *, #6063, .F. ) ;
#8929 = CARTESIAN_POINT ( 'NONE',  ( -5.808158727511064434, 2.366934131628237292, 1.075905110451681024 ) ) ;
#8930 = PRESENTATION_STYLE_ASSIGNMENT (( #3914 ) ) ;
#8931 = MECHANICAL_DESIGN_GEOMETRIC_PRESENTATION_REPRESENTATION (  '', ( #6697 ), #1447 ) ;
#8932 = COLOUR_RGB ( '',0.7450980392156862919, 0.7372549019607843590, 0.7294117647058823151 ) ;
#8933 = VECTOR ( 'NONE', #7360, 1000.000000000000000 ) ;
#8934 = EDGE_LOOP ( 'NONE', ( #2284, #1355, #7120, #2888 ) ) ;
#8935 = ADVANCED_FACE ( 'NONE', ( #8338 ), #1895, .T. ) ;
#8936 = ADVANCED_FACE ( 'NONE', ( #6594 ), #244, .T. ) ;
#8937 = DIRECTION ( 'NONE',  ( 0.000000000000000000, -0.000000000000000000, -1.000000000000000000 ) ) ;
#8938 =( LENGTH_UNIT ( ) NAMED_UNIT ( * ) SI_UNIT ( .MILLI., .METRE. ) );
#8939 = LINE ( 'NONE', #6847, #5553 ) ;
#8940 = DIRECTION ( 'NONE',  ( 0.000000000000000000, -0.000000000000000000, 1.000000000000000000 ) ) ;
#8941 = SURFACE_SIDE_STYLE ('',( #3215 ) ) ;
#8942 = ORIENTED_EDGE ( 'NONE', *, *, #8149, .F. ) ;
#8943 = CYLINDRICAL_SURFACE ( 'NONE', #4835, 0.1000000000000002554 ) ;
#8944 = DIRECTION ( 'NONE',  ( 1.000000000000000000, 0.000000000000000000, 0.000000000000000000 ) ) ;
#8945 = ORIENTED_EDGE ( 'NONE', *, *, #6019, .F. ) ;
#8946 = VERTEX_POINT ( 'NONE', #8745 ) ;
#8947 = PRESENTATION_STYLE_ASSIGNMENT (( #325 ) ) ;
#8948 = UNCERTAINTY_MEASURE_WITH_UNIT (LENGTH_MEASURE( 1.000000000000000082E-05 ), #6565, 'distance_accuracy_value', 'NONE');
#8949 =( NAMED_UNIT ( * ) PLANE_ANGLE_UNIT ( ) SI_UNIT ( $, .RADIAN. ) );
#8950 = LINE ( 'NONE', #2522, #1209 ) ;
#8951 = LINE ( 'NONE', #3888, #3223 ) ;
#8952 = CARTESIAN_POINT ( 'NONE',  ( -5.900000000029100633, 2.199999999979629806, 1.100000000000000089 ) ) ;
#8953 = VECTOR ( 'NONE', #1011, 1000.000000000000000 ) ;
#8954 = STYLED_ITEM ( 'NONE', ( #8353 ), #4106 ) ;
#8955 = DIRECTION ( 'NONE',  ( -0.5734623443633283246, -0.8192319205190404796, 0.000000000000000000 ) ) ;
#8956 = PRESENTATION_LAYER_ASSIGNMENT (  '', '', ( #2828 ) ) ;
#8957 = PRESENTATION_LAYER_ASSIGNMENT (  '', '', ( #2226 ) ) ;
#8958 = CARTESIAN_POINT ( 'NONE',  ( 5.957735026948062007, 2.257735026898591624, 5.457735026918967947 ) ) ;
#8959 = DIRECTION ( 'NONE',  ( 0.000000000000000000, 0.000000000000000000, -1.000000000000000000 ) ) ;
#8960 = DIRECTION ( 'NONE',  ( -1.000000000000000000, -0.000000000000000000, 0.000000000000000000 ) ) ;
#8961 = DIRECTION ( 'NONE',  ( 0.000000000000000000, -1.000000000000000000, 0.000000000000000000 ) ) ;
#8962 = CARTESIAN_POINT ( 'NONE',  ( -0.2499999999999998335, 0.2000000000000000111, -2.800000000000000266 ) ) ;
#8963 = VERTEX_POINT ( 'NONE', #8831 ) ;
#8964 = LINE ( 'NONE', #8222, #2969 ) ;
#8965 = LINE ( 'NONE', #4034, #8580 ) ;
#8966 = CIRCLE ( 'NONE', #8530, 0.1000000000000000472 ) ;
#8967 = FILL_AREA_STYLE ('',( #2588 ) ) ;
#8968 = VECTOR ( 'NONE', #5518, 1000.000000000000000 ) ;
#8969 = PRESENTATION_LAYER_ASSIGNMENT (  '', '', ( #3134 ) ) ;
#8970 = COLOUR_RGB ( '',0.2862745098039215508, 0.2862745098039215508, 0.2862745098039215508 ) ;
#8971 = DIRECTION ( 'NONE',  ( -0.5773502691896242878, 0.5773502691896242878, -0.5773502691896287287 ) ) ;
#8972 =( LENGTH_UNIT ( ) NAMED_UNIT ( * ) SI_UNIT ( .MILLI., .METRE. ) );
#8973 = DIRECTION ( 'NONE',  ( -0.000000000000000000, -0.000000000000000000, -1.000000000000000000 ) ) ;
#8974 = FILL_AREA_STYLE ('',( #451 ) ) ;
#8975 =( NAMED_UNIT ( * ) PLANE_ANGLE_UNIT ( ) SI_UNIT ( $, .RADIAN. ) );
#8976 = ORIENTED_EDGE ( 'NONE', *, *, #5961, .F. ) ;
#8977 =( GEOMETRIC_REPRESENTATION_CONTEXT ( 3 ) GLOBAL_UNCERTAINTY_ASSIGNED_CONTEXT ( ( #3281 ) ) GLOBAL_UNIT_ASSIGNED_CONTEXT ( ( #6002, #7459, #3793 ) ) REPRESENTATION_CONTEXT ( 'NONE', 'WORKASPACE' ) );
#8978 = SURFACE_SIDE_STYLE ('',( #3457 ) ) ;
#8979 = VECTOR ( 'NONE', #237, 1000.000000000000000 ) ;
#8980 = UNCERTAINTY_MEASURE_WITH_UNIT (LENGTH_MEASURE( 1.000000000000000082E-05 ), #3351, 'distance_accuracy_value', 'NONE');
#8981 = CARTESIAN_POINT ( 'NONE',  ( -5.904368729029565444, 2.248839264927096959, 1.006690199105531480 ) ) ;
#8982 = DIRECTION ( 'NONE',  ( -1.000000000000000000, -0.000000000000000000, 7.930164461608259947E-17 ) ) ;
#8983 = VECTOR ( 'NONE', #772, 1000.000000000000000 ) ;
#8984 = ADVANCED_FACE ( 'NONE', ( #6423 ), #2439, .T. ) ;
#8985 = ORIENTED_EDGE ( 'NONE', *, *, #8149, .T. ) ;
#8986 = AXIS2_PLACEMENT_3D ( 'NONE', #3278, #7602, #9149 ) ;
#8987 = PLANE ( 'NONE',  #5405 ) ;
#8988 = CYLINDRICAL_SURFACE ( 'NONE', #1361, 0.9221700196400074434 ) ;
#8989 = VECTOR ( 'NONE', #705, 1000.000000000000000 ) ;
#8990 = CARTESIAN_POINT ( 'NONE',  ( -1.824999999999999956, 2.200000000000000178, 0.5000000000000001110 ) ) ;
#8991 = ADVANCED_FACE ( 'NONE', ( #1818 ), #2585, .T. ) ;
#8992 = DIRECTION ( 'NONE',  ( 0.000000000000000000, 1.000000000000000000, 0.000000000000000000 ) ) ;
#8993 = MECHANICAL_DESIGN_GEOMETRIC_PRESENTATION_REPRESENTATION (  '', ( #1495 ), #7063 ) ;
#8994 = VERTEX_POINT ( 'NONE', #1729 ) ;
#8995 = ORIENTED_EDGE ( 'NONE', *, *, #6082, .F. ) ;
#8996 = DIRECTION ( 'NONE',  ( 0.000000000000000000, -1.000000000000000000, -0.000000000000000000 ) ) ;
#8997 = PRESENTATION_LAYER_ASSIGNMENT (  '', '', ( #7068 ) ) ;
#8998 = UNCERTAINTY_MEASURE_WITH_UNIT (LENGTH_MEASURE( 1.000000000000000082E-05 ), #2473, 'distance_accuracy_value', 'NONE');
#8999 = PRODUCT_DEFINITION_CONTEXT ( 'detailed design', #4403, 'design' ) ;
#9000 = PLANE ( 'NONE',  #62 ) ;
#9001 = EDGE_CURVE ( 'NONE', #3131, #8914, #7524, .T. ) ;
#9002 = EDGE_LOOP ( 'NONE', ( #4149, #7557, #2003, #7664 ) ) ;
#9003 =( LENGTH_UNIT ( ) NAMED_UNIT ( * ) SI_UNIT ( .MILLI., .METRE. ) );
#9004 = VECTOR ( 'NONE', #7630, 1000.000000000000000 ) ;
#9005 = EDGE_LOOP ( 'NONE', ( #3649, #9193, #3381, #5047 ) ) ;
#9006 = DIRECTION ( 'NONE',  ( 0.000000000000000000, -1.000000000000000000, 0.000000000000000000 ) ) ;
#9007 = VECTOR ( 'NONE', #754, 1000.000000000000000 ) ;
#9008 = FILL_AREA_STYLE ('',( #3289 ) ) ;
#9009 = SURFACE_STYLE_USAGE ( .BOTH. , #3293 ) ;
#9010 = SURFACE_SIDE_STYLE ('',( #3294 ) ) ;
#9011 = CARTESIAN_POINT ( 'NONE',  ( -6.000000000029100278, 2.799999999999999822, 3.442489127153390616 ) ) ;
#9012 = CARTESIAN_POINT ( 'NONE',  ( -6.000000000029100278, 2.199999999999999734, 0.000000000000000000 ) ) ;
#9013 =( LENGTH_UNIT ( ) NAMED_UNIT ( * ) SI_UNIT ( .MILLI., .METRE. ) );
#9014 = LINE ( 'NONE', #1867, #1472 ) ;
#9015 = ORIENTED_EDGE ( 'NONE', *, *, #3276, .F. ) ;
#9016 = LINE ( 'NONE', #3193, #3803 ) ;
#9017 = PRESENTATION_STYLE_ASSIGNMENT (( #6969 ) ) ;
#9018 = PRESENTATION_LAYER_ASSIGNMENT (  '', '', ( #644 ) ) ;
#9019 = DIRECTION ( 'NONE',  ( 0.000000000000000000, -0.000000000000000000, 1.000000000000000000 ) ) ;
#9020 = CARTESIAN_POINT ( 'NONE',  ( -5.900000000029099745, 1.149999999989810062, 1.100000000000000089 ) ) ;
#9021 =( NAMED_UNIT ( * ) SI_UNIT ( $, .STERADIAN. ) SOLID_ANGLE_UNIT ( ) );
#9022 = LINE ( 'NONE', #399, #751 ) ;
#9023 =( LENGTH_UNIT ( ) NAMED_UNIT ( * ) SI_UNIT ( .MILLI., .METRE. ) );
#9024 = FACE_OUTER_BOUND ( 'NONE', #6076, .T. ) ;
#9025 = VERTEX_POINT ( 'NONE', #5448 ) ;
#9026 = DIRECTION ( 'NONE',  ( 1.000000000000000000, 0.000000000000000000, -3.330669073875470114E-16 ) ) ;
#9027 = PLANE ( 'NONE',  #1914 ) ;
#9028 = CARTESIAN_POINT ( 'NONE',  ( -5.981304907480781807, 2.257735026898592512, 1.065834853613757405 ) ) ;
#9029 = CARTESIAN_POINT ( 'NONE',  ( -5.800000000029100100, -2.299999999979629894, 2.250000000000000444 ) ) ;
#9030 = VERTEX_POINT ( 'NONE', #6204 ) ;
#9031 =( LENGTH_UNIT ( ) NAMED_UNIT ( * ) SI_UNIT ( .MILLI., .METRE. ) );
#9033 = DIRECTION ( 'NONE',  ( 1.000000000000000000, 0.000000000000000000, 0.000000000000000000 ) ) ;
#9032 = AXIS2_PLACEMENT_3D ( 'NONE', #2779, #6852, #8801 ) ;
#9034 = LINE ( 'NONE', #1892, #3699 ) ;
#9035 = FILL_AREA_STYLE_COLOUR ( '', #1480 ) ;
#9036 = EDGE_CURVE ( 'NONE', #9223, #4156, #8964, .T. ) ;
#9037 = EDGE_CURVE ( 'NONE', #401, #2159, #2065, .T. ) ;
#9038 = PRESENTATION_STYLE_ASSIGNMENT (( #3363 ) ) ;
#9039 = ORIENTED_EDGE ( 'NONE', *, *, #1387, .F. ) ;
#9040 = PLANE ( 'NONE',  #8011 ) ;
#9041 = APPLICATION_PROTOCOL_DEFINITION ( 'draft international standard', 'automotive_design', 1998, #87 ) ;
#9042 = STYLED_ITEM ( 'NONE', ( #7300 ), #6473 ) ;
#9043 = ORIENTED_EDGE ( 'NONE', *, *, #8755, .F. ) ;
#9044 = ORIENTED_EDGE ( 'NONE', *, *, #3573, .F. ) ;
#9045 =( LENGTH_UNIT ( ) NAMED_UNIT ( * ) SI_UNIT ( .MILLI., .METRE. ) );
#9046 = CARTESIAN_POINT ( 'NONE',  ( -6.500000000000000888, 0.000000000000000000, 0.000000000000000000 ) ) ;
#9047 = EDGE_CURVE ( 'NONE', #4352, #4000, #5403, .T. ) ;
#9048 = UNCERTAINTY_MEASURE_WITH_UNIT (LENGTH_MEASURE( 1.000000000000000082E-05 ), #8938, 'distance_accuracy_value', 'NONE');
#9049 = PRESENTATION_LAYER_ASSIGNMENT (  '', '', ( #2601 ) ) ;
#9050 = AXIS2_PLACEMENT_3D ( 'NONE', #3207, #6075, #5231 ) ;
#9051 = ADVANCED_FACE ( 'NONE', ( #2637 ), #2491, .T. ) ;
#9052 = CARTESIAN_POINT ( 'NONE',  ( -3.250000000000000444, -2.799999999999999822, 0.5000000000000000000 ) ) ;
#9053 = DIRECTION ( 'NONE',  ( 1.000000000000000000, 0.000000000000000000, 0.000000000000000000 ) ) ;
#9054 = SURFACE_STYLE_USAGE ( .BOTH. , #3571 ) ;
#9055 =( LENGTH_UNIT ( ) NAMED_UNIT ( * ) SI_UNIT ( .MILLI., .METRE. ) );
#9056 = VERTEX_POINT ( 'NONE', #4979 ) ;
#9057 = DIRECTION ( 'NONE',  ( 1.000000000000000000, 0.000000000000000000, -0.000000000000000000 ) ) ;
#9058 = ORIENTED_EDGE ( 'NONE', *, *, #1978, .F. ) ;
#9059 = CIRCLE ( 'NONE', #1416, 0.1000000000000002554 ) ;
#9060 = CARTESIAN_POINT ( 'NONE',  ( 6.000000000029100278, -2.199999999979629806, 1.100000000000000089 ) ) ;
#9061 = CIRCLE ( 'NONE', #7727, 0.5999999999999999778 ) ;
#9062 = FACE_OUTER_BOUND ( 'NONE', #7821, .T. ) ;
#9063 = AXIS2_PLACEMENT_3D ( 'NONE', #5909, #5115, #3182 ) ;
#9064 = CARTESIAN_POINT ( 'NONE',  ( -2.950000000000000178, -2.099999999979630161, 4.750000000000000000 ) ) ;
#9065 = CARTESIAN_POINT ( 'NONE',  ( 6.000000000029100278, -2.299999999979629894, 3.250000000000000444 ) ) ;
#9066 = ORIENTED_EDGE ( 'NONE', *, *, #4855, .F. ) ;
#9067 = DIRECTION ( 'NONE',  ( 0.000000000000000000, -0.000000000000000000, 1.000000000000000000 ) ) ;
#9068 = CARTESIAN_POINT ( 'NONE',  ( -0.1500000000000009936, -8.300000000000000711, 4.750000000000000000 ) ) ;
#9069 = ORIENTED_EDGE ( 'NONE', *, *, #2, .T. ) ;
#9070 = VECTOR ( 'NONE', #5348, 1000.000000000000000 ) ;
#9071 = STYLED_ITEM ( 'NONE', ( #2260 ), #7442 ) ;
#9072 = PLANE ( 'NONE',  #5328 ) ;
#9073 = CARTESIAN_POINT ( 'NONE',  ( -2.600000000000000977, -8.800000000000000711, 2.250000000000000444 ) ) ;
#9074 = FILL_AREA_STYLE ('',( #7763 ) ) ;
#9075 = CARTESIAN_POINT ( 'NONE',  ( -5.900086743527171329, 2.799999999999999822, 5.126379046879570467 ) ) ;
#9076 = STYLED_ITEM ( 'NONE', ( #3752 ), #212 ) ;
#9077 = SURFACE_SIDE_STYLE ('',( #7069 ) ) ;
#9078 = CARTESIAN_POINT ( 'NONE',  ( -6.000000000029100278, -2.199999999979629806, 2.250000000000000444 ) ) ;
#9079 = CARTESIAN_POINT ( 'NONE',  ( -5.900000000029099745, -2.199999999979629806, 2.250000000000000444 ) ) ;
#9080 = CIRCLE ( 'NONE', #4882, 0.1000000000000000472 ) ;
#9081 = AXIS2_PLACEMENT_3D ( 'NONE', #5176, #3819, #5931 ) ;
#9082 = ORIENTED_EDGE ( 'NONE', *, *, #4580, .F. ) ;
#9083 = VECTOR ( 'NONE', #803, 1000.000000000000000 ) ;
#9084 =( NAMED_UNIT ( * ) PLANE_ANGLE_UNIT ( ) SI_UNIT ( $, .RADIAN. ) );
#9085 = UNCERTAINTY_MEASURE_WITH_UNIT (LENGTH_MEASURE( 1.000000000000000082E-05 ), #8815, 'distance_accuracy_value', 'NONE');
#9086 = SURFACE_STYLE_USAGE ( .BOTH. , #2750 ) ;
#9087 = ORIENTED_EDGE ( 'NONE', *, *, #3782, .T. ) ;
#9088 = AXIS2_PLACEMENT_3D ( 'NONE', #539, #500, #4042 ) ;
#9089 = VECTOR ( 'NONE', #6314, 1000.000000000000114 ) ;
#9090 = CARTESIAN_POINT ( 'NONE',  ( -5.900000000029099745, -2.199999999979629806, 5.500000000000000888 ) ) ;
#9091 = FILL_AREA_STYLE_COLOUR ( '', #4918 ) ;
#9092 =( NAMED_UNIT ( * ) SI_UNIT ( $, .STERADIAN. ) SOLID_ANGLE_UNIT ( ) );
#9093 = DIRECTION ( 'NONE',  ( 0.000000000000000000, 0.000000000000000000, 1.000000000000000000 ) ) ;
#9094 = PRESENTATION_STYLE_ASSIGNMENT (( #1836 ) ) ;
#9095 = CARTESIAN_POINT ( 'NONE',  ( 2.950000000014549872, 2.199999999979629806, 5.500000000000000888 ) ) ;
#9096 = EDGE_LOOP ( 'NONE', ( #1106, #8942, #7234, #8899 ) ) ;
#9097 = DIRECTION ( 'NONE',  ( 0.000000000000000000, 0.000000000000000000, -1.000000000000000000 ) ) ;
#9098 = VERTEX_POINT ( 'NONE', #2127 ) ;
#9099 = EDGE_LOOP ( 'NONE', ( #2158, #6873, #4258, #2087 ) ) ;
#9100 = EDGE_CURVE ( 'NONE', #1564, #6, #8799, .T. ) ;
#9101 = EDGE_CURVE ( 'NONE', #836, #5225, #6496, .T. ) ;
#9102 = UNCERTAINTY_MEASURE_WITH_UNIT (LENGTH_MEASURE( 1.000000000000000082E-05 ), #6836, 'distance_accuracy_value', 'NONE');
#9103 = COLOUR_RGB ( '',0.7450980392156862919, 0.7372549019607843590, 0.7294117647058823151 ) ;
#9104 = ORIENTED_EDGE ( 'NONE', *, *, #7693, .F. ) ;
#9105 = DIRECTION ( 'NONE',  ( 0.000000000000000000, 0.000000000000000000, 1.000000000000000000 ) ) ;
#9106 = SURFACE_STYLE_USAGE ( .BOTH. , #4730 ) ;
#9107 = SURFACE_STYLE_FILL_AREA ( #7892 ) ;
#9108 = ORIENTED_EDGE ( 'NONE', *, *, #4286, .F. ) ;
#9109 = COLOUR_RGB ( '',0.8313725490196077761, 0.8313725490196077761, 0.8313725490196077761 ) ;
#9110 =( NAMED_UNIT ( * ) SI_UNIT ( $, .STERADIAN. ) SOLID_ANGLE_UNIT ( ) );
#9111 = LINE ( 'NONE', #4928, #600 ) ;
#9112 = EDGE_CURVE ( 'NONE', #6678, #2075, #1414, .T. ) ;
#9113 = FILL_AREA_STYLE_COLOUR ( '', #3562 ) ;
#9114 = VECTOR ( 'NONE', #9067, 1000.000000000000000 ) ;
#9115 = FILL_AREA_STYLE ('',( #4029 ) ) ;
#9116 = FILL_AREA_STYLE ('',( #3582 ) ) ;
#9117 = CARTESIAN_POINT ( 'NONE',  ( 4.049999999999999822, -2.199999999979629806, 1.000000000000000000 ) ) ;
#9118 = ORIENTED_EDGE ( 'NONE', *, *, #1637, .T. ) ;
#9119 =( NAMED_UNIT ( * ) PLANE_ANGLE_UNIT ( ) SI_UNIT ( $, .RADIAN. ) );
#9120 = DIRECTION ( 'NONE',  ( 1.000000000000000000, 0.000000000000000000, -0.000000000000000000 ) ) ;
#9121 = CIRCLE ( 'NONE', #3259, 0.9221700196400074434 ) ;
#9122 = SURFACE_SIDE_STYLE ('',( #8321 ) ) ;
#9123 = FILL_AREA_STYLE_COLOUR ( '', #2793 ) ;
#9124 = PRESENTATION_STYLE_ASSIGNMENT (( #8231 ) ) ;
#9125 = SURFACE_STYLE_FILL_AREA ( #7017 ) ;
#9126 = DIRECTION ( 'NONE',  ( -0.000000000000000000, -0.000000000000000000, -1.000000000000000000 ) ) ;
#9127 = VERTEX_POINT ( 'NONE', #2689 ) ;
#9128 = CARTESIAN_POINT ( 'NONE',  ( 0.5499999999999990452, 0.000000000000000000, 2.250000000000000444 ) ) ;
#9129 =( NAMED_UNIT ( * ) SI_UNIT ( $, .STERADIAN. ) SOLID_ANGLE_UNIT ( ) );
#9130 = EDGE_CURVE ( 'NONE', #6903, #8250, #3109, .T. ) ;
#9131 = FILL_AREA_STYLE_COLOUR ( '', #2163 ) ;
#9132 = AXIS2_PLACEMENT_3D ( 'NONE', #1283, #4128, #8125 ) ;
#9133 = ORIENTED_EDGE ( 'NONE', *, *, #2332, .F. ) ;
#9134 = MECHANICAL_DESIGN_GEOMETRIC_PRESENTATION_REPRESENTATION (  '', ( #1188 ), #7483 ) ;
#9135 =( NAMED_UNIT ( * ) PLANE_ANGLE_UNIT ( ) SI_UNIT ( $, .RADIAN. ) );
#9136 =( GEOMETRIC_REPRESENTATION_CONTEXT ( 3 ) GLOBAL_UNCERTAINTY_ASSIGNED_CONTEXT ( ( #8538 ) ) GLOBAL_UNIT_ASSIGNED_CONTEXT ( ( #7005, #6149, #7753 ) ) REPRESENTATION_CONTEXT ( 'NONE', 'WORKASPACE' ) );
#9137 = AXIS2_PLACEMENT_3D ( 'NONE', #7990, #5860, #4215 ) ;
#9138 = DIRECTION ( 'NONE',  ( -0.000000000000000000, 1.000000000000000000, 0.000000000000000000 ) ) ;
#9139 =( NAMED_UNIT ( * ) PLANE_ANGLE_UNIT ( ) SI_UNIT ( $, .RADIAN. ) );
#9140 = DIRECTION ( 'NONE',  ( 1.000000000000000000, 0.000000000000000000, 0.000000000000000000 ) ) ;
#9141 = DIRECTION ( 'NONE',  ( 0.000000000000000000, 0.000000000000000000, -1.000000000000000000 ) ) ;
#9142 = PRESENTATION_LAYER_ASSIGNMENT (  '', '', ( #7049 ) ) ;
#9143 = VERTEX_POINT ( 'NONE', #8558 ) ;
#9144 = PRESENTATION_STYLE_ASSIGNMENT (( #1898 ) ) ;
#9145 = ORIENTED_EDGE ( 'NONE', *, *, #2846, .F. ) ;
#9146 = MECHANICAL_DESIGN_GEOMETRIC_PRESENTATION_REPRESENTATION (  '', ( #4026 ), #1348 ) ;
#9147 = ORIENTED_EDGE ( 'NONE', *, *, #2543, .F. ) ;
#9148 = AXIS2_PLACEMENT_3D ( 'NONE', #5582, #5438, #1269 ) ;
#9149 = DIRECTION ( 'NONE',  ( 2.220446049250310123E-16, 0.000000000000000000, 1.000000000000000000 ) ) ;
#9150 =( BOUNDED_SURFACE ( )  B_SPLINE_SURFACE ( 3, 3, ( 
 ( #7603, #2617, #8343, #5575 ),
 ( #8592, #2120, #2249, #5762 ),
 ( #3619, #5720, #1474, #2161 ),
 ( #5674, #8547, #5014, #6581 ) ),
 .UNSPECIFIED., .F., .F., .F. ) 
 B_SPLINE_SURFACE_WITH_KNOTS ( ( 4, 4 ),
 ( 4, 4 ),
 ( 0.000000000000000000, 1.000000000000000000 ),
 ( 0.000000000000000000, 1.000000000000000000 ),
 .UNSPECIFIED. ) 
 GEOMETRIC_REPRESENTATION_ITEM ( )  RATIONAL_B_SPLINE_SURFACE ( (
 ( 1.000000000000000000, 0.3333333333333262649, 0.3333333333333262649, 1.000000000000000000),
 ( 0.9245018060306375851, 0.3081672686768726632, 0.3081672686768726632, 0.9245018060306375851),
 ( 0.9245018060306375851, 0.3081672686768726632, 0.3081672686768726632, 0.9245018060306375851),
 ( 1.000000000000000000, 0.3333333333333262649, 0.3333333333333262649, 1.000000000000000000) ) ) 
 REPRESENTATION_ITEM ( '' )  SURFACE ( )  );
#9151 = DIRECTION ( 'NONE',  ( -1.000000000000000000, 0.000000000000000000, -0.000000000000000000 ) ) ;
#9152 = LINE ( 'NONE', #8396, #1060 ) ;
#9153 = STYLED_ITEM ( 'NONE', ( #4388 ), #2929 ) ;
#9154 = ORIENTED_EDGE ( 'NONE', *, *, #1049, .T. ) ;
#9155 =( NAMED_UNIT ( * ) SI_UNIT ( $, .STERADIAN. ) SOLID_ANGLE_UNIT ( ) );
#9156 = AXIS2_PLACEMENT_3D ( 'NONE', #1189, #8277, #7676 ) ;
#9157 = CARTESIAN_POINT ( 'NONE',  ( -6.500000000000000888, -2.799999999999999822, 5.400000000000000355 ) ) ;
#9158 = SHAPE_REPRESENTATION_RELATIONSHIP ( 'NONE' , 'NONE' ,  #7778, #5232 ) ;
#9159 = EDGE_LOOP ( 'NONE', ( #8855, #7003, #801, #2371 ) ) ;
#9160 = STYLED_ITEM ( 'NONE', ( #5202 ), #4972 ) ;
#9161 = ORIENTED_EDGE ( 'NONE', *, *, #7163, .T. ) ;
#9162 = SURFACE_STYLE_USAGE ( .BOTH. , #9211 ) ;
#9163 = CARTESIAN_POINT ( 'NONE',  ( 0.2500000000000000000, -0.2000000000000000111, 2.000000000000000000 ) ) ;
#9164 = STYLED_ITEM ( 'NONE', ( #7860 ), #3250 ) ;
#9165 = PLANE ( 'NONE',  #8687 ) ;
#9166 =( LENGTH_UNIT ( ) NAMED_UNIT ( * ) SI_UNIT ( .MILLI., .METRE. ) );
#9167 = CARTESIAN_POINT ( 'NONE',  ( -6.000000000029100278, -2.199999999979629806, 2.250000000000000444 ) ) ;
#9168 = CYLINDRICAL_SURFACE ( 'NONE', #6375, 0.1000000000000002554 ) ;
#9169 = SURFACE_STYLE_USAGE ( .BOTH. , #3495 ) ;
#9170 = VERTEX_POINT ( 'NONE', #7810 ) ;
#9171 = COLOUR_RGB ( '',0.7450980392156862919, 0.7372549019607843590, 0.7294117647058823151 ) ;
#9172 = PLANE ( 'NONE',  #6724 ) ;
#9173 = EDGE_CURVE ( 'NONE', #3352, #8202, #3625, .T. ) ;
#9174 = DIRECTION ( 'NONE',  ( 0.000000000000000000, -0.000000000000000000, -1.000000000000000000 ) ) ;
#9175 = CARTESIAN_POINT ( 'NONE',  ( -6.000000000029100278, 2.199999999999999734, 3.250000000000000888 ) ) ;
#9176 = FILL_AREA_STYLE_COLOUR ( '', #4802 ) ;
#9177 = EDGE_CURVE ( 'NONE', #3496, #5795, #7715, .T. ) ;
#9178 = DIRECTION ( 'NONE',  ( 0.000000000000000000, 0.000000000000000000, 1.000000000000000000 ) ) ;
#9179 = PLANE ( 'NONE',  #879 ) ;
#9180 = DIRECTION ( 'NONE',  ( 0.000000000000000000, -0.000000000000000000, 1.000000000000000000 ) ) ;
#9181 = PRESENTATION_STYLE_ASSIGNMENT (( #4047 ) ) ;
#9182 = DIRECTION ( 'NONE',  ( 1.000000000000000000, 0.000000000000000000, 0.000000000000000000 ) ) ;
#9183 = ORIENTED_EDGE ( 'NONE', *, *, #3925, .T. ) ;
#9184 =( NAMED_UNIT ( * ) SI_UNIT ( $, .STERADIAN. ) SOLID_ANGLE_UNIT ( ) );
#9185 = UNCERTAINTY_MEASURE_WITH_UNIT (LENGTH_MEASURE( 1.000000000000000082E-05 ), #957, 'distance_accuracy_value', 'NONE');
#9186 = ORIENTED_EDGE ( 'NONE', *, *, #2313, .F. ) ;
#9187 = CARTESIAN_POINT ( 'NONE',  ( -6.500000000000000888, 2.799999999999999822, 0.000000000000000000 ) ) ;
#9188 = FILL_AREA_STYLE_COLOUR ( '', #633 ) ;
#9189 = ADVANCED_FACE ( 'NONE', ( #2169 ), #6399, .T. ) ;
#9190 = CARTESIAN_POINT ( 'NONE',  ( 5.900000000029100633, 2.199999999979629361, 1.099999999999999423 ) ) ;
#9191 =( NAMED_UNIT ( * ) PLANE_ANGLE_UNIT ( ) SI_UNIT ( $, .RADIAN. ) );
#9192 = FACE_OUTER_BOUND ( 'NONE', #630, .T. ) ;
#9193 = ORIENTED_EDGE ( 'NONE', *, *, #5883, .F. ) ;
#9194 = ITEM_DEFINED_TRANSFORMATION ( 'NONE', 'NONE', #3274,  #5962 ) ;
#9195 = ORIENTED_EDGE ( 'NONE', *, *, #8770, .F. ) ;
#9196 = EDGE_LOOP ( 'NONE', ( #8164, #2355, #1999, #4687 ) ) ;
#9197 = AXIS2_PLACEMENT_3D ( 'NONE', #5895, #7934, #880 ) ;
#9198 =( NAMED_UNIT ( * ) PLANE_ANGLE_UNIT ( ) SI_UNIT ( $, .RADIAN. ) );
#9199 = CARTESIAN_POINT ( 'NONE',  ( 5.957735026948063783, 2.257735026898592068, 5.457735026918963506 ) ) ;
#9200 = PRODUCT ( '4_2', '4_2', '', ( #6132 ) ) ;
#9201 = UNCERTAINTY_MEASURE_WITH_UNIT (LENGTH_MEASURE( 1.000000000000000082E-05 ), #7105, 'distance_accuracy_value', 'NONE');
#9202 = UNCERTAINTY_MEASURE_WITH_UNIT (LENGTH_MEASURE( 1.000000000000000082E-05 ), #5927, 'distance_accuracy_value', 'NONE');
#9203 = VECTOR ( 'NONE', #6014, 1000.000000000000000 ) ;
#9204 = EDGE_LOOP ( 'NONE', ( #3075, #8190, #5319, #8842 ) ) ;
#9205 = CARTESIAN_POINT ( 'NONE',  ( -5.957735026948062895, -2.257735026898592512, 1.042264973081035828 ) ) ;
#9206 = MECHANICAL_DESIGN_GEOMETRIC_PRESENTATION_REPRESENTATION (  '', ( #3935 ), #5441 ) ;
#9207 =( NAMED_UNIT ( * ) PLANE_ANGLE_UNIT ( ) SI_UNIT ( $, .RADIAN. ) );
#9208 = ORIENTED_EDGE ( 'NONE', *, *, #5628, .T. ) ;
#9209 = FILL_AREA_STYLE ('',( #2015 ) ) ;
#9210 = VERTEX_POINT ( 'NONE', #9267 ) ;
#9211 = SURFACE_SIDE_STYLE ('',( #3660 ) ) ;
#9212 = DIRECTION ( 'NONE',  ( 0.000000000000000000, 0.000000000000000000, -1.000000000000000000 ) ) ;
#9213 =( GEOMETRIC_REPRESENTATION_CONTEXT ( 3 ) GLOBAL_UNCERTAINTY_ASSIGNED_CONTEXT ( ( #2501 ) ) GLOBAL_UNIT_ASSIGNED_CONTEXT ( ( #3024, #8872, #1042 ) ) REPRESENTATION_CONTEXT ( 'NONE', 'WORKASPACE' ) );
#9214 = DIRECTION ( 'NONE',  ( -1.000000000000000000, 0.000000000000000000, -0.000000000000000000 ) ) ;
#9215 = DIRECTION ( 'NONE',  ( -2.220446049250310123E-16, -0.000000000000000000, -1.000000000000000000 ) ) ;
#9216 = DIRECTION ( 'NONE',  ( 0.000000000000000000, -1.000000000000000000, -0.000000000000000000 ) ) ;
#9217 = DIRECTION ( 'NONE',  ( 1.000000000000000000, 0.000000000000000000, 0.000000000000000000 ) ) ;
#9218 = VERTEX_POINT ( 'NONE', #1973 ) ;
#9219 =( LENGTH_UNIT ( ) NAMED_UNIT ( * ) SI_UNIT ( .MILLI., .METRE. ) );
#9220 = DIRECTION ( 'NONE',  ( -0.000000000000000000, -0.000000000000000000, -1.000000000000000000 ) ) ;
#9221 = APPLICATION_CONTEXT ( 'automotive_design' ) ;
#9222 = DIRECTION ( 'NONE',  ( -1.000000000000000000, -0.000000000000000000, -0.000000000000000000 ) ) ;
#9223 = VERTEX_POINT ( 'NONE', #1277 ) ;
#9224 = VECTOR ( 'NONE', #4657, 1000.000000000000000 ) ;
#9225 = VECTOR ( 'NONE', #8862, 1000.000000000000000 ) ;
#9226 = FACE_OUTER_BOUND ( 'NONE', #1167, .T. ) ;
#9227 = DIRECTION ( 'NONE',  ( 0.000000000000000000, -0.000000000000000000, -1.000000000000000000 ) ) ;
#9228 = SURFACE_STYLE_USAGE ( .BOTH. , #6357 ) ;
#9229 = ORIENTED_EDGE ( 'NONE', *, *, #1291, .F. ) ;
#9230 = PLANE ( 'NONE',  #3866 ) ;
#9231 = PRESENTATION_STYLE_ASSIGNMENT (( #6361 ) ) ;
#9232 = STYLED_ITEM ( 'NONE', ( #1032 ), #7509 ) ;
#9233 = EDGE_LOOP ( 'NONE', ( #6580, #2675, #1854, #9108, #5358 ) ) ;
#9234 = AXIS2_PLACEMENT_3D ( 'NONE', #4, #5063, #2877 ) ;
#9235 = ADVANCED_FACE ( 'NONE', ( #5683 ), #9172, .T. ) ;
#9236 =( NAMED_UNIT ( * ) PLANE_ANGLE_UNIT ( ) SI_UNIT ( $, .RADIAN. ) );
#9237 = DIRECTION ( 'NONE',  ( 0.7071067811865474617, -0.000000000000000000, 0.7071067811865474617 ) ) ;
#9238 = MECHANICAL_DESIGN_GEOMETRIC_PRESENTATION_REPRESENTATION (  '', ( #1118 ), #5018 ) ;
#9239 = LINE ( 'NONE', #2098, #894 ) ;
#9240 = CARTESIAN_POINT ( 'NONE',  ( 5.900000000029099745, -1.149999999989810062, 1.100000000000000089 ) ) ;
#9241 = SURFACE_STYLE_USAGE ( .BOTH. , #7735 ) ;
#9242 = ORIENTED_EDGE ( 'NONE', *, *, #7915, .T. ) ;
#9243 = CARTESIAN_POINT ( 'NONE',  ( 0.2500000000000000000, -0.2000000000000000111, 2.000000000000000000 ) ) ;
#9244 = EDGE_CURVE ( 'NONE', #5122, #7691, #7996, .T. ) ;
#9245 = EDGE_CURVE ( 'NONE', #6593, #3176, #3666, .T. ) ;
#9246 = ORIENTED_EDGE ( 'NONE', *, *, #597, .F. ) ;
#9247 = STYLED_ITEM ( 'NONE', ( #6672 ), #7116 ) ;
#9248 = ORIENTED_EDGE ( 'NONE', *, *, #284, .T. ) ;
#9249 =( NAMED_UNIT ( * ) PLANE_ANGLE_UNIT ( ) SI_UNIT ( $, .RADIAN. ) );
#9250 = DIRECTION ( 'NONE',  ( 0.000000000000000000, 1.000000000000000000, -0.000000000000000000 ) ) ;
#9251 =( GEOMETRIC_REPRESENTATION_CONTEXT ( 3 ) GLOBAL_UNCERTAINTY_ASSIGNED_CONTEXT ( ( #7871 ) ) GLOBAL_UNIT_ASSIGNED_CONTEXT ( ( #1296, #4139, #4238 ) ) REPRESENTATION_CONTEXT ( 'NONE', 'WORKASPACE' ) );
#9252 = VECTOR ( 'NONE', #7576, 1000.000000000000000 ) ;
#9253 = DIRECTION ( 'NONE',  ( -1.000000000000000000, 0.000000000000000000, 0.000000000000000000 ) ) ;
#9254 =( NAMED_UNIT ( * ) SI_UNIT ( $, .STERADIAN. ) SOLID_ANGLE_UNIT ( ) );
#9255 = EDGE_CURVE ( 'NONE', #4214, #5627, #1670, .T. ) ;
#9256 = EDGE_CURVE ( 'NONE', #1216, #4876, #4143, .T. ) ;
#9257 = CIRCLE ( 'NONE', #6403, 0.9221700196400069993 ) ;
#9258 = ORIENTED_EDGE ( 'NONE', *, *, #2130, .T. ) ;
#9259 = AXIS2_PLACEMENT_3D ( 'NONE', #1271, #3528, #9214 ) ;
#9260 = PRESENTATION_STYLE_ASSIGNMENT (( #795 ) ) ;
#9261 = STYLED_ITEM ( 'NONE', ( #7179 ), #8730 ) ;
#9262 = CARTESIAN_POINT ( 'NONE',  ( 5.957735026948062895, 2.257735026898591624, 1.042264973081034052 ) ) ;
#9263 = LINE ( 'NONE', #9064, #1943 ) ;
#9264 = SURFACE_STYLE_FILL_AREA ( #2256 ) ;
#9265 = SURFACE_STYLE_USAGE ( .BOTH. , #1970 ) ;
#9266 = ORIENTED_EDGE ( 'NONE', *, *, #7061, .T. ) ;
#9267 = CARTESIAN_POINT ( 'NONE',  ( -5.800000000029100988, 2.799999999999999822, 5.163708333923992200 ) ) ;
#9268 = COLOUR_RGB ( '',0.8313725490196077761, 0.8313725490196077761, 0.8313725490196077761 ) ;
#9269 = DIRECTION ( 'NONE',  ( -0.5734623443633283246, -0.8192319205190404796, 0.000000000000000000 ) ) ;
#9270 = ORIENTED_EDGE ( 'NONE', *, *, #446, .T. ) ;
#9271 = VECTOR ( 'NONE', #1544, 1000.000000000000000 ) ;
#9272 = SURFACE_STYLE_FILL_AREA ( #4943 ) ;
#9273 = LINE ( 'NONE', #1381, #4165 ) ;
#9274 = PRESENTATION_STYLE_ASSIGNMENT (( #2132 ) ) ;
#9275 = DIRECTION ( 'NONE',  ( 5.163828021512360244E-16, -0.000000000000000000, 1.000000000000000000 ) ) ;
#9276 = ORIENTED_EDGE ( 'NONE', *, *, #3565, .F. ) ;
#9277 = DIRECTION ( 'NONE',  ( 1.000000000000000000, 0.000000000000000000, 0.000000000000000000 ) ) ;
#9278 = UNCERTAINTY_MEASURE_WITH_UNIT (LENGTH_MEASURE( 1.000000000000000082E-05 ), #7228, 'distance_accuracy_value', 'NONE');
#9279 = PRESENTATION_LAYER_ASSIGNMENT (  '', '', ( #6264 ) ) ;
#9280 = CARTESIAN_POINT ( 'NONE',  ( 4.049999999999999822, -1.300690094324699952, 2.250000000000000444 ) ) ;
#9281 = PLANE ( 'NONE',  #5334 ) ;
#9282 = STYLED_ITEM ( 'NONE', ( #256 ), #5614 ) ;
#9283 = CARTESIAN_POINT ( 'NONE',  ( 5.957735026948062007, -2.257735026898591180, 1.042264973081036938 ) ) ;
#9284 = DIRECTION ( 'NONE',  ( -1.000000000000000000, 0.000000000000000000, -0.000000000000000000 ) ) ;
#9285 = PRESENTATION_STYLE_ASSIGNMENT (( #8659 ) ) ;
#9286 =( LENGTH_UNIT ( ) NAMED_UNIT ( * ) SI_UNIT ( .MILLI., .METRE. ) );
#9287 = FACE_OUTER_BOUND ( 'NONE', #4066, .T. ) ;
#9288 = AXIS2_PLACEMENT_3D ( 'NONE', #4563, #7435, #8920 ) ;
#9289 = ORIENTED_EDGE ( 'NONE', *, *, #1774, .T. ) ;
#9290 = LINE ( 'NONE', #2852, #947 ) ;
#9291 = EDGE_CURVE ( 'NONE', #2957, #6726, #8047, .T. ) ;
#9292 = AXIS2_PLACEMENT_3D ( 'NONE', #2563, #2379, #6896 ) ;
#9293 = EDGE_LOOP ( 'NONE', ( #7506, #365, #7173, #9066, #7743, #7091 ) ) ;
#9294 = ORIENTED_EDGE ( 'NONE', *, *, #5792, .F. ) ;
#9295 = COLOUR_RGB ( '',0.7450980392156862919, 0.7372549019607843590, 0.7294117647058823151 ) ;
#9296 = SURFACE_SIDE_STYLE ('',( #7709 ) ) ;
#9297 = UNCERTAINTY_MEASURE_WITH_UNIT (LENGTH_MEASURE( 1.000000000000000082E-05 ), #2262, 'distance_accuracy_value', 'NONE');
#9298 = EDGE_CURVE ( 'NONE', #4515, #5659, #4406, .T. ) ;
#9299 = AXIS2_PLACEMENT_3D ( 'NONE', #3076, #3958, #3168 ) ;
#9300 = CARTESIAN_POINT ( 'NONE',  ( -6.000000000029100278, -2.799999999999999822, 3.250000000000000888 ) ) ;
#9301 = DIRECTION ( 'NONE',  ( 0.000000000000000000, -0.000000000000000000, 1.000000000000000000 ) ) ;
#9302 = COLOUR_RGB ( '',0.7450980392156862919, 0.7372549019607843590, 0.7294117647058823151 ) ;
#9303 = DIRECTION ( 'NONE',  ( 0.000000000000000000, 0.000000000000000000, 1.000000000000000000 ) ) ;
#9304 = COLOUR_RGB ( '',0.8313725490196077761, 0.8313725490196077761, 0.8313725490196077761 ) ;
#9305 = NEXT_ASSEMBLY_USAGE_OCCURRENCE ( 'NAUO1', ' ', ' ', #8246, #1853, $ ) ;
#9306 = NEXT_ASSEMBLY_USAGE_OCCURRENCE ( 'NAUO2', ' ', ' ', #8246, #1187, $ ) ;
#9307 = NEXT_ASSEMBLY_USAGE_OCCURRENCE ( 'NAUO3', ' ', ' ', #8246, #3822, $ ) ;
#9308 = NEXT_ASSEMBLY_USAGE_OCCURRENCE ( 'NAUO4', ' ', ' ', #8246, #4916, $ ) ;
#9309 = NEXT_ASSEMBLY_USAGE_OCCURRENCE ( 'NAUO5', ' ', ' ', #4916, #5197, $ ) ;
#9310 = NEXT_ASSEMBLY_USAGE_OCCURRENCE ( 'NAUO6', ' ', ' ', #4916, #6179, $ ) ;
#9311 = NEXT_ASSEMBLY_USAGE_OCCURRENCE ( 'NAUO7', ' ', ' ', #4916, #5142, $ ) ;
ENDSEC;
END-ISO-10303-21;
